supplier_id,week,sla_compliance_rate,overdue_days,critical_staff_turnover_rate,unresolved_ticket_count,system_availability_rate,complaint_count,negative_sentiment_count,is_simulated,simulation_version
S‑NOR001,1,0.9844,0,0.0423,1,0.9975,0,0,True,LEADING-SIM-V0.1
S‑NOR001,2,0.9864,0,0.0294,0,0.9962,0,0,True,LEADING-SIM-V0.1
S‑NOR001,3,0.9879,0,0.0037,0,0.9964,0,0,True,LEADING-SIM-V0.1
S‑NOR001,4,0.9787,0,0.0521,1,0.9982,0,0,True,LEADING-SIM-V0.1
S‑NOR001,5,0.9838,0,0.0075,0,0.9974,0,0,True,LEADING-SIM-V0.1
S‑NOR001,6,0.9835,0,0.0067,0,0.9974,0,0,True,LEADING-SIM-V0.1
S‑NOR001,7,0.9816,0,0.039,0,0.9952,0,0,True,LEADING-SIM-V0.1
S‑NOR001,8,0.9861,0,0.014,0,0.9977,0,0,True,LEADING-SIM-V0.1
S‑NOR001,9,0.9842,0,0.035,0,0.9948,0,0,True,LEADING-SIM-V0.1
S‑NOR001,10,0.9882,0,0.0222,1,0.9975,0,0,True,LEADING-SIM-V0.1
S‑NOR001,11,0.9917,0,0.013,0,0.9956,0,0,True,LEADING-SIM-V0.1
S‑NOR001,12,0.9846,1,0.0324,0,0.9973,0,0,True,LEADING-SIM-V0.1
S‑NOR001,13,0.9804,0,0.0361,0,0.9972,0,0,True,LEADING-SIM-V0.1
S‑NOR001,14,0.9864,0,0.0256,0,0.998,0,0,True,LEADING-SIM-V0.1
S‑NOR001,15,0.9831,0,0.0021,0,0.9946,0,0,True,LEADING-SIM-V0.1
S‑NOR001,16,0.9828,0,0.0054,0,0.9978,0,0,True,LEADING-SIM-V0.1
S‑NOR001,17,0.9897,0,0.0159,0,0.9973,0,0,True,LEADING-SIM-V0.1
S‑NOR001,18,0.986,0,0.0542,0,0.997,0,0,True,LEADING-SIM-V0.1
S‑NOR001,19,0.9849,0,0.0008,0,0.9963,0,0,True,LEADING-SIM-V0.1
S‑NOR001,20,0.9774,0,0.0334,0,0.996,0,0,True,LEADING-SIM-V0.1
S‑NOR001,21,0.9977,0,0.0078,0,0.9967,0,0,True,LEADING-SIM-V0.1
S‑NOR001,22,0.9855,0,0.0646,0,0.9993,0,0,True,LEADING-SIM-V0.1
S‑NOR001,23,0.9803,1,0.0082,0,0.9974,0,0,True,LEADING-SIM-V0.1
S‑NOR001,24,0.9822,0,0.0982,2,0.9966,0,0,True,LEADING-SIM-V0.1
S‑NOR001,25,0.9819,0,0.0232,0,0.9969,0,0,True,LEADING-SIM-V0.1
S‑NOR001,26,0.9889,0,0.038,0,0.9972,0,0,True,LEADING-SIM-V0.1
S‑NOR001,27,0.9833,0,0.0123,0,0.9975,1,0,True,LEADING-SIM-V0.1
S‑NOR001,28,0.9816,0,0.093,0,0.9965,0,0,True,LEADING-SIM-V0.1
S‑NOR001,29,0.9753,0,0.0768,1,0.9963,0,0,True,LEADING-SIM-V0.1
S‑NOR001,30,0.9772,0,0.0356,2,0.9937,1,0,True,LEADING-SIM-V0.1
S‑NOR001,31,0.9861,0,0.0075,0,0.9961,0,0,True,LEADING-SIM-V0.1
S‑NOR001,32,0.9827,0,0.0223,0,1.0,0,0,True,LEADING-SIM-V0.1
S‑NOR001,33,0.9992,0,0.0163,2,0.994,0,0,True,LEADING-SIM-V0.1
S‑NOR001,34,0.9853,0,0.0523,0,0.9967,0,0,True,LEADING-SIM-V0.1
S‑NOR001,35,0.984,0,0.0428,0,0.997,0,0,True,LEADING-SIM-V0.1
S‑NOR001,36,0.9923,0,0.0717,0,0.9981,0,0,True,LEADING-SIM-V0.1
S‑NOR001,37,0.9939,0,0.0251,1,0.9969,0,0,True,LEADING-SIM-V0.1
S‑NOR001,38,0.9902,0,0.0406,0,0.9985,0,0,True,LEADING-SIM-V0.1
S‑NOR001,39,0.9842,0,0.0517,0,0.9963,0,0,True,LEADING-SIM-V0.1
S‑NOR001,40,0.9666,0,0.0275,0,0.9982,0,0,True,LEADING-SIM-V0.1
S‑NOR001,41,0.9917,1,0.0528,0,0.996,0,0,True,LEADING-SIM-V0.1
S‑NOR001,42,0.9909,1,0.0002,0,0.9949,0,0,True,LEADING-SIM-V0.1
S‑NOR001,43,0.9801,2,0.0163,0,0.9964,0,0,True,LEADING-SIM-V0.1
S‑NOR001,44,0.9837,0,0.029,2,0.9972,0,0,True,LEADING-SIM-V0.1
S‑NOR001,45,0.9873,0,0.105,1,0.9945,0,0,True,LEADING-SIM-V0.1
S‑NOR001,46,0.986,0,0.0097,0,0.9956,1,0,True,LEADING-SIM-V0.1
S‑NOR001,47,0.9908,0,0.0117,0,0.9975,0,0,True,LEADING-SIM-V0.1
S‑NOR001,48,0.9722,0,0.0191,0,0.9958,0,0,True,LEADING-SIM-V0.1
S‑NOR001,49,0.9833,0,0.0133,0,0.9959,0,0,True,LEADING-SIM-V0.1
S‑NOR001,50,0.9901,0,0.0254,0,0.9936,0,0,True,LEADING-SIM-V0.1
S‑NOR001,51,0.9864,0,0.0228,0,0.9953,0,0,True,LEADING-SIM-V0.1
S‑NOR001,52,0.9787,0,0.0065,0,0.9958,0,0,True,LEADING-SIM-V0.1
S‑NOR002,1,0.9834,0,0.0144,0,0.9956,0,0,True,LEADING-SIM-V0.1
S‑NOR002,2,0.9826,0,0.0477,0,0.9962,0,0,True,LEADING-SIM-V0.1
S‑NOR002,3,0.9855,1,0.0042,0,0.9988,0,0,True,LEADING-SIM-V0.1
S‑NOR002,4,0.9828,0,0.0484,1,0.995,0,0,True,LEADING-SIM-V0.1
S‑NOR002,5,0.9772,0,0.0839,0,0.9996,0,0,True,LEADING-SIM-V0.1
S‑NOR002,6,0.9798,0,0.0818,1,0.9996,0,0,True,LEADING-SIM-V0.1
S‑NOR002,7,0.9846,0,0.0166,1,0.998,0,0,True,LEADING-SIM-V0.1
S‑NOR002,8,0.9942,1,0.0084,1,0.9965,0,0,True,LEADING-SIM-V0.1
S‑NOR002,9,0.9943,1,0.0043,0,0.9967,0,0,True,LEADING-SIM-V0.1
S‑NOR002,10,0.9881,0,0.0158,1,0.9931,0,0,True,LEADING-SIM-V0.1
S‑NOR002,11,0.9808,0,0.0036,0,0.9962,0,0,True,LEADING-SIM-V0.1
S‑NOR002,12,0.9841,0,0.0382,0,0.9985,0,0,True,LEADING-SIM-V0.1
S‑NOR002,13,0.99,1,0.0473,0,0.9977,0,0,True,LEADING-SIM-V0.1
S‑NOR002,14,0.9868,1,0.0297,0,0.9975,0,0,True,LEADING-SIM-V0.1
S‑NOR002,15,0.9889,0,0.0727,0,0.9981,0,0,True,LEADING-SIM-V0.1
S‑NOR002,16,0.9891,0,0.0268,0,0.9987,0,0,True,LEADING-SIM-V0.1
S‑NOR002,17,0.9986,0,0.0493,0,0.9953,0,0,True,LEADING-SIM-V0.1
S‑NOR002,18,0.9765,0,0.0169,0,0.9977,0,0,True,LEADING-SIM-V0.1
S‑NOR002,19,0.9933,0,0.068,0,0.9967,0,0,True,LEADING-SIM-V0.1
S‑NOR002,20,0.9823,0,0.0094,1,0.9988,1,0,True,LEADING-SIM-V0.1
S‑NOR002,21,0.9875,0,0.0162,0,0.9975,0,0,True,LEADING-SIM-V0.1
S‑NOR002,22,0.9951,0,0.057,0,0.9992,0,0,True,LEADING-SIM-V0.1
S‑NOR002,23,0.9844,0,0.042,1,0.997,0,0,True,LEADING-SIM-V0.1
S‑NOR002,24,0.9835,0,0.0145,0,0.9985,0,0,True,LEADING-SIM-V0.1
S‑NOR002,25,0.9852,0,0.0145,0,0.9968,0,0,True,LEADING-SIM-V0.1
S‑NOR002,26,0.9876,1,0.1095,0,0.9987,0,0,True,LEADING-SIM-V0.1
S‑NOR002,27,0.9788,0,0.0516,0,0.9963,0,0,True,LEADING-SIM-V0.1
S‑NOR002,28,0.9786,0,0.0372,2,0.9955,0,0,True,LEADING-SIM-V0.1
S‑NOR002,29,0.987,0,0.0337,0,0.9957,0,0,True,LEADING-SIM-V0.1
S‑NOR002,30,0.9833,0,0.1009,1,0.9968,0,0,True,LEADING-SIM-V0.1
S‑NOR002,31,0.9825,0,0.0305,1,0.9976,0,0,True,LEADING-SIM-V0.1
S‑NOR002,32,0.9847,1,0.0689,1,0.9978,0,0,True,LEADING-SIM-V0.1
S‑NOR002,33,0.9924,0,0.0753,0,0.9944,0,0,True,LEADING-SIM-V0.1
S‑NOR002,34,0.9857,0,0.0635,0,0.9958,0,0,True,LEADING-SIM-V0.1
S‑NOR002,35,0.9815,0,0.0014,0,0.9992,0,0,True,LEADING-SIM-V0.1
S‑NOR002,36,0.9855,0,0.0188,0,0.9999,0,0,True,LEADING-SIM-V0.1
S‑NOR002,37,0.9769,0,0.0204,0,0.9968,0,0,True,LEADING-SIM-V0.1
S‑NOR002,38,0.9843,1,0.0858,0,0.9988,0,0,True,LEADING-SIM-V0.1
S‑NOR002,39,0.9867,0,0.0095,0,0.9986,0,0,True,LEADING-SIM-V0.1
S‑NOR002,40,0.9733,0,0.04,0,0.9976,0,0,True,LEADING-SIM-V0.1
S‑NOR002,41,1.0,0,0.0025,0,0.9984,0,0,True,LEADING-SIM-V0.1
S‑NOR002,42,0.9787,0,0.018,0,0.9953,0,0,True,LEADING-SIM-V0.1
S‑NOR002,43,0.9865,0,0.0552,0,0.9954,0,0,True,LEADING-SIM-V0.1
S‑NOR002,44,0.9875,0,0.0716,1,0.9973,0,1,True,LEADING-SIM-V0.1
S‑NOR002,45,0.9843,1,0.0093,0,0.9973,0,0,True,LEADING-SIM-V0.1
S‑NOR002,46,0.9777,1,0.0667,1,0.9942,0,0,True,LEADING-SIM-V0.1
S‑NOR002,47,0.9843,0,0.0319,3,0.9952,0,0,True,LEADING-SIM-V0.1
S‑NOR002,48,0.9835,0,0.0072,0,0.997,0,0,True,LEADING-SIM-V0.1
S‑NOR002,49,0.976,0,0.0042,1,0.999,0,0,True,LEADING-SIM-V0.1
S‑NOR002,50,0.9905,0,0.0081,1,0.9968,0,0,True,LEADING-SIM-V0.1
S‑NOR002,51,0.9794,0,0.0036,0,0.9969,0,0,True,LEADING-SIM-V0.1
S‑NOR002,52,0.9862,0,0.0295,0,0.9967,0,0,True,LEADING-SIM-V0.1
S‑NOR003,1,0.9903,0,0.0016,1,0.9971,0,0,True,LEADING-SIM-V0.1
S‑NOR003,2,0.9737,1,0.1022,0,0.996,0,0,True,LEADING-SIM-V0.1
S‑NOR003,3,0.9853,0,0.0001,0,0.9975,0,0,True,LEADING-SIM-V0.1
S‑NOR003,4,0.9767,0,0.0153,0,0.9947,0,0,True,LEADING-SIM-V0.1
S‑NOR003,5,0.999,0,0.025,0,0.9976,0,0,True,LEADING-SIM-V0.1
S‑NOR003,6,0.9892,0,0.0252,1,0.9975,0,0,True,LEADING-SIM-V0.1
S‑NOR003,7,0.9862,0,0.0083,1,0.999,0,0,True,LEADING-SIM-V0.1
S‑NOR003,8,0.9854,1,0.0125,2,0.9981,0,0,True,LEADING-SIM-V0.1
S‑NOR003,9,0.9843,0,0.0759,1,0.9946,0,0,True,LEADING-SIM-V0.1
S‑NOR003,10,0.9804,0,0.0465,0,0.9978,0,0,True,LEADING-SIM-V0.1
S‑NOR003,11,0.9884,0,0.041,0,0.9983,0,0,True,LEADING-SIM-V0.1
S‑NOR003,12,0.9836,0,0.0597,2,0.9977,0,0,True,LEADING-SIM-V0.1
S‑NOR003,13,0.9929,0,0.0394,1,0.9969,0,1,True,LEADING-SIM-V0.1
S‑NOR003,14,0.9926,0,0.0055,1,0.9984,0,1,True,LEADING-SIM-V0.1
S‑NOR003,15,0.9815,0,0.0187,0,0.999,0,0,True,LEADING-SIM-V0.1
S‑NOR003,16,0.9863,0,0.013,1,0.997,0,0,True,LEADING-SIM-V0.1
S‑NOR003,17,0.9781,0,0.0197,1,0.9954,0,0,True,LEADING-SIM-V0.1
S‑NOR003,18,0.9823,0,0.0026,0,0.9974,0,0,True,LEADING-SIM-V0.1
S‑NOR003,19,0.986,0,0.0352,1,0.9981,0,0,True,LEADING-SIM-V0.1
S‑NOR003,20,0.9816,0,0.0041,0,0.9968,0,0,True,LEADING-SIM-V0.1
S‑NOR003,21,0.9729,0,0.0076,0,0.9985,0,0,True,LEADING-SIM-V0.1
S‑NOR003,22,0.9851,0,0.1147,1,0.9957,0,0,True,LEADING-SIM-V0.1
S‑NOR003,23,0.9828,1,0.0226,0,0.9958,0,0,True,LEADING-SIM-V0.1
S‑NOR003,24,0.9686,0,0.0109,0,0.9984,1,0,True,LEADING-SIM-V0.1
S‑NOR003,25,0.9818,0,0.0392,0,0.9963,0,0,True,LEADING-SIM-V0.1
S‑NOR003,26,0.9842,1,0.0281,0,0.9985,0,0,True,LEADING-SIM-V0.1
S‑NOR003,27,0.995,0,0.1065,0,0.9964,0,0,True,LEADING-SIM-V0.1
S‑NOR003,28,0.9823,0,0.0752,1,0.9969,0,0,True,LEADING-SIM-V0.1
S‑NOR003,29,0.9837,0,0.0059,0,0.9958,0,0,True,LEADING-SIM-V0.1
S‑NOR003,30,0.9849,0,0.0371,0,0.9976,0,0,True,LEADING-SIM-V0.1
S‑NOR003,31,0.9824,0,0.041,0,0.9969,0,0,True,LEADING-SIM-V0.1
S‑NOR003,32,1.0,0,0.0912,0,0.9973,0,0,True,LEADING-SIM-V0.1
S‑NOR003,33,0.9871,1,0.0229,0,1.0,0,0,True,LEADING-SIM-V0.1
S‑NOR003,34,0.9875,0,0.0277,0,0.9965,0,0,True,LEADING-SIM-V0.1
S‑NOR003,35,0.9836,0,0.0264,0,0.9972,0,0,True,LEADING-SIM-V0.1
S‑NOR003,36,0.9898,0,0.014,0,0.9965,0,0,True,LEADING-SIM-V0.1
S‑NOR003,37,0.9681,0,0.0737,0,0.9968,0,0,True,LEADING-SIM-V0.1
S‑NOR003,38,0.9821,0,0.0119,0,0.9972,0,0,True,LEADING-SIM-V0.1
S‑NOR003,39,0.9854,0,0.0109,0,0.9964,0,0,True,LEADING-SIM-V0.1
S‑NOR003,40,0.9902,0,0.0096,2,0.998,0,0,True,LEADING-SIM-V0.1
S‑NOR003,41,0.9907,0,0.0568,0,0.9966,0,0,True,LEADING-SIM-V0.1
S‑NOR003,42,0.9823,0,0.0702,0,0.9959,0,0,True,LEADING-SIM-V0.1
S‑NOR003,43,0.9742,0,0.0062,1,0.998,0,0,True,LEADING-SIM-V0.1
S‑NOR003,44,0.9934,0,0.0909,0,0.9973,0,0,True,LEADING-SIM-V0.1
S‑NOR003,45,0.9783,1,0.01,0,0.996,0,0,True,LEADING-SIM-V0.1
S‑NOR003,46,0.9882,0,0.0096,0,0.9974,0,0,True,LEADING-SIM-V0.1
S‑NOR003,47,0.9931,0,0.0351,0,0.9963,0,0,True,LEADING-SIM-V0.1
S‑NOR003,48,0.9785,0,0.0296,0,0.9944,0,0,True,LEADING-SIM-V0.1
S‑NOR003,49,0.9849,0,0.0767,0,0.9964,0,0,True,LEADING-SIM-V0.1
S‑NOR003,50,0.9953,0,0.0589,0,0.9974,0,0,True,LEADING-SIM-V0.1
S‑NOR003,51,0.9744,0,0.0313,0,0.9979,0,0,True,LEADING-SIM-V0.1
S‑NOR003,52,0.9874,1,0.0353,0,0.997,0,0,True,LEADING-SIM-V0.1
S‑NOR004,1,0.9833,0,0.1203,0,0.9946,0,0,True,LEADING-SIM-V0.1
S‑NOR004,2,0.9803,0,0.0211,0,0.9971,0,0,True,LEADING-SIM-V0.1
S‑NOR004,3,0.9843,0,0.0368,1,0.9947,0,0,True,LEADING-SIM-V0.1
S‑NOR004,4,0.9769,1,0.0046,0,0.9969,0,0,True,LEADING-SIM-V0.1
S‑NOR004,5,0.981,0,0.0245,1,0.9977,0,0,True,LEADING-SIM-V0.1
S‑NOR004,6,0.9763,0,0.0441,1,0.9963,0,0,True,LEADING-SIM-V0.1
S‑NOR004,7,0.9917,0,0.0016,0,0.9971,0,0,True,LEADING-SIM-V0.1
S‑NOR004,8,0.9863,0,0.0144,0,0.9991,0,0,True,LEADING-SIM-V0.1
S‑NOR004,9,0.9852,0,0.0166,0,0.9967,0,0,True,LEADING-SIM-V0.1
S‑NOR004,10,0.9988,0,0.0299,1,0.995,0,0,True,LEADING-SIM-V0.1
S‑NOR004,11,0.9862,0,0.0518,0,0.9969,0,0,True,LEADING-SIM-V0.1
S‑NOR004,12,0.9848,0,0.0036,0,0.9942,0,0,True,LEADING-SIM-V0.1
S‑NOR004,13,0.9833,0,0.0327,0,0.9997,0,0,True,LEADING-SIM-V0.1
S‑NOR004,14,0.9865,0,0.1033,0,0.9988,0,0,True,LEADING-SIM-V0.1
S‑NOR004,15,0.9827,0,0.0081,0,0.9983,0,0,True,LEADING-SIM-V0.1
S‑NOR004,16,0.9905,0,0.0233,0,0.9957,1,0,True,LEADING-SIM-V0.1
S‑NOR004,17,0.9885,0,0.0099,0,0.9984,0,0,True,LEADING-SIM-V0.1
S‑NOR004,18,0.9843,1,0.0095,0,0.995,0,0,True,LEADING-SIM-V0.1
S‑NOR004,19,0.9835,0,0.0108,0,0.9951,0,0,True,LEADING-SIM-V0.1
S‑NOR004,20,0.9915,0,0.0783,0,0.9957,0,0,True,LEADING-SIM-V0.1
S‑NOR004,21,0.988,0,0.0553,0,0.997,0,0,True,LEADING-SIM-V0.1
S‑NOR004,22,0.9878,0,0.017,1,0.9999,0,0,True,LEADING-SIM-V0.1
S‑NOR004,23,0.9734,0,0.072,0,0.998,0,0,True,LEADING-SIM-V0.1
S‑NOR004,24,0.9802,0,0.0137,1,0.9942,0,1,True,LEADING-SIM-V0.1
S‑NOR004,25,0.9829,0,0.0335,0,0.9965,0,0,True,LEADING-SIM-V0.1
S‑NOR004,26,0.9897,0,0.0172,0,0.9972,0,0,True,LEADING-SIM-V0.1
S‑NOR004,27,0.9794,0,0.0112,0,0.9967,0,0,True,LEADING-SIM-V0.1
S‑NOR004,28,0.9786,0,0.0618,0,0.9939,0,0,True,LEADING-SIM-V0.1
S‑NOR004,29,0.9948,0,0.0153,0,0.9955,0,0,True,LEADING-SIM-V0.1
S‑NOR004,30,0.9843,0,0.0247,1,0.9995,0,0,True,LEADING-SIM-V0.1
S‑NOR004,31,0.9856,0,0.0044,0,0.9952,0,0,True,LEADING-SIM-V0.1
S‑NOR004,32,0.9789,0,0.0377,0,0.9954,0,0,True,LEADING-SIM-V0.1
S‑NOR004,33,0.9847,0,0.0373,1,0.9954,0,0,True,LEADING-SIM-V0.1
S‑NOR004,34,0.9921,0,0.0656,0,0.9984,0,0,True,LEADING-SIM-V0.1
S‑NOR004,35,0.9874,0,0.0044,1,0.9976,0,0,True,LEADING-SIM-V0.1
S‑NOR004,36,0.9715,0,0.0306,0,0.9961,0,0,True,LEADING-SIM-V0.1
S‑NOR004,37,0.9846,0,0.045,0,0.9968,0,0,True,LEADING-SIM-V0.1
S‑NOR004,38,0.9905,0,0.0224,0,0.9963,0,0,True,LEADING-SIM-V0.1
S‑NOR004,39,0.9812,1,0.0122,1,0.9985,0,0,True,LEADING-SIM-V0.1
S‑NOR004,40,0.9715,0,0.0024,1,0.9974,0,0,True,LEADING-SIM-V0.1
S‑NOR004,41,0.9835,0,0.0561,0,0.9947,0,0,True,LEADING-SIM-V0.1
S‑NOR004,42,0.983,0,0.0798,1,0.9968,0,0,True,LEADING-SIM-V0.1
S‑NOR004,43,0.9847,0,0.0429,0,0.9949,1,0,True,LEADING-SIM-V0.1
S‑NOR004,44,0.9801,0,0.0348,0,0.9973,0,0,True,LEADING-SIM-V0.1
S‑NOR004,45,0.9791,0,0.001,0,0.9978,0,0,True,LEADING-SIM-V0.1
S‑NOR004,46,0.9905,0,0.0002,0,0.9961,0,0,True,LEADING-SIM-V0.1
S‑NOR004,47,0.9804,0,0.079,0,0.9956,0,0,True,LEADING-SIM-V0.1
S‑NOR004,48,0.9769,0,0.0815,0,0.9959,0,0,True,LEADING-SIM-V0.1
S‑NOR004,49,0.979,0,0.0123,0,0.997,0,0,True,LEADING-SIM-V0.1
S‑NOR004,50,0.9828,0,0.0488,0,0.9932,0,0,True,LEADING-SIM-V0.1
S‑NOR004,51,0.9813,0,0.0292,1,0.9935,0,0,True,LEADING-SIM-V0.1
S‑NOR004,52,0.9836,0,0.0211,1,0.9955,0,0,True,LEADING-SIM-V0.1
S‑NOR005,1,0.9801,0,0.0341,0,0.9966,0,0,True,LEADING-SIM-V0.1
S‑NOR005,2,0.9919,0,0.0339,0,0.9963,0,0,True,LEADING-SIM-V0.1
S‑NOR005,3,0.9934,0,0.0591,0,0.9974,0,0,True,LEADING-SIM-V0.1
S‑NOR005,4,0.9852,0,0.0284,0,0.9972,0,1,True,LEADING-SIM-V0.1
S‑NOR005,5,0.9798,0,0.1192,1,0.9975,0,0,True,LEADING-SIM-V0.1
S‑NOR005,6,0.9878,0,0.0046,0,0.9979,0,0,True,LEADING-SIM-V0.1
S‑NOR005,7,0.9791,0,0.0149,0,1.0,0,0,True,LEADING-SIM-V0.1
S‑NOR005,8,0.99,1,0.15,1,0.9968,0,0,True,LEADING-SIM-V0.1
S‑NOR005,9,0.9877,0,0.0174,1,0.9953,1,0,True,LEADING-SIM-V0.1
S‑NOR005,10,0.9898,0,0.0017,0,0.9979,0,0,True,LEADING-SIM-V0.1
S‑NOR005,11,0.9856,0,0.0901,1,0.9961,0,0,True,LEADING-SIM-V0.1
S‑NOR005,12,0.9895,1,0.0289,2,0.9969,0,0,True,LEADING-SIM-V0.1
S‑NOR005,13,0.9864,0,0.0342,0,0.9975,0,0,True,LEADING-SIM-V0.1
S‑NOR005,14,0.9774,0,0.0285,0,0.999,0,0,True,LEADING-SIM-V0.1
S‑NOR005,15,0.9845,0,0.0155,1,0.9982,0,0,True,LEADING-SIM-V0.1
S‑NOR005,16,0.9929,0,0.0135,0,0.9972,0,0,True,LEADING-SIM-V0.1
S‑NOR005,17,0.9777,0,0.0183,0,0.9981,0,0,True,LEADING-SIM-V0.1
S‑NOR005,18,0.9789,1,0.0141,0,0.9962,0,0,True,LEADING-SIM-V0.1
S‑NOR005,19,0.9939,1,0.0067,1,0.996,0,0,True,LEADING-SIM-V0.1
S‑NOR005,20,0.9897,0,0.0278,0,0.9972,0,0,True,LEADING-SIM-V0.1
S‑NOR005,21,0.9791,0,0.0524,0,0.9985,0,0,True,LEADING-SIM-V0.1
S‑NOR005,22,0.984,1,0.0268,1,0.9984,0,1,True,LEADING-SIM-V0.1
S‑NOR005,23,0.9851,0,0.0115,0,0.9957,0,0,True,LEADING-SIM-V0.1
S‑NOR005,24,0.9808,0,0.0476,0,0.9978,0,0,True,LEADING-SIM-V0.1
S‑NOR005,25,0.9722,0,0.0008,0,0.9994,0,0,True,LEADING-SIM-V0.1
S‑NOR005,26,0.99,0,0.0298,2,0.9963,0,0,True,LEADING-SIM-V0.1
S‑NOR005,27,0.9814,0,0.0574,1,0.9979,0,0,True,LEADING-SIM-V0.1
S‑NOR005,28,0.9779,0,0.0439,0,0.9971,0,0,True,LEADING-SIM-V0.1
S‑NOR005,29,0.9857,0,0.0302,0,0.996,0,0,True,LEADING-SIM-V0.1
S‑NOR005,30,0.9809,0,0.0313,0,0.996,0,0,True,LEADING-SIM-V0.1
S‑NOR005,31,0.9832,0,0.0015,1,0.9979,0,1,True,LEADING-SIM-V0.1
S‑NOR005,32,0.9942,0,0.0307,0,0.9966,0,0,True,LEADING-SIM-V0.1
S‑NOR005,33,0.9942,0,0.0226,0,0.995,0,0,True,LEADING-SIM-V0.1
S‑NOR005,34,0.9908,0,0.0184,1,0.9957,0,0,True,LEADING-SIM-V0.1
S‑NOR005,35,0.988,0,0.0241,0,0.9947,0,0,True,LEADING-SIM-V0.1
S‑NOR005,36,0.9901,0,0.0514,0,0.998,0,0,True,LEADING-SIM-V0.1
S‑NOR005,37,0.9884,0,0.032,1,0.9977,0,0,True,LEADING-SIM-V0.1
S‑NOR005,38,0.9938,0,0.0233,0,0.9967,0,0,True,LEADING-SIM-V0.1
S‑NOR005,39,0.9864,0,0.0207,2,0.9974,0,0,True,LEADING-SIM-V0.1
S‑NOR005,40,0.9852,1,0.1436,2,0.9978,0,0,True,LEADING-SIM-V0.1
S‑NOR005,41,0.9855,0,0.0383,0,0.9953,0,0,True,LEADING-SIM-V0.1
S‑NOR005,42,0.9793,1,0.0012,0,0.9977,0,0,True,LEADING-SIM-V0.1
S‑NOR005,43,0.9844,0,0.0306,0,0.9941,1,1,True,LEADING-SIM-V0.1
S‑NOR005,44,0.9747,0,0.0328,0,0.9952,0,0,True,LEADING-SIM-V0.1
S‑NOR005,45,0.9777,0,0.0005,0,0.9964,0,0,True,LEADING-SIM-V0.1
S‑NOR005,46,0.9823,0,0.0325,0,0.9986,0,0,True,LEADING-SIM-V0.1
S‑NOR005,47,0.9851,0,0.0078,1,0.9962,0,0,True,LEADING-SIM-V0.1
S‑NOR005,48,0.9854,0,0.0115,2,0.9984,0,0,True,LEADING-SIM-V0.1
S‑NOR005,49,0.9937,0,0.0268,0,0.9973,0,0,True,LEADING-SIM-V0.1
S‑NOR005,50,0.9933,1,0.15,0,0.9983,0,0,True,LEADING-SIM-V0.1
S‑NOR005,51,0.9784,0,0.0563,0,0.9994,0,0,True,LEADING-SIM-V0.1
S‑NOR005,52,0.9869,0,0.0395,0,0.9971,0,0,True,LEADING-SIM-V0.1
S‑NOR006,1,0.9942,0,0.035,0,0.9974,0,0,True,LEADING-SIM-V0.1
S‑NOR006,2,0.9774,0,0.02,0,0.9974,0,0,True,LEADING-SIM-V0.1
S‑NOR006,3,0.9952,0,0.0162,2,0.9983,0,0,True,LEADING-SIM-V0.1
S‑NOR006,4,0.9839,0,0.0266,0,0.998,0,0,True,LEADING-SIM-V0.1
S‑NOR006,5,0.9957,0,0.0293,0,0.9961,0,0,True,LEADING-SIM-V0.1
S‑NOR006,6,0.9826,0,0.0146,2,0.9975,0,0,True,LEADING-SIM-V0.1
S‑NOR006,7,0.9869,0,0.0097,0,0.999,0,0,True,LEADING-SIM-V0.1
S‑NOR006,8,0.9765,0,0.0228,0,1.0,0,0,True,LEADING-SIM-V0.1
S‑NOR006,9,0.9951,0,0.0187,0,0.997,0,0,True,LEADING-SIM-V0.1
S‑NOR006,10,0.988,0,0.0776,1,0.9954,0,0,True,LEADING-SIM-V0.1
S‑NOR006,11,0.9859,0,0.0168,0,0.9971,0,0,True,LEADING-SIM-V0.1
S‑NOR006,12,0.9847,1,0.1318,0,0.9974,0,0,True,LEADING-SIM-V0.1
S‑NOR006,13,0.9771,0,0.0038,0,0.9971,0,0,True,LEADING-SIM-V0.1
S‑NOR006,14,0.9754,0,0.0173,0,0.9975,0,0,True,LEADING-SIM-V0.1
S‑NOR006,15,0.9778,0,0.1058,0,0.9953,0,0,True,LEADING-SIM-V0.1
S‑NOR006,16,0.9994,0,0.0187,1,0.9939,0,0,True,LEADING-SIM-V0.1
S‑NOR006,17,0.9899,0,0.0166,0,0.9969,0,1,True,LEADING-SIM-V0.1
S‑NOR006,18,0.995,0,0.0041,2,0.9969,0,0,True,LEADING-SIM-V0.1
S‑NOR006,19,0.9909,0,0.0184,0,0.9942,0,0,True,LEADING-SIM-V0.1
S‑NOR006,20,0.9918,0,0.0116,0,0.9988,0,0,True,LEADING-SIM-V0.1
S‑NOR006,21,0.985,0,0.0141,0,0.9973,0,0,True,LEADING-SIM-V0.1
S‑NOR006,22,0.9858,0,0.0655,0,0.9975,0,0,True,LEADING-SIM-V0.1
S‑NOR006,23,0.9855,1,0.0016,0,0.9982,0,0,True,LEADING-SIM-V0.1
S‑NOR006,24,0.9905,0,0.0043,2,0.9949,0,0,True,LEADING-SIM-V0.1
S‑NOR006,25,0.9867,0,0.003,1,0.9977,0,0,True,LEADING-SIM-V0.1
S‑NOR006,26,0.9894,0,0.031,0,0.9993,0,0,True,LEADING-SIM-V0.1
S‑NOR006,27,0.9897,0,0.0308,0,0.9946,0,0,True,LEADING-SIM-V0.1
S‑NOR006,28,0.9839,0,0.0036,0,0.999,0,0,True,LEADING-SIM-V0.1
S‑NOR006,29,0.9843,0,0.0216,0,0.9961,0,0,True,LEADING-SIM-V0.1
S‑NOR006,30,0.9816,0,0.0418,0,0.9979,0,0,True,LEADING-SIM-V0.1
S‑NOR006,31,0.9907,0,0.0099,2,0.9962,1,0,True,LEADING-SIM-V0.1
S‑NOR006,32,0.9832,1,0.022,0,0.9978,0,0,True,LEADING-SIM-V0.1
S‑NOR006,33,0.9835,0,0.0484,1,0.9958,0,0,True,LEADING-SIM-V0.1
S‑NOR006,34,0.9824,0,0.0514,0,0.9985,0,0,True,LEADING-SIM-V0.1
S‑NOR006,35,0.9828,0,0.0373,0,0.9966,0,0,True,LEADING-SIM-V0.1
S‑NOR006,36,0.9835,0,0.0131,0,0.9954,0,0,True,LEADING-SIM-V0.1
S‑NOR006,37,0.9845,0,0.0985,0,0.9968,0,0,True,LEADING-SIM-V0.1
S‑NOR006,38,0.9776,0,0.0443,0,0.9965,0,0,True,LEADING-SIM-V0.1
S‑NOR006,39,0.9786,0,0.1247,0,0.9962,0,0,True,LEADING-SIM-V0.1
S‑NOR006,40,0.993,0,0.056,1,0.9967,0,0,True,LEADING-SIM-V0.1
S‑NOR006,41,0.979,0,0.0099,0,0.9958,0,0,True,LEADING-SIM-V0.1
S‑NOR006,42,0.9801,0,0.0511,0,0.9974,0,0,True,LEADING-SIM-V0.1
S‑NOR006,43,0.9846,0,0.0676,1,0.9963,0,0,True,LEADING-SIM-V0.1
S‑NOR006,44,0.9789,0,0.0348,0,1.0,0,0,True,LEADING-SIM-V0.1
S‑NOR006,45,0.9911,0,0.0166,0,0.996,0,0,True,LEADING-SIM-V0.1
S‑NOR006,46,0.9954,0,0.0067,0,0.9963,0,0,True,LEADING-SIM-V0.1
S‑NOR006,47,0.9764,0,0.0126,0,0.9978,0,0,True,LEADING-SIM-V0.1
S‑NOR006,48,0.9725,0,0.014,0,0.9964,0,0,True,LEADING-SIM-V0.1
S‑NOR006,49,0.9937,0,0.0051,1,0.9959,0,0,True,LEADING-SIM-V0.1
S‑NOR006,50,0.9887,0,0.0422,1,0.9988,0,0,True,LEADING-SIM-V0.1
S‑NOR006,51,0.9839,0,0.0216,1,0.998,0,0,True,LEADING-SIM-V0.1
S‑NOR006,52,0.9837,0,0.0518,0,0.9977,1,0,True,LEADING-SIM-V0.1
S‑NOR007,1,0.9861,0,0.0131,0,0.9966,0,0,True,LEADING-SIM-V0.1
S‑NOR007,2,0.9859,0,0.0027,0,0.9973,0,0,True,LEADING-SIM-V0.1
S‑NOR007,3,0.9888,0,0.011,0,0.9965,0,0,True,LEADING-SIM-V0.1
S‑NOR007,4,0.9709,0,0.0219,0,0.9951,0,0,True,LEADING-SIM-V0.1
S‑NOR007,5,0.9818,0,0.0721,0,0.9989,0,0,True,LEADING-SIM-V0.1
S‑NOR007,6,0.9815,0,0.0397,0,0.9967,0,0,True,LEADING-SIM-V0.1
S‑NOR007,7,0.9903,0,0.0014,0,1.0,0,1,True,LEADING-SIM-V0.1
S‑NOR007,8,0.9794,0,0.003,0,0.9968,0,0,True,LEADING-SIM-V0.1
S‑NOR007,9,0.9809,0,0.0157,0,0.9965,0,0,True,LEADING-SIM-V0.1
S‑NOR007,10,0.9705,0,0.0187,0,0.9956,0,0,True,LEADING-SIM-V0.1
S‑NOR007,11,0.9882,0,0.0779,1,0.9969,0,0,True,LEADING-SIM-V0.1
S‑NOR007,12,0.9801,1,0.0062,0,0.9966,0,0,True,LEADING-SIM-V0.1
S‑NOR007,13,0.9827,0,0.0023,0,0.9968,0,0,True,LEADING-SIM-V0.1
S‑NOR007,14,0.9842,1,0.0103,1,0.9989,0,0,True,LEADING-SIM-V0.1
S‑NOR007,15,0.9816,0,0.0117,0,0.9977,0,0,True,LEADING-SIM-V0.1
S‑NOR007,16,0.9736,0,0.0342,0,0.9966,0,0,True,LEADING-SIM-V0.1
S‑NOR007,17,0.9878,0,0.0161,1,0.9982,0,0,True,LEADING-SIM-V0.1
S‑NOR007,18,0.9827,0,0.0261,1,0.9993,0,0,True,LEADING-SIM-V0.1
S‑NOR007,19,0.9946,0,0.0498,1,0.9974,0,0,True,LEADING-SIM-V0.1
S‑NOR007,20,0.986,0,0.0602,1,0.9975,0,0,True,LEADING-SIM-V0.1
S‑NOR007,21,0.9888,0,0.0311,0,1.0,0,0,True,LEADING-SIM-V0.1
S‑NOR007,22,0.9816,0,0.0629,1,0.9952,1,0,True,LEADING-SIM-V0.1
S‑NOR007,23,0.995,0,0.0153,0,0.9963,0,0,True,LEADING-SIM-V0.1
S‑NOR007,24,0.9916,0,0.0406,1,0.9968,0,0,True,LEADING-SIM-V0.1
S‑NOR007,25,0.981,0,0.0257,1,0.9938,0,0,True,LEADING-SIM-V0.1
S‑NOR007,26,0.9825,0,0.0221,1,0.9968,0,0,True,LEADING-SIM-V0.1
S‑NOR007,27,0.9922,0,0.0123,0,0.996,0,0,True,LEADING-SIM-V0.1
S‑NOR007,28,0.9723,0,0.0092,0,0.9981,0,0,True,LEADING-SIM-V0.1
S‑NOR007,29,0.9847,0,0.0448,1,0.9954,0,0,True,LEADING-SIM-V0.1
S‑NOR007,30,0.9897,0,0.0172,1,0.9954,0,0,True,LEADING-SIM-V0.1
S‑NOR007,31,0.9909,0,0.023,0,0.998,0,0,True,LEADING-SIM-V0.1
S‑NOR007,32,0.9876,0,0.0335,0,0.9984,0,0,True,LEADING-SIM-V0.1
S‑NOR007,33,0.9892,0,0.0084,0,0.998,0,0,True,LEADING-SIM-V0.1
S‑NOR007,34,0.9804,0,0.0425,0,0.9973,0,0,True,LEADING-SIM-V0.1
S‑NOR007,35,0.9947,1,0.0298,1,0.9982,0,0,True,LEADING-SIM-V0.1
S‑NOR007,36,0.9897,0,0.0279,0,0.997,0,0,True,LEADING-SIM-V0.1
S‑NOR007,37,0.987,0,0.009,0,0.998,0,0,True,LEADING-SIM-V0.1
S‑NOR007,38,0.9812,0,0.0602,0,0.9979,0,0,True,LEADING-SIM-V0.1
S‑NOR007,39,0.9881,0,0.0031,0,0.9987,0,0,True,LEADING-SIM-V0.1
S‑NOR007,40,0.9831,0,0.0064,0,0.9966,0,0,True,LEADING-SIM-V0.1
S‑NOR007,41,0.9838,0,0.0807,0,0.9969,0,0,True,LEADING-SIM-V0.1
S‑NOR007,42,0.983,0,0.025,0,0.999,0,0,True,LEADING-SIM-V0.1
S‑NOR007,43,0.9917,0,0.0568,1,0.9981,0,1,True,LEADING-SIM-V0.1
S‑NOR007,44,0.9839,0,0.0512,0,0.9966,0,0,True,LEADING-SIM-V0.1
S‑NOR007,45,0.9798,1,0.0555,1,0.9963,1,0,True,LEADING-SIM-V0.1
S‑NOR007,46,0.9815,0,0.036,0,0.9993,0,0,True,LEADING-SIM-V0.1
S‑NOR007,47,0.9863,0,0.0152,0,0.9958,0,0,True,LEADING-SIM-V0.1
S‑NOR007,48,0.9884,1,0.0679,0,0.9974,0,0,True,LEADING-SIM-V0.1
S‑NOR007,49,0.9682,0,0.0236,0,0.9975,0,0,True,LEADING-SIM-V0.1
S‑NOR007,50,0.972,0,0.1171,1,0.9949,0,0,True,LEADING-SIM-V0.1
S‑NOR007,51,0.9836,0,0.0639,2,0.9955,0,0,True,LEADING-SIM-V0.1
S‑NOR007,52,0.984,0,0.001,1,0.994,0,0,True,LEADING-SIM-V0.1
S‑NOR008,1,0.9841,0,0.0543,0,0.9994,0,0,True,LEADING-SIM-V0.1
S‑NOR008,2,0.9847,1,0.0068,0,0.9957,0,0,True,LEADING-SIM-V0.1
S‑NOR008,3,0.9827,0,0.0218,0,0.9979,0,0,True,LEADING-SIM-V0.1
S‑NOR008,4,0.9813,0,0.0233,0,0.997,0,0,True,LEADING-SIM-V0.1
S‑NOR008,5,0.9933,0,0.0026,0,0.9952,0,0,True,LEADING-SIM-V0.1
S‑NOR008,6,0.9793,0,0.0109,1,0.9985,0,0,True,LEADING-SIM-V0.1
S‑NOR008,7,0.9914,0,0.0451,2,0.9971,0,0,True,LEADING-SIM-V0.1
S‑NOR008,8,0.9887,0,0.082,0,0.9953,0,0,True,LEADING-SIM-V0.1
S‑NOR008,9,0.9809,0,0.0315,0,0.9955,0,0,True,LEADING-SIM-V0.1
S‑NOR008,10,0.9858,0,0.0068,1,0.9952,0,0,True,LEADING-SIM-V0.1
S‑NOR008,11,0.9796,0,0.0054,0,0.9961,0,0,True,LEADING-SIM-V0.1
S‑NOR008,12,0.9758,0,0.0373,1,0.9951,0,0,True,LEADING-SIM-V0.1
S‑NOR008,13,0.9815,0,0.0078,0,0.9983,0,0,True,LEADING-SIM-V0.1
S‑NOR008,14,0.9916,0,0.0028,0,0.995,0,0,True,LEADING-SIM-V0.1
S‑NOR008,15,0.9839,0,0.0236,0,0.9983,0,0,True,LEADING-SIM-V0.1
S‑NOR008,16,0.9988,0,0.0043,0,0.9966,1,0,True,LEADING-SIM-V0.1
S‑NOR008,17,0.9823,0,0.0304,0,0.9975,0,0,True,LEADING-SIM-V0.1
S‑NOR008,18,0.9824,0,0.0104,0,0.9975,0,0,True,LEADING-SIM-V0.1
S‑NOR008,19,0.9865,0,0.003,0,0.9976,0,0,True,LEADING-SIM-V0.1
S‑NOR008,20,0.9843,0,0.0264,0,0.999,0,0,True,LEADING-SIM-V0.1
S‑NOR008,21,0.9762,0,0.0033,1,0.9984,0,0,True,LEADING-SIM-V0.1
S‑NOR008,22,0.9886,0,0.0248,1,0.9962,0,0,True,LEADING-SIM-V0.1
S‑NOR008,23,0.9778,0,0.0502,0,0.9969,0,0,True,LEADING-SIM-V0.1
S‑NOR008,24,0.9727,0,0.0291,0,0.9981,0,0,True,LEADING-SIM-V0.1
S‑NOR008,25,0.9851,0,0.0909,1,0.9952,0,0,True,LEADING-SIM-V0.1
S‑NOR008,26,0.9828,0,0.0045,1,0.9936,0,0,True,LEADING-SIM-V0.1
S‑NOR008,27,0.9833,0,0.0733,1,0.9979,0,0,True,LEADING-SIM-V0.1
S‑NOR008,28,0.9931,0,0.0154,1,0.9966,0,0,True,LEADING-SIM-V0.1
S‑NOR008,29,0.9822,0,0.0156,1,0.9956,0,0,True,LEADING-SIM-V0.1
S‑NOR008,30,0.9785,1,0.0248,0,0.9985,0,0,True,LEADING-SIM-V0.1
S‑NOR008,31,0.9785,0,0.0975,0,0.9974,0,0,True,LEADING-SIM-V0.1
S‑NOR008,32,0.9784,0,0.042,2,0.9956,0,0,True,LEADING-SIM-V0.1
S‑NOR008,33,0.9818,0,0.0344,0,0.9955,0,0,True,LEADING-SIM-V0.1
S‑NOR008,34,0.9881,0,0.0493,0,0.9972,0,0,True,LEADING-SIM-V0.1
S‑NOR008,35,0.985,0,0.0225,1,0.9954,0,0,True,LEADING-SIM-V0.1
S‑NOR008,36,0.9894,0,0.0175,1,0.996,0,0,True,LEADING-SIM-V0.1
S‑NOR008,37,0.9943,0,0.007,1,0.9971,0,0,True,LEADING-SIM-V0.1
S‑NOR008,38,0.9872,0,0.0256,0,0.9966,0,0,True,LEADING-SIM-V0.1
S‑NOR008,39,0.981,0,0.0067,0,0.9962,0,0,True,LEADING-SIM-V0.1
S‑NOR008,40,0.9804,0,0.0303,0,0.9969,0,0,True,LEADING-SIM-V0.1
S‑NOR008,41,0.9837,0,0.0226,1,0.9963,0,0,True,LEADING-SIM-V0.1
S‑NOR008,42,0.9806,0,0.0157,1,0.9971,0,0,True,LEADING-SIM-V0.1
S‑NOR008,43,0.9886,0,0.0238,0,0.9992,0,0,True,LEADING-SIM-V0.1
S‑NOR008,44,0.9844,0,0.0504,0,0.9994,0,0,True,LEADING-SIM-V0.1
S‑NOR008,45,0.9884,0,0.0375,1,0.9952,0,0,True,LEADING-SIM-V0.1
S‑NOR008,46,0.9917,0,0.0446,0,0.9951,0,0,True,LEADING-SIM-V0.1
S‑NOR008,47,0.9908,0,0.0422,0,0.996,0,0,True,LEADING-SIM-V0.1
S‑NOR008,48,0.9849,0,0.0405,0,0.997,0,0,True,LEADING-SIM-V0.1
S‑NOR008,49,0.9874,0,0.0498,0,0.9955,0,0,True,LEADING-SIM-V0.1
S‑NOR008,50,0.9948,1,0.0798,0,0.9976,0,0,True,LEADING-SIM-V0.1
S‑NOR008,51,0.9858,0,0.0364,0,0.9956,0,1,True,LEADING-SIM-V0.1
S‑NOR008,52,0.9815,0,0.0675,0,0.999,1,0,True,LEADING-SIM-V0.1
S‑NOR009,1,0.9961,0,0.0444,1,0.9982,0,0,True,LEADING-SIM-V0.1
S‑NOR009,2,0.9879,0,0.06,1,0.9989,0,0,True,LEADING-SIM-V0.1
S‑NOR009,3,0.9849,1,0.0308,0,0.9962,0,0,True,LEADING-SIM-V0.1
S‑NOR009,4,0.988,1,0.0009,0,0.9958,0,0,True,LEADING-SIM-V0.1
S‑NOR009,5,0.9842,0,0.0092,0,0.9968,0,0,True,LEADING-SIM-V0.1
S‑NOR009,6,0.9908,0,0.0193,0,0.9985,0,0,True,LEADING-SIM-V0.1
S‑NOR009,7,0.9812,0,0.0364,1,0.9977,0,0,True,LEADING-SIM-V0.1
S‑NOR009,8,0.9892,0,0.0914,0,0.9974,0,0,True,LEADING-SIM-V0.1
S‑NOR009,9,0.9751,1,0.0319,0,0.9972,0,0,True,LEADING-SIM-V0.1
S‑NOR009,10,0.9825,0,0.0294,0,0.9954,0,0,True,LEADING-SIM-V0.1
S‑NOR009,11,0.984,0,0.0084,0,0.9942,0,0,True,LEADING-SIM-V0.1
S‑NOR009,12,0.9832,0,0.0101,1,0.996,0,0,True,LEADING-SIM-V0.1
S‑NOR009,13,0.9847,0,0.0289,0,0.9951,0,0,True,LEADING-SIM-V0.1
S‑NOR009,14,0.9949,0,0.0264,2,0.9946,0,0,True,LEADING-SIM-V0.1
S‑NOR009,15,0.9796,0,0.0461,0,0.9956,0,0,True,LEADING-SIM-V0.1
S‑NOR009,16,0.9844,0,0.0223,0,0.9959,0,0,True,LEADING-SIM-V0.1
S‑NOR009,17,0.9922,0,0.0091,0,0.9976,0,0,True,LEADING-SIM-V0.1
S‑NOR009,18,0.9933,1,0.0161,0,0.9942,0,0,True,LEADING-SIM-V0.1
S‑NOR009,19,0.9797,0,0.0028,0,0.9969,0,0,True,LEADING-SIM-V0.1
S‑NOR009,20,0.9893,0,0.0848,1,0.9987,0,0,True,LEADING-SIM-V0.1
S‑NOR009,21,0.9863,0,0.0328,0,0.9948,0,0,True,LEADING-SIM-V0.1
S‑NOR009,22,0.9815,0,0.15,1,0.9954,0,0,True,LEADING-SIM-V0.1
S‑NOR009,23,0.9816,1,0.0344,0,0.9983,0,0,True,LEADING-SIM-V0.1
S‑NOR009,24,0.9924,0,0.0054,0,0.9952,0,0,True,LEADING-SIM-V0.1
S‑NOR009,25,0.9793,0,0.0402,0,0.9983,0,1,True,LEADING-SIM-V0.1
S‑NOR009,26,0.987,0,0.0032,1,0.9978,0,0,True,LEADING-SIM-V0.1
S‑NOR009,27,0.9868,1,0.0167,1,0.9971,0,0,True,LEADING-SIM-V0.1
S‑NOR009,28,0.9782,0,0.0147,0,0.9976,0,0,True,LEADING-SIM-V0.1
S‑NOR009,29,1.0,0,0.0294,0,0.996,0,0,True,LEADING-SIM-V0.1
S‑NOR009,30,0.9922,0,0.0899,0,0.9973,0,0,True,LEADING-SIM-V0.1
S‑NOR009,31,0.9814,0,0.0273,0,0.9985,0,0,True,LEADING-SIM-V0.1
S‑NOR009,32,0.9921,0,0.0828,1,0.995,0,0,True,LEADING-SIM-V0.1
S‑NOR009,33,0.9854,0,0.0249,0,0.9953,0,0,True,LEADING-SIM-V0.1
S‑NOR009,34,0.9858,0,0.041,0,0.9934,0,0,True,LEADING-SIM-V0.1
S‑NOR009,35,0.9906,0,0.0461,0,0.9975,0,0,True,LEADING-SIM-V0.1
S‑NOR009,36,0.9866,0,0.0236,0,0.9999,1,0,True,LEADING-SIM-V0.1
S‑NOR009,37,0.988,0,0.03,0,0.9949,0,0,True,LEADING-SIM-V0.1
S‑NOR009,38,0.9827,0,0.15,0,0.9969,0,0,True,LEADING-SIM-V0.1
S‑NOR009,39,0.9785,0,0.0895,0,0.9956,0,0,True,LEADING-SIM-V0.1
S‑NOR009,40,0.9911,0,0.017,2,0.9957,1,0,True,LEADING-SIM-V0.1
S‑NOR009,41,0.9863,0,0.0632,0,0.9945,0,0,True,LEADING-SIM-V0.1
S‑NOR009,42,0.9816,0,0.0192,0,0.9981,0,0,True,LEADING-SIM-V0.1
S‑NOR009,43,0.9896,0,0.0265,0,0.9951,0,0,True,LEADING-SIM-V0.1
S‑NOR009,44,0.9797,0,0.008,0,0.9986,0,0,True,LEADING-SIM-V0.1
S‑NOR009,45,0.976,0,0.0002,0,0.9957,0,0,True,LEADING-SIM-V0.1
S‑NOR009,46,0.9909,0,0.0024,1,0.9959,0,0,True,LEADING-SIM-V0.1
S‑NOR009,47,0.9775,0,0.0294,0,1.0,0,0,True,LEADING-SIM-V0.1
S‑NOR009,48,1.0,0,0.0313,0,0.9935,0,0,True,LEADING-SIM-V0.1
S‑NOR009,49,0.9851,0,0.0033,0,0.999,0,0,True,LEADING-SIM-V0.1
S‑NOR009,50,0.9785,0,0.0298,0,0.9993,0,0,True,LEADING-SIM-V0.1
S‑NOR009,51,0.9927,1,0.0046,0,0.9954,0,0,True,LEADING-SIM-V0.1
S‑NOR009,52,0.9728,1,0.0539,1,0.9973,0,0,True,LEADING-SIM-V0.1
S‑NOR010,1,0.9846,0,0.0115,0,0.9974,0,0,True,LEADING-SIM-V0.1
S‑NOR010,2,0.9777,1,0.0132,0,0.9961,0,0,True,LEADING-SIM-V0.1
S‑NOR010,3,0.9848,0,0.0099,0,0.9974,0,0,True,LEADING-SIM-V0.1
S‑NOR010,4,0.9872,1,0.0508,1,0.9969,0,0,True,LEADING-SIM-V0.1
S‑NOR010,5,0.98,0,0.0014,1,0.9961,0,0,True,LEADING-SIM-V0.1
S‑NOR010,6,0.9873,0,0.0527,1,0.9961,0,0,True,LEADING-SIM-V0.1
S‑NOR010,7,0.9926,0,0.0128,1,0.9957,0,0,True,LEADING-SIM-V0.1
S‑NOR010,8,0.9812,0,0.0032,0,0.9955,0,0,True,LEADING-SIM-V0.1
S‑NOR010,9,0.9755,0,0.0132,0,0.9968,0,0,True,LEADING-SIM-V0.1
S‑NOR010,10,0.9861,0,0.1157,1,0.9949,0,0,True,LEADING-SIM-V0.1
S‑NOR010,11,0.9868,0,0.0138,1,0.9956,0,0,True,LEADING-SIM-V0.1
S‑NOR010,12,0.9856,0,0.0516,0,0.9936,0,0,True,LEADING-SIM-V0.1
S‑NOR010,13,0.9818,1,0.0803,1,0.9994,1,0,True,LEADING-SIM-V0.1
S‑NOR010,14,0.9776,0,0.0579,0,0.9952,0,0,True,LEADING-SIM-V0.1
S‑NOR010,15,0.9819,0,0.0366,0,0.9956,0,0,True,LEADING-SIM-V0.1
S‑NOR010,16,0.9867,0,0.0597,0,0.9958,0,0,True,LEADING-SIM-V0.1
S‑NOR010,17,0.986,0,0.0017,0,0.9968,0,0,True,LEADING-SIM-V0.1
S‑NOR010,18,0.9901,0,0.0083,0,0.9978,0,0,True,LEADING-SIM-V0.1
S‑NOR010,19,0.9865,0,0.0344,3,0.9947,0,0,True,LEADING-SIM-V0.1
S‑NOR010,20,0.9819,0,0.0117,1,0.9963,0,0,True,LEADING-SIM-V0.1
S‑NOR010,21,0.9965,0,0.0208,0,0.9982,0,0,True,LEADING-SIM-V0.1
S‑NOR010,22,0.9843,0,0.0481,0,0.9953,0,0,True,LEADING-SIM-V0.1
S‑NOR010,23,0.9752,0,0.0765,1,0.9971,0,0,True,LEADING-SIM-V0.1
S‑NOR010,24,0.9935,0,0.0604,0,0.9967,0,0,True,LEADING-SIM-V0.1
S‑NOR010,25,0.9865,0,0.0278,1,0.9976,0,0,True,LEADING-SIM-V0.1
S‑NOR010,26,0.9897,0,0.0271,1,0.9956,0,0,True,LEADING-SIM-V0.1
S‑NOR010,27,0.9838,0,0.0023,0,0.9973,0,0,True,LEADING-SIM-V0.1
S‑NOR010,28,1.0,0,0.0242,1,0.9962,0,0,True,LEADING-SIM-V0.1
S‑NOR010,29,0.9803,1,0.0135,0,0.9968,0,0,True,LEADING-SIM-V0.1
S‑NOR010,30,0.9782,1,0.0221,1,0.9969,0,0,True,LEADING-SIM-V0.1
S‑NOR010,31,0.9819,1,0.0857,1,0.9962,0,0,True,LEADING-SIM-V0.1
S‑NOR010,32,0.9898,0,0.0319,0,0.9988,0,0,True,LEADING-SIM-V0.1
S‑NOR010,33,0.9886,0,0.0234,1,0.9955,0,0,True,LEADING-SIM-V0.1
S‑NOR010,34,0.9808,0,0.1069,1,0.9956,0,0,True,LEADING-SIM-V0.1
S‑NOR010,35,0.9934,0,0.0012,0,0.9976,0,0,True,LEADING-SIM-V0.1
S‑NOR010,36,0.9914,0,0.0665,0,0.9999,0,0,True,LEADING-SIM-V0.1
S‑NOR010,37,0.9793,0,0.0039,1,0.9973,0,0,True,LEADING-SIM-V0.1
S‑NOR010,38,0.9923,0,0.0098,1,0.9971,0,0,True,LEADING-SIM-V0.1
S‑NOR010,39,0.9765,1,0.03,1,0.9988,0,0,True,LEADING-SIM-V0.1
S‑NOR010,40,0.981,1,0.0551,1,0.9943,0,0,True,LEADING-SIM-V0.1
S‑NOR010,41,0.989,1,0.0711,0,0.9974,0,0,True,LEADING-SIM-V0.1
S‑NOR010,42,0.9832,0,0.0052,0,0.9964,0,0,True,LEADING-SIM-V0.1
S‑NOR010,43,0.9857,0,0.0118,0,0.9972,0,0,True,LEADING-SIM-V0.1
S‑NOR010,44,0.9786,0,0.0468,0,1.0,0,0,True,LEADING-SIM-V0.1
S‑NOR010,45,0.988,1,0.0326,0,0.9995,0,0,True,LEADING-SIM-V0.1
S‑NOR010,46,0.9887,1,0.013,0,0.9938,0,0,True,LEADING-SIM-V0.1
S‑NOR010,47,0.9918,0,0.0272,0,0.9975,0,0,True,LEADING-SIM-V0.1
S‑NOR010,48,0.9861,0,0.0313,0,0.997,0,0,True,LEADING-SIM-V0.1
S‑NOR010,49,0.987,0,0.0214,0,0.9985,0,0,True,LEADING-SIM-V0.1
S‑NOR010,50,0.9843,0,0.014,0,0.9966,0,0,True,LEADING-SIM-V0.1
S‑NOR010,51,0.9825,0,0.0135,0,1.0,0,0,True,LEADING-SIM-V0.1
S‑NOR010,52,0.9924,0,0.0244,0,0.994,0,0,True,LEADING-SIM-V0.1
S‑NOR011,1,0.9861,0,0.0015,1,0.9962,0,0,True,LEADING-SIM-V0.1
S‑NOR011,2,0.9889,0,0.0405,1,0.9975,0,0,True,LEADING-SIM-V0.1
S‑NOR011,3,0.988,0,0.0069,1,0.9938,0,0,True,LEADING-SIM-V0.1
S‑NOR011,4,0.9895,0,0.1066,1,0.9972,0,0,True,LEADING-SIM-V0.1
S‑NOR011,5,0.9813,0,0.0016,0,0.9963,0,0,True,LEADING-SIM-V0.1
S‑NOR011,6,0.9804,0,0.0113,0,0.9999,0,0,True,LEADING-SIM-V0.1
S‑NOR011,7,0.9798,1,0.0189,1,0.9992,0,0,True,LEADING-SIM-V0.1
S‑NOR011,8,0.9755,0,0.0385,0,0.9983,0,0,True,LEADING-SIM-V0.1
S‑NOR011,9,0.9818,0,0.0415,0,0.9985,0,0,True,LEADING-SIM-V0.1
S‑NOR011,10,0.9918,0,0.0088,0,0.9966,0,0,True,LEADING-SIM-V0.1
S‑NOR011,11,0.981,1,0.0026,1,0.997,0,0,True,LEADING-SIM-V0.1
S‑NOR011,12,0.9763,0,0.0505,0,0.9963,0,0,True,LEADING-SIM-V0.1
S‑NOR011,13,0.9867,0,0.0193,2,0.9979,0,0,True,LEADING-SIM-V0.1
S‑NOR011,14,0.975,1,0.0075,0,0.9973,0,0,True,LEADING-SIM-V0.1
S‑NOR011,15,0.9874,0,0.0012,0,0.9952,0,0,True,LEADING-SIM-V0.1
S‑NOR011,16,0.9741,0,0.1308,0,0.9976,0,0,True,LEADING-SIM-V0.1
S‑NOR011,17,0.9836,0,0.0111,0,0.9961,0,0,True,LEADING-SIM-V0.1
S‑NOR011,18,0.9826,0,0.0102,1,0.9935,0,0,True,LEADING-SIM-V0.1
S‑NOR011,19,0.9851,0,0.0175,0,0.9992,0,0,True,LEADING-SIM-V0.1
S‑NOR011,20,0.9865,0,0.0945,0,0.9959,0,0,True,LEADING-SIM-V0.1
S‑NOR011,21,0.9942,0,0.0409,0,0.9973,0,0,True,LEADING-SIM-V0.1
S‑NOR011,22,0.9761,0,0.0786,0,0.9985,0,0,True,LEADING-SIM-V0.1
S‑NOR011,23,0.9875,0,0.0268,2,0.9981,0,0,True,LEADING-SIM-V0.1
S‑NOR011,24,0.9897,0,0.012,0,0.9936,0,0,True,LEADING-SIM-V0.1
S‑NOR011,25,0.9881,0,0.0162,0,0.9963,0,0,True,LEADING-SIM-V0.1
S‑NOR011,26,0.9834,0,0.0033,0,0.9952,0,0,True,LEADING-SIM-V0.1
S‑NOR011,27,0.9899,0,0.0178,0,0.9969,0,0,True,LEADING-SIM-V0.1
S‑NOR011,28,0.9903,0,0.0233,2,0.9975,1,0,True,LEADING-SIM-V0.1
S‑NOR011,29,0.9858,0,0.0845,0,0.9969,0,0,True,LEADING-SIM-V0.1
S‑NOR011,30,0.991,0,0.0466,0,0.9959,0,0,True,LEADING-SIM-V0.1
S‑NOR011,31,0.9932,0,0.0177,0,0.998,0,0,True,LEADING-SIM-V0.1
S‑NOR011,32,0.987,0,0.0393,0,0.9961,1,0,True,LEADING-SIM-V0.1
S‑NOR011,33,0.9869,0,0.0179,1,0.9989,0,0,True,LEADING-SIM-V0.1
S‑NOR011,34,0.9834,1,0.0069,1,0.998,1,0,True,LEADING-SIM-V0.1
S‑NOR011,35,0.981,0,0.0206,0,0.9972,0,0,True,LEADING-SIM-V0.1
S‑NOR011,36,0.9833,0,0.0299,0,0.9961,0,0,True,LEADING-SIM-V0.1
S‑NOR011,37,0.9823,0,0.0803,1,0.9965,0,0,True,LEADING-SIM-V0.1
S‑NOR011,38,0.981,0,0.0197,0,0.9996,0,0,True,LEADING-SIM-V0.1
S‑NOR011,39,0.9834,1,0.0275,0,0.9961,0,0,True,LEADING-SIM-V0.1
S‑NOR011,40,0.9845,0,0.005,2,0.9939,0,0,True,LEADING-SIM-V0.1
S‑NOR011,41,0.9849,0,0.0595,0,0.9982,0,0,True,LEADING-SIM-V0.1
S‑NOR011,42,0.9889,1,0.0571,0,0.9968,0,0,True,LEADING-SIM-V0.1
S‑NOR011,43,0.9749,0,0.0115,0,0.9956,0,0,True,LEADING-SIM-V0.1
S‑NOR011,44,0.9787,0,0.0044,0,0.9978,0,0,True,LEADING-SIM-V0.1
S‑NOR011,45,0.9866,0,0.0225,0,0.9979,0,0,True,LEADING-SIM-V0.1
S‑NOR011,46,0.9875,1,0.0093,1,0.9982,0,1,True,LEADING-SIM-V0.1
S‑NOR011,47,0.9831,0,0.0505,0,0.9977,0,0,True,LEADING-SIM-V0.1
S‑NOR011,48,0.9877,0,0.0165,2,0.9947,0,0,True,LEADING-SIM-V0.1
S‑NOR011,49,0.9793,0,0.0207,0,0.9993,0,0,True,LEADING-SIM-V0.1
S‑NOR011,50,0.9822,0,0.0027,2,0.9964,0,0,True,LEADING-SIM-V0.1
S‑NOR011,51,0.988,0,0.0262,0,0.9972,0,0,True,LEADING-SIM-V0.1
S‑NOR011,52,0.9839,1,0.0098,1,0.9974,0,0,True,LEADING-SIM-V0.1
S‑NOR012,1,0.9886,0,0.0439,0,0.9973,0,0,True,LEADING-SIM-V0.1
S‑NOR012,2,0.9828,0,0.0195,0,0.9967,0,0,True,LEADING-SIM-V0.1
S‑NOR012,3,0.985,0,0.0184,0,0.9963,0,0,True,LEADING-SIM-V0.1
S‑NOR012,4,0.9745,0,0.0045,1,0.9977,0,0,True,LEADING-SIM-V0.1
S‑NOR012,5,0.9708,0,0.01,0,0.9963,0,0,True,LEADING-SIM-V0.1
S‑NOR012,6,0.9757,1,0.0007,0,0.9956,0,0,True,LEADING-SIM-V0.1
S‑NOR012,7,0.983,1,0.0159,0,0.9963,0,0,True,LEADING-SIM-V0.1
S‑NOR012,8,0.9787,0,0.0542,0,0.9966,0,0,True,LEADING-SIM-V0.1
S‑NOR012,9,0.9896,0,0.0366,0,0.9947,0,0,True,LEADING-SIM-V0.1
S‑NOR012,10,0.9794,0,0.0642,0,0.997,0,0,True,LEADING-SIM-V0.1
S‑NOR012,11,0.9913,0,0.0191,1,0.9966,0,0,True,LEADING-SIM-V0.1
S‑NOR012,12,0.9919,0,0.0193,0,0.9989,0,0,True,LEADING-SIM-V0.1
S‑NOR012,13,0.9854,0,0.0782,1,0.9966,0,0,True,LEADING-SIM-V0.1
S‑NOR012,14,0.9926,0,0.0372,1,0.9998,0,0,True,LEADING-SIM-V0.1
S‑NOR012,15,0.9897,0,0.0019,0,0.9949,0,0,True,LEADING-SIM-V0.1
S‑NOR012,16,0.9843,0,0.0163,0,0.9968,0,0,True,LEADING-SIM-V0.1
S‑NOR012,17,0.9812,0,0.0211,0,0.9964,0,0,True,LEADING-SIM-V0.1
S‑NOR012,18,0.9838,0,0.1251,0,0.9957,0,0,True,LEADING-SIM-V0.1
S‑NOR012,19,0.9808,0,0.0382,0,0.9956,0,1,True,LEADING-SIM-V0.1
S‑NOR012,20,0.9842,0,0.0053,1,0.9978,0,0,True,LEADING-SIM-V0.1
S‑NOR012,21,0.9769,0,0.1037,0,1.0,0,0,True,LEADING-SIM-V0.1
S‑NOR012,22,0.9838,1,0.0088,0,0.9969,0,0,True,LEADING-SIM-V0.1
S‑NOR012,23,0.9913,0,0.0265,0,0.9959,0,0,True,LEADING-SIM-V0.1
S‑NOR012,24,0.9896,0,0.0167,0,0.9959,0,0,True,LEADING-SIM-V0.1
S‑NOR012,25,0.9825,0,0.0376,2,0.9955,0,0,True,LEADING-SIM-V0.1
S‑NOR012,26,0.9885,0,0.0035,0,0.9985,0,0,True,LEADING-SIM-V0.1
S‑NOR012,27,0.9881,0,0.0371,0,0.9969,0,0,True,LEADING-SIM-V0.1
S‑NOR012,28,0.9901,0,0.0824,1,0.9945,0,1,True,LEADING-SIM-V0.1
S‑NOR012,29,0.9795,0,0.1074,0,0.9967,1,0,True,LEADING-SIM-V0.1
S‑NOR012,30,0.9772,0,0.0397,0,0.9982,0,0,True,LEADING-SIM-V0.1
S‑NOR012,31,0.9803,0,0.0597,1,0.9976,0,0,True,LEADING-SIM-V0.1
S‑NOR012,32,0.9874,0,0.0426,0,0.9972,0,0,True,LEADING-SIM-V0.1
S‑NOR012,33,0.9819,0,0.0008,1,0.9984,0,0,True,LEADING-SIM-V0.1
S‑NOR012,34,0.9918,0,0.0124,0,0.9972,0,0,True,LEADING-SIM-V0.1
S‑NOR012,35,0.9887,0,0.034,0,0.9985,0,0,True,LEADING-SIM-V0.1
S‑NOR012,36,0.9946,0,0.0194,0,0.9984,0,0,True,LEADING-SIM-V0.1
S‑NOR012,37,0.9909,0,0.0556,0,0.9965,0,0,True,LEADING-SIM-V0.1
S‑NOR012,38,0.9838,0,0.0219,0,0.9977,0,0,True,LEADING-SIM-V0.1
S‑NOR012,39,0.9877,0,0.0434,0,0.9976,0,0,True,LEADING-SIM-V0.1
S‑NOR012,40,0.9794,0,0.0466,0,0.9985,0,0,True,LEADING-SIM-V0.1
S‑NOR012,41,0.9944,0,0.0114,2,0.995,0,0,True,LEADING-SIM-V0.1
S‑NOR012,42,0.9894,0,0.0038,1,0.9988,0,0,True,LEADING-SIM-V0.1
S‑NOR012,43,0.9771,0,0.0645,0,0.9984,0,0,True,LEADING-SIM-V0.1
S‑NOR012,44,0.9853,0,0.0298,1,0.9987,0,0,True,LEADING-SIM-V0.1
S‑NOR012,45,0.9839,0,0.0627,0,0.9952,0,0,True,LEADING-SIM-V0.1
S‑NOR012,46,0.9882,0,0.0119,0,0.9992,0,0,True,LEADING-SIM-V0.1
S‑NOR012,47,0.9852,2,0.011,0,0.9946,0,0,True,LEADING-SIM-V0.1
S‑NOR012,48,0.9857,0,0.0156,0,0.9957,0,0,True,LEADING-SIM-V0.1
S‑NOR012,49,0.9812,0,0.0164,1,0.9967,0,0,True,LEADING-SIM-V0.1
S‑NOR012,50,0.9889,0,0.0296,0,0.9983,0,0,True,LEADING-SIM-V0.1
S‑NOR012,51,0.9852,0,0.013,1,0.9959,0,0,True,LEADING-SIM-V0.1
S‑NOR012,52,0.9796,0,0.005,1,0.9998,0,0,True,LEADING-SIM-V0.1
S‑NOR013,1,0.9983,0,0.0261,0,0.9964,0,0,True,LEADING-SIM-V0.1
S‑NOR013,2,0.9786,0,0.0396,0,0.9966,0,0,True,LEADING-SIM-V0.1
S‑NOR013,3,0.9942,0,0.0467,0,0.9988,0,0,True,LEADING-SIM-V0.1
S‑NOR013,4,0.983,0,0.0112,0,0.9971,0,0,True,LEADING-SIM-V0.1
S‑NOR013,5,0.9807,1,0.0608,0,0.9966,0,0,True,LEADING-SIM-V0.1
S‑NOR013,6,0.9945,0,0.0343,0,0.9976,0,0,True,LEADING-SIM-V0.1
S‑NOR013,7,0.9919,0,0.0289,0,0.9972,0,0,True,LEADING-SIM-V0.1
S‑NOR013,8,0.9885,0,0.0365,1,0.9987,0,0,True,LEADING-SIM-V0.1
S‑NOR013,9,0.9793,0,0.0166,1,0.9942,0,0,True,LEADING-SIM-V0.1
S‑NOR013,10,0.9786,0,0.0077,0,0.9972,0,0,True,LEADING-SIM-V0.1
S‑NOR013,11,0.993,0,0.007,1,0.9971,0,0,True,LEADING-SIM-V0.1
S‑NOR013,12,0.9823,0,0.0327,1,0.9972,0,0,True,LEADING-SIM-V0.1
S‑NOR013,13,0.9848,0,0.0362,0,0.9977,0,0,True,LEADING-SIM-V0.1
S‑NOR013,14,0.9887,0,0.0228,0,0.9942,0,0,True,LEADING-SIM-V0.1
S‑NOR013,15,0.9864,0,0.0765,2,0.9987,0,0,True,LEADING-SIM-V0.1
S‑NOR013,16,0.9807,1,0.0382,0,0.9981,0,0,True,LEADING-SIM-V0.1
S‑NOR013,17,0.9817,0,0.0307,0,0.9972,0,0,True,LEADING-SIM-V0.1
S‑NOR013,18,0.9831,0,0.0709,0,0.9942,0,0,True,LEADING-SIM-V0.1
S‑NOR013,19,0.9843,0,0.098,1,0.9959,0,0,True,LEADING-SIM-V0.1
S‑NOR013,20,0.983,0,0.0254,0,0.9975,0,0,True,LEADING-SIM-V0.1
S‑NOR013,21,0.9871,0,0.0015,0,1.0,0,0,True,LEADING-SIM-V0.1
S‑NOR013,22,0.9743,0,0.0241,0,0.9979,0,0,True,LEADING-SIM-V0.1
S‑NOR013,23,0.9745,0,0.0489,0,0.9975,0,0,True,LEADING-SIM-V0.1
S‑NOR013,24,0.9936,0,0.0346,1,0.9973,0,0,True,LEADING-SIM-V0.1
S‑NOR013,25,0.9889,0,0.0439,1,0.9961,0,0,True,LEADING-SIM-V0.1
S‑NOR013,26,0.9862,0,0.0108,0,0.9966,0,0,True,LEADING-SIM-V0.1
S‑NOR013,27,0.9858,0,0.0221,0,0.9967,0,0,True,LEADING-SIM-V0.1
S‑NOR013,28,0.9792,1,0.019,0,0.9955,0,0,True,LEADING-SIM-V0.1
S‑NOR013,29,0.9844,0,0.0118,0,0.9979,0,0,True,LEADING-SIM-V0.1
S‑NOR013,30,0.9815,0,0.0897,0,0.9961,0,0,True,LEADING-SIM-V0.1
S‑NOR013,31,0.9819,0,0.0304,1,0.9979,0,0,True,LEADING-SIM-V0.1
S‑NOR013,32,0.9937,0,0.0055,0,0.9978,0,0,True,LEADING-SIM-V0.1
S‑NOR013,33,0.9882,0,0.0686,1,0.9977,0,0,True,LEADING-SIM-V0.1
S‑NOR013,34,0.9899,1,0.0306,0,0.998,0,0,True,LEADING-SIM-V0.1
S‑NOR013,35,0.9875,1,0.0538,0,0.9966,0,0,True,LEADING-SIM-V0.1
S‑NOR013,36,0.9979,0,0.0335,0,0.9954,0,0,True,LEADING-SIM-V0.1
S‑NOR013,37,0.9907,0,0.0072,1,1.0,0,0,True,LEADING-SIM-V0.1
S‑NOR013,38,0.9868,0,0.0187,0,0.9979,1,0,True,LEADING-SIM-V0.1
S‑NOR013,39,0.9932,0,0.0334,0,0.9944,0,0,True,LEADING-SIM-V0.1
S‑NOR013,40,0.9876,0,0.0029,1,0.9992,0,0,True,LEADING-SIM-V0.1
S‑NOR013,41,0.9747,1,0.0642,0,0.9948,0,0,True,LEADING-SIM-V0.1
S‑NOR013,42,0.9925,1,0.0191,0,0.9957,0,0,True,LEADING-SIM-V0.1
S‑NOR013,43,0.9803,1,0.0213,0,0.995,0,0,True,LEADING-SIM-V0.1
S‑NOR013,44,0.9884,0,0.0188,0,0.9976,0,0,True,LEADING-SIM-V0.1
S‑NOR013,45,0.982,0,0.0104,0,0.9954,0,0,True,LEADING-SIM-V0.1
S‑NOR013,46,0.9918,1,0.0349,0,0.9972,0,0,True,LEADING-SIM-V0.1
S‑NOR013,47,0.993,0,0.0305,0,0.9947,0,0,True,LEADING-SIM-V0.1
S‑NOR013,48,0.9782,0,0.0249,0,0.9981,0,0,True,LEADING-SIM-V0.1
S‑NOR013,49,0.9816,0,0.02,1,0.9977,0,0,True,LEADING-SIM-V0.1
S‑NOR013,50,0.9736,0,0.002,1,0.9948,0,0,True,LEADING-SIM-V0.1
S‑NOR013,51,0.9877,0,0.0128,0,0.9966,0,0,True,LEADING-SIM-V0.1
S‑NOR013,52,0.9848,0,0.0229,0,0.9999,0,0,True,LEADING-SIM-V0.1
S‑NOR014,1,0.9872,0,0.1277,0,0.9944,0,0,True,LEADING-SIM-V0.1
S‑NOR014,2,0.9865,1,0.0199,1,0.9955,0,0,True,LEADING-SIM-V0.1
S‑NOR014,3,0.9815,0,0.0744,0,0.9947,0,0,True,LEADING-SIM-V0.1
S‑NOR014,4,0.9721,0,0.0622,0,0.9946,0,0,True,LEADING-SIM-V0.1
S‑NOR014,5,0.9822,0,0.1066,1,0.9956,0,0,True,LEADING-SIM-V0.1
S‑NOR014,6,0.9869,2,0.0034,0,0.9968,0,0,True,LEADING-SIM-V0.1
S‑NOR014,7,0.9751,0,0.0009,0,0.9976,0,0,True,LEADING-SIM-V0.1
S‑NOR014,8,0.9886,0,0.0168,0,0.9968,0,0,True,LEADING-SIM-V0.1
S‑NOR014,9,0.9866,0,0.077,0,0.9967,0,0,True,LEADING-SIM-V0.1
S‑NOR014,10,0.9893,0,0.0112,0,0.9929,0,0,True,LEADING-SIM-V0.1
S‑NOR014,11,0.991,0,0.0287,0,0.9966,0,0,True,LEADING-SIM-V0.1
S‑NOR014,12,0.9822,0,0.0265,1,0.9963,0,0,True,LEADING-SIM-V0.1
S‑NOR014,13,0.9906,0,0.0177,0,0.9984,0,0,True,LEADING-SIM-V0.1
S‑NOR014,14,0.986,0,0.0159,0,0.9997,0,0,True,LEADING-SIM-V0.1
S‑NOR014,15,0.997,0,0.0363,0,0.9964,0,0,True,LEADING-SIM-V0.1
S‑NOR014,16,0.9775,0,0.0789,0,0.9981,0,0,True,LEADING-SIM-V0.1
S‑NOR014,17,0.9909,0,0.0229,0,0.9971,0,0,True,LEADING-SIM-V0.1
S‑NOR014,18,0.9796,0,0.0301,1,0.9963,0,0,True,LEADING-SIM-V0.1
S‑NOR014,19,0.9747,0,0.0873,0,0.9975,0,0,True,LEADING-SIM-V0.1
S‑NOR014,20,0.9782,0,0.0157,0,0.9991,0,0,True,LEADING-SIM-V0.1
S‑NOR014,21,0.9838,0,0.0389,0,0.995,0,0,True,LEADING-SIM-V0.1
S‑NOR014,22,0.9887,0,0.0432,0,0.9966,0,0,True,LEADING-SIM-V0.1
S‑NOR014,23,0.9851,0,0.0246,0,1.0,0,0,True,LEADING-SIM-V0.1
S‑NOR014,24,0.9789,0,0.002,0,0.9965,0,0,True,LEADING-SIM-V0.1
S‑NOR014,25,0.9796,0,0.0406,0,0.9982,1,0,True,LEADING-SIM-V0.1
S‑NOR014,26,0.9887,0,0.0518,0,0.9968,0,0,True,LEADING-SIM-V0.1
S‑NOR014,27,0.9835,0,0.006,0,0.9973,0,0,True,LEADING-SIM-V0.1
S‑NOR014,28,0.9899,0,0.0157,0,0.9975,0,0,True,LEADING-SIM-V0.1
S‑NOR014,29,0.9747,0,0.0118,0,0.9961,0,0,True,LEADING-SIM-V0.1
S‑NOR014,30,0.9829,0,0.0097,0,0.9975,0,0,True,LEADING-SIM-V0.1
S‑NOR014,31,0.9875,0,0.0112,2,0.9928,0,0,True,LEADING-SIM-V0.1
S‑NOR014,32,0.9758,0,0.0206,0,0.9977,0,0,True,LEADING-SIM-V0.1
S‑NOR014,33,0.972,0,0.15,2,0.9983,0,0,True,LEADING-SIM-V0.1
S‑NOR014,34,0.9886,0,0.0367,0,0.9983,0,0,True,LEADING-SIM-V0.1
S‑NOR014,35,0.9779,0,0.0097,0,0.9967,0,0,True,LEADING-SIM-V0.1
S‑NOR014,36,0.9853,0,0.0449,1,0.998,0,0,True,LEADING-SIM-V0.1
S‑NOR014,37,0.9892,0,0.0368,0,0.9954,0,0,True,LEADING-SIM-V0.1
S‑NOR014,38,0.9803,0,0.0589,0,0.9954,0,0,True,LEADING-SIM-V0.1
S‑NOR014,39,0.9786,0,0.0087,0,0.9962,0,0,True,LEADING-SIM-V0.1
S‑NOR014,40,0.9789,0,0.0275,1,0.9958,1,0,True,LEADING-SIM-V0.1
S‑NOR014,41,0.975,0,0.0405,1,0.9971,0,0,True,LEADING-SIM-V0.1
S‑NOR014,42,0.9883,0,0.0037,0,0.9956,0,0,True,LEADING-SIM-V0.1
S‑NOR014,43,0.9842,0,0.0118,1,0.9965,0,0,True,LEADING-SIM-V0.1
S‑NOR014,44,0.9817,0,0.0206,1,0.9963,0,0,True,LEADING-SIM-V0.1
S‑NOR014,45,0.9851,0,0.1017,0,0.9945,0,0,True,LEADING-SIM-V0.1
S‑NOR014,46,0.9847,0,0.032,0,0.9982,0,0,True,LEADING-SIM-V0.1
S‑NOR014,47,0.9851,0,0.0492,0,0.9943,0,0,True,LEADING-SIM-V0.1
S‑NOR014,48,0.9908,0,0.0338,0,0.9978,0,0,True,LEADING-SIM-V0.1
S‑NOR014,49,0.9827,0,0.0272,0,0.9973,0,0,True,LEADING-SIM-V0.1
S‑NOR014,50,0.9796,0,0.0484,1,0.9979,0,0,True,LEADING-SIM-V0.1
S‑NOR014,51,0.9929,0,0.0082,0,0.9954,0,0,True,LEADING-SIM-V0.1
S‑NOR014,52,0.9756,0,0.0032,0,0.9997,0,0,True,LEADING-SIM-V0.1
S‑NOR015,1,0.9872,0,0.0292,1,0.9952,0,0,True,LEADING-SIM-V0.1
S‑NOR015,2,0.9911,0,0.0078,0,0.9984,0,0,True,LEADING-SIM-V0.1
S‑NOR015,3,0.9743,1,0.0128,0,0.9983,0,0,True,LEADING-SIM-V0.1
S‑NOR015,4,0.9969,1,0.0262,0,0.9961,0,0,True,LEADING-SIM-V0.1
S‑NOR015,5,0.9895,0,0.0064,0,0.996,0,0,True,LEADING-SIM-V0.1
S‑NOR015,6,0.9897,0,0.0079,1,0.9967,0,0,True,LEADING-SIM-V0.1
S‑NOR015,7,0.9903,0,0.0271,0,0.9956,0,0,True,LEADING-SIM-V0.1
S‑NOR015,8,0.983,0,0.0193,0,0.9965,0,0,True,LEADING-SIM-V0.1
S‑NOR015,9,0.978,0,0.0373,0,0.9976,0,0,True,LEADING-SIM-V0.1
S‑NOR015,10,0.9906,1,0.0546,0,0.9979,0,0,True,LEADING-SIM-V0.1
S‑NOR015,11,0.9874,1,0.0051,0,0.9965,0,0,True,LEADING-SIM-V0.1
S‑NOR015,12,0.9975,0,0.0437,0,0.9983,0,0,True,LEADING-SIM-V0.1
S‑NOR015,13,0.9801,0,0.0086,1,0.9961,0,0,True,LEADING-SIM-V0.1
S‑NOR015,14,0.9809,0,0.0072,0,0.9957,0,0,True,LEADING-SIM-V0.1
S‑NOR015,15,0.995,0,0.0192,2,0.9944,0,0,True,LEADING-SIM-V0.1
S‑NOR015,16,0.9822,0,0.0066,0,0.9975,0,0,True,LEADING-SIM-V0.1
S‑NOR015,17,0.9811,0,0.0106,0,0.9947,0,0,True,LEADING-SIM-V0.1
S‑NOR015,18,0.9927,0,0.0292,0,0.9965,0,0,True,LEADING-SIM-V0.1
S‑NOR015,19,0.9888,0,0.0361,1,0.9968,0,0,True,LEADING-SIM-V0.1
S‑NOR015,20,0.9827,0,0.0242,0,0.9972,0,0,True,LEADING-SIM-V0.1
S‑NOR015,21,0.9826,0,0.0153,1,0.9958,0,0,True,LEADING-SIM-V0.1
S‑NOR015,22,0.9852,0,0.0058,0,0.9961,0,0,True,LEADING-SIM-V0.1
S‑NOR015,23,0.9819,0,0.0483,0,0.997,0,0,True,LEADING-SIM-V0.1
S‑NOR015,24,0.9807,1,0.0149,0,0.9961,0,0,True,LEADING-SIM-V0.1
S‑NOR015,25,0.975,0,0.0062,0,0.9937,0,0,True,LEADING-SIM-V0.1
S‑NOR015,26,0.9741,0,0.0621,1,0.9976,0,0,True,LEADING-SIM-V0.1
S‑NOR015,27,0.9842,0,0.0109,0,0.9987,0,0,True,LEADING-SIM-V0.1
S‑NOR015,28,0.9824,0,0.0015,0,0.9967,0,0,True,LEADING-SIM-V0.1
S‑NOR015,29,0.9803,0,0.0006,1,0.997,0,0,True,LEADING-SIM-V0.1
S‑NOR015,30,0.9887,0,0.0167,0,0.9954,0,0,True,LEADING-SIM-V0.1
S‑NOR015,31,0.9876,0,0.065,1,0.9976,0,0,True,LEADING-SIM-V0.1
S‑NOR015,32,0.9989,0,0.0551,0,0.9973,0,0,True,LEADING-SIM-V0.1
S‑NOR015,33,0.9752,0,0.0073,1,0.9952,0,0,True,LEADING-SIM-V0.1
S‑NOR015,34,0.981,0,0.0849,0,0.9944,0,0,True,LEADING-SIM-V0.1
S‑NOR015,35,0.9881,0,0.0629,0,0.9951,0,0,True,LEADING-SIM-V0.1
S‑NOR015,36,0.9923,0,0.0219,0,0.9952,0,0,True,LEADING-SIM-V0.1
S‑NOR015,37,0.9924,0,0.0115,2,0.9953,0,0,True,LEADING-SIM-V0.1
S‑NOR015,38,0.9775,0,0.0415,1,0.9954,0,0,True,LEADING-SIM-V0.1
S‑NOR015,39,0.9854,1,0.0202,0,0.9973,0,0,True,LEADING-SIM-V0.1
S‑NOR015,40,0.9879,0,0.0475,1,0.9989,0,0,True,LEADING-SIM-V0.1
S‑NOR015,41,0.9822,0,0.0014,0,0.9976,0,0,True,LEADING-SIM-V0.1
S‑NOR015,42,0.9861,0,0.0371,0,0.9983,0,0,True,LEADING-SIM-V0.1
S‑NOR015,43,0.986,0,0.0529,0,0.997,0,0,True,LEADING-SIM-V0.1
S‑NOR015,44,0.9834,0,0.0796,1,0.998,0,0,True,LEADING-SIM-V0.1
S‑NOR015,45,0.9829,0,0.0058,0,0.9963,0,0,True,LEADING-SIM-V0.1
S‑NOR015,46,0.994,0,0.0358,0,0.9961,0,0,True,LEADING-SIM-V0.1
S‑NOR015,47,0.9842,0,0.0339,0,0.9961,0,0,True,LEADING-SIM-V0.1
S‑NOR015,48,0.9874,0,0.087,0,0.9997,0,0,True,LEADING-SIM-V0.1
S‑NOR015,49,0.9858,0,0.039,0,0.996,0,0,True,LEADING-SIM-V0.1
S‑NOR015,50,0.9956,0,0.0322,0,0.9964,0,0,True,LEADING-SIM-V0.1
S‑NOR015,51,0.9949,0,0.0089,0,0.9953,0,0,True,LEADING-SIM-V0.1
S‑NOR015,52,0.9965,0,0.0238,0,0.9966,0,0,True,LEADING-SIM-V0.1
S‑NOR016,1,0.9885,0,0.0143,0,0.9941,0,0,True,LEADING-SIM-V0.1
S‑NOR016,2,0.988,0,0.0433,0,0.9953,0,1,True,LEADING-SIM-V0.1
S‑NOR016,3,0.9877,0,0.0427,0,0.9977,0,0,True,LEADING-SIM-V0.1
S‑NOR016,4,0.9922,0,0.0072,0,0.9971,0,0,True,LEADING-SIM-V0.1
S‑NOR016,5,0.9813,0,0.0812,0,0.9975,0,0,True,LEADING-SIM-V0.1
S‑NOR016,6,0.9777,0,0.0818,0,0.9952,0,0,True,LEADING-SIM-V0.1
S‑NOR016,7,0.9893,0,0.0081,0,0.9968,0,0,True,LEADING-SIM-V0.1
S‑NOR016,8,0.9914,0,0.0172,0,0.9952,0,0,True,LEADING-SIM-V0.1
S‑NOR016,9,0.9839,0,0.0297,0,0.997,0,0,True,LEADING-SIM-V0.1
S‑NOR016,10,0.9931,1,0.0204,2,0.9981,0,0,True,LEADING-SIM-V0.1
S‑NOR016,11,0.9785,0,0.0122,0,0.9988,0,0,True,LEADING-SIM-V0.1
S‑NOR016,12,0.9858,0,0.0273,0,0.9961,0,0,True,LEADING-SIM-V0.1
S‑NOR016,13,0.9875,0,0.1219,0,0.9988,0,0,True,LEADING-SIM-V0.1
S‑NOR016,14,0.978,0,0.0011,0,0.9971,0,0,True,LEADING-SIM-V0.1
S‑NOR016,15,0.9829,0,0.0178,0,0.9961,0,0,True,LEADING-SIM-V0.1
S‑NOR016,16,0.9907,1,0.0234,0,0.9976,0,0,True,LEADING-SIM-V0.1
S‑NOR016,17,0.985,0,0.018,2,0.997,1,1,True,LEADING-SIM-V0.1
S‑NOR016,18,0.988,1,0.0223,0,0.9976,0,0,True,LEADING-SIM-V0.1
S‑NOR016,19,0.9846,0,0.0409,0,0.9981,0,0,True,LEADING-SIM-V0.1
S‑NOR016,20,0.9859,1,0.0258,1,0.9962,0,0,True,LEADING-SIM-V0.1
S‑NOR016,21,0.9856,0,0.0315,0,0.9956,0,0,True,LEADING-SIM-V0.1
S‑NOR016,22,0.9774,1,0.1,2,0.9961,0,0,True,LEADING-SIM-V0.1
S‑NOR016,23,0.9997,0,0.0083,0,0.9953,0,0,True,LEADING-SIM-V0.1
S‑NOR016,24,0.9886,0,0.0674,0,0.992,0,0,True,LEADING-SIM-V0.1
S‑NOR016,25,0.9776,0,0.0072,0,0.994,0,0,True,LEADING-SIM-V0.1
S‑NOR016,26,0.984,0,0.0239,0,0.9958,0,0,True,LEADING-SIM-V0.1
S‑NOR016,27,0.9856,0,0.0065,0,0.9978,0,0,True,LEADING-SIM-V0.1
S‑NOR016,28,0.9868,0,0.0121,1,0.9962,0,0,True,LEADING-SIM-V0.1
S‑NOR016,29,0.9869,0,0.0194,0,0.9965,0,0,True,LEADING-SIM-V0.1
S‑NOR016,30,0.986,0,0.0208,0,0.9965,0,0,True,LEADING-SIM-V0.1
S‑NOR016,31,0.9888,0,0.052,0,0.9979,0,0,True,LEADING-SIM-V0.1
S‑NOR016,32,0.9883,0,0.0612,0,0.9989,0,0,True,LEADING-SIM-V0.1
S‑NOR016,33,0.9751,0,0.0239,0,0.9984,0,0,True,LEADING-SIM-V0.1
S‑NOR016,34,0.988,0,0.0247,0,0.9947,0,0,True,LEADING-SIM-V0.1
S‑NOR016,35,0.9752,0,0.0396,1,0.9982,0,0,True,LEADING-SIM-V0.1
S‑NOR016,36,0.9755,1,0.0064,0,1.0,0,0,True,LEADING-SIM-V0.1
S‑NOR016,37,0.9878,0,0.0015,0,0.9994,0,0,True,LEADING-SIM-V0.1
S‑NOR016,38,0.9824,0,0.0356,0,0.9966,0,0,True,LEADING-SIM-V0.1
S‑NOR016,39,0.9792,1,0.0005,1,0.9962,0,0,True,LEADING-SIM-V0.1
S‑NOR016,40,0.9913,2,0.0292,0,0.9976,0,0,True,LEADING-SIM-V0.1
S‑NOR016,41,0.9904,0,0.0085,0,0.9943,0,0,True,LEADING-SIM-V0.1
S‑NOR016,42,0.9796,0,0.043,0,0.9973,0,0,True,LEADING-SIM-V0.1
S‑NOR016,43,0.987,1,0.0145,0,0.9953,0,0,True,LEADING-SIM-V0.1
S‑NOR016,44,0.9785,0,0.0239,0,0.9945,0,0,True,LEADING-SIM-V0.1
S‑NOR016,45,0.9907,0,0.0243,0,0.999,0,0,True,LEADING-SIM-V0.1
S‑NOR016,46,0.9798,0,0.0329,1,0.9983,0,0,True,LEADING-SIM-V0.1
S‑NOR016,47,0.9829,0,0.0094,0,0.9978,0,0,True,LEADING-SIM-V0.1
S‑NOR016,48,0.9759,0,0.0155,0,0.9988,0,0,True,LEADING-SIM-V0.1
S‑NOR016,49,0.9911,0,0.0279,0,0.9991,0,0,True,LEADING-SIM-V0.1
S‑NOR016,50,0.9844,0,0.0173,1,0.9974,0,0,True,LEADING-SIM-V0.1
S‑NOR016,51,0.9808,0,0.0117,3,0.9931,0,0,True,LEADING-SIM-V0.1
S‑NOR016,52,0.9776,0,0.0721,1,0.9945,0,0,True,LEADING-SIM-V0.1
S‑NOR017,1,0.9806,0,0.0076,0,0.9962,1,0,True,LEADING-SIM-V0.1
S‑NOR017,2,0.9928,0,0.0135,2,0.9965,0,0,True,LEADING-SIM-V0.1
S‑NOR017,3,0.984,0,0.0706,0,0.9971,0,0,True,LEADING-SIM-V0.1
S‑NOR017,4,0.9884,0,0.0704,0,0.9972,0,0,True,LEADING-SIM-V0.1
S‑NOR017,5,0.9895,0,0.0184,0,0.9983,0,0,True,LEADING-SIM-V0.1
S‑NOR017,6,0.9839,0,0.0251,0,0.9982,0,0,True,LEADING-SIM-V0.1
S‑NOR017,7,0.9754,0,0.0199,1,0.9965,0,0,True,LEADING-SIM-V0.1
S‑NOR017,8,0.9728,0,0.0498,1,0.9994,0,0,True,LEADING-SIM-V0.1
S‑NOR017,9,0.9764,0,0.0888,0,0.9961,0,0,True,LEADING-SIM-V0.1
S‑NOR017,10,0.9832,0,0.0459,0,0.9952,0,0,True,LEADING-SIM-V0.1
S‑NOR017,11,0.9901,0,0.0184,0,0.9992,0,0,True,LEADING-SIM-V0.1
S‑NOR017,12,0.9847,0,0.0491,0,0.9973,0,0,True,LEADING-SIM-V0.1
S‑NOR017,13,0.9855,0,0.0679,1,0.997,0,0,True,LEADING-SIM-V0.1
S‑NOR017,14,0.986,0,0.0295,0,0.9987,0,0,True,LEADING-SIM-V0.1
S‑NOR017,15,0.9845,0,0.0512,0,0.998,0,0,True,LEADING-SIM-V0.1
S‑NOR017,16,0.9868,1,0.0015,0,0.9952,0,0,True,LEADING-SIM-V0.1
S‑NOR017,17,0.9886,0,0.0826,1,0.9958,0,0,True,LEADING-SIM-V0.1
S‑NOR017,18,0.9886,0,0.0256,0,0.9931,0,0,True,LEADING-SIM-V0.1
S‑NOR017,19,0.9904,0,0.0101,0,0.9983,0,0,True,LEADING-SIM-V0.1
S‑NOR017,20,0.9797,0,0.0111,0,0.9974,0,0,True,LEADING-SIM-V0.1
S‑NOR017,21,0.9802,0,0.0215,1,1.0,0,0,True,LEADING-SIM-V0.1
S‑NOR017,22,0.9857,0,0.0061,1,0.9959,0,0,True,LEADING-SIM-V0.1
S‑NOR017,23,0.9801,0,0.0218,0,0.9989,0,0,True,LEADING-SIM-V0.1
S‑NOR017,24,0.9853,0,0.006,0,0.9953,0,0,True,LEADING-SIM-V0.1
S‑NOR017,25,0.9887,0,0.0173,0,0.9976,0,0,True,LEADING-SIM-V0.1
S‑NOR017,26,0.9817,0,0.0479,1,0.9978,0,0,True,LEADING-SIM-V0.1
S‑NOR017,27,0.9968,0,0.0743,0,0.9986,0,0,True,LEADING-SIM-V0.1
S‑NOR017,28,0.9856,0,0.0196,0,0.9964,0,0,True,LEADING-SIM-V0.1
S‑NOR017,29,0.9955,0,0.0213,1,0.998,0,0,True,LEADING-SIM-V0.1
S‑NOR017,30,0.9764,1,0.0039,0,0.9967,0,0,True,LEADING-SIM-V0.1
S‑NOR017,31,0.9971,0,0.0293,0,1.0,0,0,True,LEADING-SIM-V0.1
S‑NOR017,32,0.988,0,0.0723,0,0.999,0,0,True,LEADING-SIM-V0.1
S‑NOR017,33,0.9755,0,0.0152,1,0.9982,0,0,True,LEADING-SIM-V0.1
S‑NOR017,34,0.9853,0,0.033,0,0.9949,1,0,True,LEADING-SIM-V0.1
S‑NOR017,35,0.9907,0,0.0597,1,0.9963,0,0,True,LEADING-SIM-V0.1
S‑NOR017,36,0.995,0,0.0037,0,0.9963,0,0,True,LEADING-SIM-V0.1
S‑NOR017,37,0.9941,0,0.01,0,0.9957,0,0,True,LEADING-SIM-V0.1
S‑NOR017,38,0.9846,0,0.0201,0,0.9982,0,0,True,LEADING-SIM-V0.1
S‑NOR017,39,0.9882,0,0.0343,0,0.9974,1,0,True,LEADING-SIM-V0.1
S‑NOR017,40,0.9977,1,0.0937,0,0.9958,0,0,True,LEADING-SIM-V0.1
S‑NOR017,41,0.9981,0,0.0473,1,0.9974,0,0,True,LEADING-SIM-V0.1
S‑NOR017,42,0.9849,1,0.0894,0,0.9971,0,0,True,LEADING-SIM-V0.1
S‑NOR017,43,0.9808,0,0.0358,0,0.9972,0,0,True,LEADING-SIM-V0.1
S‑NOR017,44,0.9835,0,0.0105,1,0.9979,0,0,True,LEADING-SIM-V0.1
S‑NOR017,45,0.9866,0,0.0381,0,0.9967,0,0,True,LEADING-SIM-V0.1
S‑NOR017,46,0.9824,1,0.0556,0,0.996,0,0,True,LEADING-SIM-V0.1
S‑NOR017,47,0.9851,0,0.0482,0,0.9955,0,0,True,LEADING-SIM-V0.1
S‑NOR017,48,0.9804,1,0.0208,2,0.9956,0,0,True,LEADING-SIM-V0.1
S‑NOR017,49,0.9745,0,0.0225,0,0.9965,0,0,True,LEADING-SIM-V0.1
S‑NOR017,50,0.9889,0,0.0431,2,0.994,1,0,True,LEADING-SIM-V0.1
S‑NOR017,51,0.9891,0,0.0682,0,0.996,0,0,True,LEADING-SIM-V0.1
S‑NOR017,52,0.9977,0,0.0458,0,0.9992,0,0,True,LEADING-SIM-V0.1
S‑NOR018,1,0.99,0,0.0352,2,0.9961,0,0,True,LEADING-SIM-V0.1
S‑NOR018,2,0.9762,0,0.08,0,0.9966,0,0,True,LEADING-SIM-V0.1
S‑NOR018,3,0.9766,0,0.0303,0,0.9953,0,0,True,LEADING-SIM-V0.1
S‑NOR018,4,0.9781,0,0.0099,1,0.9947,0,0,True,LEADING-SIM-V0.1
S‑NOR018,5,0.9874,0,0.0622,0,0.9986,0,0,True,LEADING-SIM-V0.1
S‑NOR018,6,0.9839,0,0.0423,0,0.9932,0,0,True,LEADING-SIM-V0.1
S‑NOR018,7,0.9806,0,0.0002,1,0.9969,0,0,True,LEADING-SIM-V0.1
S‑NOR018,8,0.9881,0,0.0094,2,0.9964,0,0,True,LEADING-SIM-V0.1
S‑NOR018,9,0.9867,2,0.0562,0,0.9979,0,0,True,LEADING-SIM-V0.1
S‑NOR018,10,0.9772,0,0.0483,0,0.9985,0,0,True,LEADING-SIM-V0.1
S‑NOR018,11,0.9779,0,0.023,0,0.9969,0,0,True,LEADING-SIM-V0.1
S‑NOR018,12,0.9812,0,0.0079,0,0.9936,1,0,True,LEADING-SIM-V0.1
S‑NOR018,13,0.9841,0,0.0031,1,0.998,0,1,True,LEADING-SIM-V0.1
S‑NOR018,14,0.9833,0,0.0067,0,0.9934,0,0,True,LEADING-SIM-V0.1
S‑NOR018,15,0.9866,0,0.065,0,0.9986,0,0,True,LEADING-SIM-V0.1
S‑NOR018,16,0.985,0,0.0197,2,0.996,0,0,True,LEADING-SIM-V0.1
S‑NOR018,17,0.9894,1,0.0205,0,0.998,0,0,True,LEADING-SIM-V0.1
S‑NOR018,18,0.9888,0,0.0401,0,0.997,0,0,True,LEADING-SIM-V0.1
S‑NOR018,19,0.9778,0,0.0061,1,0.998,0,0,True,LEADING-SIM-V0.1
S‑NOR018,20,0.9841,0,0.0107,0,0.9954,0,0,True,LEADING-SIM-V0.1
S‑NOR018,21,0.99,0,0.0951,0,0.9963,0,0,True,LEADING-SIM-V0.1
S‑NOR018,22,0.9913,0,0.0354,0,0.9947,0,0,True,LEADING-SIM-V0.1
S‑NOR018,23,0.9888,0,0.081,0,0.9995,0,0,True,LEADING-SIM-V0.1
S‑NOR018,24,0.9882,0,0.0167,0,0.9965,0,0,True,LEADING-SIM-V0.1
S‑NOR018,25,0.9862,1,0.031,1,0.9979,0,0,True,LEADING-SIM-V0.1
S‑NOR018,26,0.9811,0,0.0031,1,0.9952,0,0,True,LEADING-SIM-V0.1
S‑NOR018,27,0.9803,0,0.0349,0,0.9999,0,0,True,LEADING-SIM-V0.1
S‑NOR018,28,0.9903,0,0.0224,1,0.9961,0,0,True,LEADING-SIM-V0.1
S‑NOR018,29,0.9807,0,0.0153,0,0.9951,0,0,True,LEADING-SIM-V0.1
S‑NOR018,30,0.9836,0,0.0136,1,0.9968,0,0,True,LEADING-SIM-V0.1
S‑NOR018,31,0.9841,0,0.0672,0,0.9982,0,0,True,LEADING-SIM-V0.1
S‑NOR018,32,0.9966,0,0.0142,0,0.9973,0,0,True,LEADING-SIM-V0.1
S‑NOR018,33,0.9794,0,0.0225,1,0.9959,0,0,True,LEADING-SIM-V0.1
S‑NOR018,34,0.9739,0,0.0215,1,0.9977,0,0,True,LEADING-SIM-V0.1
S‑NOR018,35,0.9881,0,0.0134,1,0.9977,0,0,True,LEADING-SIM-V0.1
S‑NOR018,36,0.9751,0,0.045,2,0.9975,0,0,True,LEADING-SIM-V0.1
S‑NOR018,37,0.9827,1,0.013,2,0.995,0,0,True,LEADING-SIM-V0.1
S‑NOR018,38,0.9936,0,0.002,1,0.9969,0,0,True,LEADING-SIM-V0.1
S‑NOR018,39,0.9992,0,0.018,1,0.996,0,0,True,LEADING-SIM-V0.1
S‑NOR018,40,0.991,0,0.0451,0,0.9946,0,0,True,LEADING-SIM-V0.1
S‑NOR018,41,0.9832,0,0.0184,1,0.9989,0,0,True,LEADING-SIM-V0.1
S‑NOR018,42,0.9805,0,0.0156,0,0.9973,0,0,True,LEADING-SIM-V0.1
S‑NOR018,43,0.9854,0,0.0414,1,0.9967,0,0,True,LEADING-SIM-V0.1
S‑NOR018,44,0.9879,0,0.061,0,0.9977,1,0,True,LEADING-SIM-V0.1
S‑NOR018,45,1.0,2,0.0039,0,0.9973,0,0,True,LEADING-SIM-V0.1
S‑NOR018,46,0.9878,0,0.021,0,0.9986,0,0,True,LEADING-SIM-V0.1
S‑NOR018,47,0.9871,0,0.0379,0,0.9984,0,0,True,LEADING-SIM-V0.1
S‑NOR018,48,0.9752,0,0.0503,0,0.9977,0,0,True,LEADING-SIM-V0.1
S‑NOR018,49,0.9929,0,0.0151,0,0.997,0,0,True,LEADING-SIM-V0.1
S‑NOR018,50,0.9826,0,0.0131,0,0.9981,0,0,True,LEADING-SIM-V0.1
S‑NOR018,51,0.972,0,0.0894,0,0.9973,1,0,True,LEADING-SIM-V0.1
S‑NOR018,52,0.9872,0,0.0266,0,0.9964,0,0,True,LEADING-SIM-V0.1
S‑NOR019,1,0.9821,0,0.0508,1,0.9976,0,0,True,LEADING-SIM-V0.1
S‑NOR019,2,0.9845,0,0.0199,0,0.9953,0,0,True,LEADING-SIM-V0.1
S‑NOR019,3,0.9807,0,0.0683,1,0.9991,0,0,True,LEADING-SIM-V0.1
S‑NOR019,4,0.9771,0,0.0262,1,0.9954,0,0,True,LEADING-SIM-V0.1
S‑NOR019,5,0.9859,0,0.025,0,0.9973,0,0,True,LEADING-SIM-V0.1
S‑NOR019,6,0.9768,0,0.0256,0,0.9966,0,0,True,LEADING-SIM-V0.1
S‑NOR019,7,0.9867,0,0.0212,0,0.9978,0,0,True,LEADING-SIM-V0.1
S‑NOR019,8,0.9849,0,0.0084,1,0.9952,0,0,True,LEADING-SIM-V0.1
S‑NOR019,9,0.9885,0,0.0282,1,0.9972,0,0,True,LEADING-SIM-V0.1
S‑NOR019,10,0.9861,1,0.0078,0,0.9976,0,0,True,LEADING-SIM-V0.1
S‑NOR019,11,0.9887,0,0.0048,0,0.9955,0,0,True,LEADING-SIM-V0.1
S‑NOR019,12,0.9849,0,0.0133,0,0.997,0,0,True,LEADING-SIM-V0.1
S‑NOR019,13,0.976,0,0.006,0,0.9975,0,0,True,LEADING-SIM-V0.1
S‑NOR019,14,0.9893,0,0.0734,1,0.9977,0,0,True,LEADING-SIM-V0.1
S‑NOR019,15,0.9844,0,0.0201,0,0.997,0,0,True,LEADING-SIM-V0.1
S‑NOR019,16,0.9878,0,0.1033,1,0.9947,1,0,True,LEADING-SIM-V0.1
S‑NOR019,17,0.974,0,0.0226,0,0.9998,0,0,True,LEADING-SIM-V0.1
S‑NOR019,18,0.9927,0,0.006,0,0.9975,0,0,True,LEADING-SIM-V0.1
S‑NOR019,19,0.9865,0,0.017,0,0.997,0,0,True,LEADING-SIM-V0.1
S‑NOR019,20,0.9805,0,0.0276,1,0.9961,0,0,True,LEADING-SIM-V0.1
S‑NOR019,21,0.9876,0,0.0334,0,0.9962,0,0,True,LEADING-SIM-V0.1
S‑NOR019,22,0.9837,0,0.0463,1,0.9973,0,0,True,LEADING-SIM-V0.1
S‑NOR019,23,0.9876,0,0.0461,0,0.9981,0,0,True,LEADING-SIM-V0.1
S‑NOR019,24,0.9949,1,0.0217,1,0.9961,0,0,True,LEADING-SIM-V0.1
S‑NOR019,25,0.9782,0,0.0018,1,0.9955,0,0,True,LEADING-SIM-V0.1
S‑NOR019,26,0.9902,0,0.1479,0,0.9959,0,0,True,LEADING-SIM-V0.1
S‑NOR019,27,0.9922,0,0.0361,0,0.997,0,0,True,LEADING-SIM-V0.1
S‑NOR019,28,0.9772,0,0.0117,0,0.9972,0,0,True,LEADING-SIM-V0.1
S‑NOR019,29,0.9774,0,0.0885,2,0.9951,0,0,True,LEADING-SIM-V0.1
S‑NOR019,30,0.9893,0,0.0078,0,0.9972,0,0,True,LEADING-SIM-V0.1
S‑NOR019,31,0.9915,0,0.0103,1,0.9982,0,1,True,LEADING-SIM-V0.1
S‑NOR019,32,0.9878,0,0.0089,0,0.9978,0,0,True,LEADING-SIM-V0.1
S‑NOR019,33,0.9938,0,0.0002,0,0.997,0,0,True,LEADING-SIM-V0.1
S‑NOR019,34,0.9861,0,0.0076,0,0.9975,0,0,True,LEADING-SIM-V0.1
S‑NOR019,35,0.9846,0,0.0289,1,0.998,0,0,True,LEADING-SIM-V0.1
S‑NOR019,36,0.9873,0,0.0101,0,0.9999,0,0,True,LEADING-SIM-V0.1
S‑NOR019,37,0.9748,0,0.0044,0,0.9977,0,0,True,LEADING-SIM-V0.1
S‑NOR019,38,0.9858,0,0.0004,0,0.9936,0,0,True,LEADING-SIM-V0.1
S‑NOR019,39,0.9832,0,0.0502,1,0.9972,0,0,True,LEADING-SIM-V0.1
S‑NOR019,40,0.9833,0,0.0068,0,0.9966,0,0,True,LEADING-SIM-V0.1
S‑NOR019,41,0.9855,0,0.1093,1,0.9995,0,0,True,LEADING-SIM-V0.1
S‑NOR019,42,0.9836,1,0.0227,0,0.9973,0,0,True,LEADING-SIM-V0.1
S‑NOR019,43,0.9723,0,0.0623,0,0.9979,0,0,True,LEADING-SIM-V0.1
S‑NOR019,44,0.9939,0,0.1302,0,0.997,0,0,True,LEADING-SIM-V0.1
S‑NOR019,45,0.9805,0,0.0515,0,0.9985,0,0,True,LEADING-SIM-V0.1
S‑NOR019,46,0.9742,0,0.0034,0,0.9951,0,0,True,LEADING-SIM-V0.1
S‑NOR019,47,0.9816,0,0.0269,0,0.997,0,0,True,LEADING-SIM-V0.1
S‑NOR019,48,0.9912,0,0.0553,0,0.9978,0,0,True,LEADING-SIM-V0.1
S‑NOR019,49,0.9856,1,0.0113,0,0.9986,0,0,True,LEADING-SIM-V0.1
S‑NOR019,50,0.992,0,0.0468,1,0.9961,0,0,True,LEADING-SIM-V0.1
S‑NOR019,51,0.9888,0,0.0226,0,0.9978,0,0,True,LEADING-SIM-V0.1
S‑NOR019,52,0.9843,0,0.0105,0,0.9963,0,0,True,LEADING-SIM-V0.1
S‑NOR020,1,0.9855,0,0.0138,0,0.9968,0,0,True,LEADING-SIM-V0.1
S‑NOR020,2,0.982,0,0.0278,3,0.996,0,0,True,LEADING-SIM-V0.1
S‑NOR020,3,0.9771,0,0.0156,0,0.9975,0,0,True,LEADING-SIM-V0.1
S‑NOR020,4,0.9749,0,0.0379,0,0.9988,0,0,True,LEADING-SIM-V0.1
S‑NOR020,5,0.9794,1,0.0011,0,0.9976,0,0,True,LEADING-SIM-V0.1
S‑NOR020,6,0.985,0,0.0431,1,0.9995,0,0,True,LEADING-SIM-V0.1
S‑NOR020,7,0.9816,0,0.0701,0,0.994,0,0,True,LEADING-SIM-V0.1
S‑NOR020,8,0.9855,0,0.0291,1,0.9943,0,0,True,LEADING-SIM-V0.1
S‑NOR020,9,0.991,0,0.0465,1,0.9972,0,0,True,LEADING-SIM-V0.1
S‑NOR020,10,0.9857,0,0.022,0,0.9969,0,0,True,LEADING-SIM-V0.1
S‑NOR020,11,0.9851,0,0.0219,3,0.9963,0,0,True,LEADING-SIM-V0.1
S‑NOR020,12,0.979,0,0.0212,2,0.9963,0,0,True,LEADING-SIM-V0.1
S‑NOR020,13,0.9877,0,0.0014,0,0.9962,0,0,True,LEADING-SIM-V0.1
S‑NOR020,14,0.9849,0,0.0355,1,0.9967,0,0,True,LEADING-SIM-V0.1
S‑NOR020,15,0.9853,0,0.0114,0,0.9967,0,0,True,LEADING-SIM-V0.1
S‑NOR020,16,0.9884,0,0.0201,1,0.9984,1,0,True,LEADING-SIM-V0.1
S‑NOR020,17,0.9893,0,0.0358,0,0.9976,0,0,True,LEADING-SIM-V0.1
S‑NOR020,18,0.9849,0,0.0464,0,0.9946,0,0,True,LEADING-SIM-V0.1
S‑NOR020,19,0.982,0,0.011,0,0.9956,0,0,True,LEADING-SIM-V0.1
S‑NOR020,20,0.991,0,0.0073,1,0.9966,0,0,True,LEADING-SIM-V0.1
S‑NOR020,21,0.9823,0,0.0086,0,0.9987,0,0,True,LEADING-SIM-V0.1
S‑NOR020,22,0.9836,0,0.0299,0,0.9989,0,0,True,LEADING-SIM-V0.1
S‑NOR020,23,0.9878,0,0.0138,0,0.9949,0,0,True,LEADING-SIM-V0.1
S‑NOR020,24,0.9829,0,0.0415,0,0.9984,0,0,True,LEADING-SIM-V0.1
S‑NOR020,25,0.9923,0,0.02,0,0.9996,0,0,True,LEADING-SIM-V0.1
S‑NOR020,26,0.9867,0,0.0281,1,0.9962,0,0,True,LEADING-SIM-V0.1
S‑NOR020,27,0.99,0,0.0008,1,0.9972,0,0,True,LEADING-SIM-V0.1
S‑NOR020,28,0.9917,0,0.0142,0,0.998,0,0,True,LEADING-SIM-V0.1
S‑NOR020,29,0.9884,0,0.0293,0,0.9974,0,0,True,LEADING-SIM-V0.1
S‑NOR020,30,0.9678,1,0.0014,0,0.9946,0,0,True,LEADING-SIM-V0.1
S‑NOR020,31,0.9801,0,0.0445,0,0.9968,0,0,True,LEADING-SIM-V0.1
S‑NOR020,32,0.9737,0,0.15,1,0.9972,0,0,True,LEADING-SIM-V0.1
S‑NOR020,33,0.986,0,0.0164,1,0.9955,0,0,True,LEADING-SIM-V0.1
S‑NOR020,34,0.9809,0,0.0257,0,0.9973,0,0,True,LEADING-SIM-V0.1
S‑NOR020,35,0.9843,0,0.0464,1,0.9941,0,1,True,LEADING-SIM-V0.1
S‑NOR020,36,0.9907,1,0.034,0,0.9935,0,0,True,LEADING-SIM-V0.1
S‑NOR020,37,0.988,0,0.0155,0,0.9948,0,0,True,LEADING-SIM-V0.1
S‑NOR020,38,0.9875,0,0.0829,0,0.9969,0,0,True,LEADING-SIM-V0.1
S‑NOR020,39,0.9867,0,0.0962,2,0.9956,0,0,True,LEADING-SIM-V0.1
S‑NOR020,40,0.9832,0,0.0029,0,0.9972,0,0,True,LEADING-SIM-V0.1
S‑NOR020,41,0.9909,0,0.024,0,0.9959,0,0,True,LEADING-SIM-V0.1
S‑NOR020,42,0.9868,0,0.0095,0,0.9969,0,0,True,LEADING-SIM-V0.1
S‑NOR020,43,0.9878,0,0.0127,1,0.9961,0,0,True,LEADING-SIM-V0.1
S‑NOR020,44,0.9811,0,0.0066,0,0.9985,0,0,True,LEADING-SIM-V0.1
S‑NOR020,45,0.9972,0,0.0019,0,0.9963,0,0,True,LEADING-SIM-V0.1
S‑NOR020,46,0.9776,0,0.0125,0,0.9973,0,0,True,LEADING-SIM-V0.1
S‑NOR020,47,0.9978,0,0.0124,1,0.9976,0,0,True,LEADING-SIM-V0.1
S‑NOR020,48,0.9886,0,0.0033,0,0.9955,0,0,True,LEADING-SIM-V0.1
S‑NOR020,49,0.9841,0,0.0363,0,0.9952,0,0,True,LEADING-SIM-V0.1
S‑NOR020,50,0.9788,0,0.0537,0,0.9968,0,0,True,LEADING-SIM-V0.1
S‑NOR020,51,0.9889,0,0.0141,1,0.9979,0,0,True,LEADING-SIM-V0.1
S‑NOR020,52,0.976,0,0.044,0,0.9963,0,0,True,LEADING-SIM-V0.1
S‑NOR021,1,0.9971,0,0.0004,0,0.9973,0,0,True,LEADING-SIM-V0.1
S‑NOR021,2,0.9743,0,0.0821,0,0.996,0,0,True,LEADING-SIM-V0.1
S‑NOR021,3,0.9987,0,0.1093,1,0.996,0,0,True,LEADING-SIM-V0.1
S‑NOR021,4,0.9912,0,0.0073,0,0.9973,0,0,True,LEADING-SIM-V0.1
S‑NOR021,5,0.9714,1,0.1049,0,0.9975,0,0,True,LEADING-SIM-V0.1
S‑NOR021,6,0.9884,0,0.0266,0,0.9971,0,0,True,LEADING-SIM-V0.1
S‑NOR021,7,0.9858,0,0.0318,0,0.9963,0,0,True,LEADING-SIM-V0.1
S‑NOR021,8,0.9779,0,0.0878,0,0.9938,0,0,True,LEADING-SIM-V0.1
S‑NOR021,9,0.982,0,0.0065,0,0.9975,0,0,True,LEADING-SIM-V0.1
S‑NOR021,10,0.9921,0,0.0102,1,0.9952,0,0,True,LEADING-SIM-V0.1
S‑NOR021,11,0.9953,0,0.023,0,0.9958,0,0,True,LEADING-SIM-V0.1
S‑NOR021,12,0.9766,0,0.0059,0,0.9948,0,1,True,LEADING-SIM-V0.1
S‑NOR021,13,0.9872,0,0.0305,0,0.997,0,0,True,LEADING-SIM-V0.1
S‑NOR021,14,0.9892,0,0.0171,0,0.9972,0,0,True,LEADING-SIM-V0.1
S‑NOR021,15,0.9939,0,0.15,2,0.9943,0,0,True,LEADING-SIM-V0.1
S‑NOR021,16,0.9846,0,0.0166,0,0.9968,0,0,True,LEADING-SIM-V0.1
S‑NOR021,17,0.9861,0,0.0246,0,0.9989,0,0,True,LEADING-SIM-V0.1
S‑NOR021,18,0.9834,1,0.0347,0,0.9969,0,0,True,LEADING-SIM-V0.1
S‑NOR021,19,0.9807,0,0.0838,0,0.9969,0,0,True,LEADING-SIM-V0.1
S‑NOR021,20,0.9879,0,0.0234,0,0.9959,0,1,True,LEADING-SIM-V0.1
S‑NOR021,21,0.9872,0,0.0234,1,0.9948,0,0,True,LEADING-SIM-V0.1
S‑NOR021,22,0.9818,0,0.0124,0,0.9976,0,0,True,LEADING-SIM-V0.1
S‑NOR021,23,0.9869,0,0.0072,0,0.9979,0,0,True,LEADING-SIM-V0.1
S‑NOR021,24,0.9912,0,0.0386,0,0.9999,0,0,True,LEADING-SIM-V0.1
S‑NOR021,25,0.9937,0,0.0121,0,0.9958,0,0,True,LEADING-SIM-V0.1
S‑NOR021,26,0.9823,0,0.0113,0,0.9974,0,0,True,LEADING-SIM-V0.1
S‑NOR021,27,0.9822,0,0.1003,1,0.9959,0,0,True,LEADING-SIM-V0.1
S‑NOR021,28,0.9868,0,0.0106,1,0.9991,0,0,True,LEADING-SIM-V0.1
S‑NOR021,29,0.9831,0,0.0105,0,0.9995,0,0,True,LEADING-SIM-V0.1
S‑NOR021,30,0.9842,0,0.0142,0,0.9971,0,0,True,LEADING-SIM-V0.1
S‑NOR021,31,0.9814,0,0.0512,0,0.9986,0,0,True,LEADING-SIM-V0.1
S‑NOR021,32,0.9804,0,0.0321,0,0.9939,0,0,True,LEADING-SIM-V0.1
S‑NOR021,33,0.9773,0,0.0318,0,0.9982,1,0,True,LEADING-SIM-V0.1
S‑NOR021,34,0.992,0,0.0314,0,0.9976,0,0,True,LEADING-SIM-V0.1
S‑NOR021,35,0.9848,0,0.0138,1,0.9964,0,0,True,LEADING-SIM-V0.1
S‑NOR021,36,0.9968,0,0.014,2,0.9971,0,0,True,LEADING-SIM-V0.1
S‑NOR021,37,0.9929,0,0.0039,0,0.9947,0,0,True,LEADING-SIM-V0.1
S‑NOR021,38,0.9802,0,0.0638,0,0.9983,0,0,True,LEADING-SIM-V0.1
S‑NOR021,39,0.992,0,0.0801,0,0.9969,0,0,True,LEADING-SIM-V0.1
S‑NOR021,40,0.9818,0,0.018,0,0.9995,0,0,True,LEADING-SIM-V0.1
S‑NOR021,41,0.9812,0,0.0268,0,1.0,0,0,True,LEADING-SIM-V0.1
S‑NOR021,42,0.9829,0,0.0405,0,0.9946,0,0,True,LEADING-SIM-V0.1
S‑NOR021,43,0.9742,0,0.0479,0,0.9983,0,0,True,LEADING-SIM-V0.1
S‑NOR021,44,0.9842,0,0.0145,0,0.9967,0,0,True,LEADING-SIM-V0.1
S‑NOR021,45,0.9834,0,0.0275,1,0.9974,0,0,True,LEADING-SIM-V0.1
S‑NOR021,46,0.9855,0,0.0314,1,0.998,0,0,True,LEADING-SIM-V0.1
S‑NOR021,47,0.9857,0,0.0031,0,0.9975,0,0,True,LEADING-SIM-V0.1
S‑NOR021,48,0.9888,0,0.0211,1,0.9973,0,0,True,LEADING-SIM-V0.1
S‑NOR021,49,0.9855,0,0.0146,1,0.998,0,0,True,LEADING-SIM-V0.1
S‑NOR021,50,0.9787,0,0.0023,1,0.9936,1,0,True,LEADING-SIM-V0.1
S‑NOR021,51,0.9769,0,0.0384,0,0.9963,0,0,True,LEADING-SIM-V0.1
S‑NOR021,52,0.9823,0,0.0085,0,0.9945,0,0,True,LEADING-SIM-V0.1
S‑NOR022,1,0.9808,1,0.0299,0,0.9946,0,0,True,LEADING-SIM-V0.1
S‑NOR022,2,0.9926,0,0.0021,0,0.9976,0,0,True,LEADING-SIM-V0.1
S‑NOR022,3,0.9992,0,0.0197,0,0.9969,0,0,True,LEADING-SIM-V0.1
S‑NOR022,4,0.9897,0,0.0276,0,0.9951,0,0,True,LEADING-SIM-V0.1
S‑NOR022,5,0.9934,0,0.0112,1,0.9973,1,0,True,LEADING-SIM-V0.1
S‑NOR022,6,0.9873,0,0.008,0,0.9986,0,0,True,LEADING-SIM-V0.1
S‑NOR022,7,0.9864,0,0.0465,0,0.9954,0,0,True,LEADING-SIM-V0.1
S‑NOR022,8,0.9812,0,0.0213,0,0.9926,1,0,True,LEADING-SIM-V0.1
S‑NOR022,9,0.9826,0,0.0092,0,0.9969,0,0,True,LEADING-SIM-V0.1
S‑NOR022,10,0.9826,1,0.0082,0,0.9953,0,0,True,LEADING-SIM-V0.1
S‑NOR022,11,0.9861,0,0.0097,0,0.9954,0,0,True,LEADING-SIM-V0.1
S‑NOR022,12,0.9808,0,0.019,1,0.9972,0,0,True,LEADING-SIM-V0.1
S‑NOR022,13,0.9832,0,0.0017,0,0.9949,0,0,True,LEADING-SIM-V0.1
S‑NOR022,14,0.9934,0,0.0604,0,0.9961,0,0,True,LEADING-SIM-V0.1
S‑NOR022,15,0.9909,0,0.0633,0,0.9981,0,0,True,LEADING-SIM-V0.1
S‑NOR022,16,0.9799,0,0.0982,0,0.9988,0,0,True,LEADING-SIM-V0.1
S‑NOR022,17,0.9844,1,0.0028,0,0.9976,0,0,True,LEADING-SIM-V0.1
S‑NOR022,18,0.9939,0,0.0299,1,0.9952,0,0,True,LEADING-SIM-V0.1
S‑NOR022,19,0.9816,1,0.0033,1,0.9984,0,0,True,LEADING-SIM-V0.1
S‑NOR022,20,0.9796,0,0.0042,1,0.998,0,0,True,LEADING-SIM-V0.1
S‑NOR022,21,0.9789,0,0.0221,0,0.9989,0,0,True,LEADING-SIM-V0.1
S‑NOR022,22,0.9798,0,0.0527,1,0.9988,0,0,True,LEADING-SIM-V0.1
S‑NOR022,23,0.9947,0,0.0245,0,0.9948,0,0,True,LEADING-SIM-V0.1
S‑NOR022,24,0.9781,0,0.0139,0,0.9952,0,0,True,LEADING-SIM-V0.1
S‑NOR022,25,0.9808,0,0.0251,0,0.9977,1,0,True,LEADING-SIM-V0.1
S‑NOR022,26,0.9856,0,0.0082,1,0.9976,0,0,True,LEADING-SIM-V0.1
S‑NOR022,27,0.9854,0,0.0139,0,0.9954,0,0,True,LEADING-SIM-V0.1
S‑NOR022,28,0.993,0,0.0283,0,0.9992,0,0,True,LEADING-SIM-V0.1
S‑NOR022,29,0.9811,0,0.0281,0,0.9984,0,0,True,LEADING-SIM-V0.1
S‑NOR022,30,0.9824,0,0.0256,0,0.9974,1,0,True,LEADING-SIM-V0.1
S‑NOR022,31,0.9824,0,0.0579,1,0.9983,0,0,True,LEADING-SIM-V0.1
S‑NOR022,32,0.985,0,0.0022,0,0.9969,0,0,True,LEADING-SIM-V0.1
S‑NOR022,33,0.9815,0,0.0746,0,0.995,0,0,True,LEADING-SIM-V0.1
S‑NOR022,34,0.9779,0,0.0243,0,0.9949,0,0,True,LEADING-SIM-V0.1
S‑NOR022,35,0.9878,0,0.0352,2,0.9976,0,0,True,LEADING-SIM-V0.1
S‑NOR022,36,0.9985,0,0.0327,0,0.9979,0,0,True,LEADING-SIM-V0.1
S‑NOR022,37,0.9909,0,0.0589,1,0.9977,0,0,True,LEADING-SIM-V0.1
S‑NOR022,38,0.9835,1,0.0236,0,0.9968,0,0,True,LEADING-SIM-V0.1
S‑NOR022,39,0.9794,0,0.0375,0,0.9987,0,0,True,LEADING-SIM-V0.1
S‑NOR022,40,0.9834,1,0.0051,0,0.9963,0,0,True,LEADING-SIM-V0.1
S‑NOR022,41,0.9912,0,0.003,0,0.9956,0,0,True,LEADING-SIM-V0.1
S‑NOR022,42,0.9935,0,0.15,1,0.9961,0,0,True,LEADING-SIM-V0.1
S‑NOR022,43,0.9904,0,0.0757,0,0.9997,0,0,True,LEADING-SIM-V0.1
S‑NOR022,44,0.9859,0,0.039,0,0.9962,0,0,True,LEADING-SIM-V0.1
S‑NOR022,45,0.9765,0,0.0162,1,0.9968,0,0,True,LEADING-SIM-V0.1
S‑NOR022,46,0.9847,0,0.0465,0,0.9965,0,0,True,LEADING-SIM-V0.1
S‑NOR022,47,0.9778,1,0.005,2,0.9974,1,0,True,LEADING-SIM-V0.1
S‑NOR022,48,0.974,1,0.0365,0,0.9984,0,0,True,LEADING-SIM-V0.1
S‑NOR022,49,0.9823,0,0.0066,1,0.9972,0,0,True,LEADING-SIM-V0.1
S‑NOR022,50,0.985,0,0.0693,0,0.9972,0,0,True,LEADING-SIM-V0.1
S‑NOR022,51,0.9787,0,0.1184,0,0.9998,0,0,True,LEADING-SIM-V0.1
S‑NOR022,52,0.9831,0,0.0135,0,0.9972,0,0,True,LEADING-SIM-V0.1
S‑NOR023,1,0.9809,0,0.027,0,0.9978,0,0,True,LEADING-SIM-V0.1
S‑NOR023,2,0.9817,0,0.0239,1,0.9976,0,0,True,LEADING-SIM-V0.1
S‑NOR023,3,0.991,0,0.0134,0,0.9987,0,0,True,LEADING-SIM-V0.1
S‑NOR023,4,0.9869,0,0.0525,0,0.9982,0,0,True,LEADING-SIM-V0.1
S‑NOR023,5,0.9794,0,0.0162,0,0.9964,0,0,True,LEADING-SIM-V0.1
S‑NOR023,6,0.9943,1,0.0122,1,0.9962,1,0,True,LEADING-SIM-V0.1
S‑NOR023,7,0.9779,0,0.0007,1,0.9974,1,0,True,LEADING-SIM-V0.1
S‑NOR023,8,0.9854,0,0.0181,0,0.9993,0,0,True,LEADING-SIM-V0.1
S‑NOR023,9,0.9892,0,0.0092,0,0.9965,0,0,True,LEADING-SIM-V0.1
S‑NOR023,10,0.9842,0,0.0162,1,0.9974,0,0,True,LEADING-SIM-V0.1
S‑NOR023,11,0.9894,0,0.0536,0,0.9983,0,0,True,LEADING-SIM-V0.1
S‑NOR023,12,0.9847,0,0.0379,0,0.9956,1,0,True,LEADING-SIM-V0.1
S‑NOR023,13,0.9774,0,0.0212,1,0.9995,0,0,True,LEADING-SIM-V0.1
S‑NOR023,14,0.974,0,0.0447,0,0.9943,0,0,True,LEADING-SIM-V0.1
S‑NOR023,15,0.9848,0,0.0012,1,0.9976,0,0,True,LEADING-SIM-V0.1
S‑NOR023,16,0.9955,0,0.024,0,0.9953,0,0,True,LEADING-SIM-V0.1
S‑NOR023,17,0.9861,0,0.0732,0,0.9971,0,0,True,LEADING-SIM-V0.1
S‑NOR023,18,0.9898,0,0.0085,0,0.9971,0,0,True,LEADING-SIM-V0.1
S‑NOR023,19,0.9829,0,0.0108,1,0.9981,0,0,True,LEADING-SIM-V0.1
S‑NOR023,20,0.982,0,0.0402,0,0.9984,1,0,True,LEADING-SIM-V0.1
S‑NOR023,21,0.9794,0,0.0232,0,0.9957,0,0,True,LEADING-SIM-V0.1
S‑NOR023,22,0.9843,0,0.0269,1,0.996,0,0,True,LEADING-SIM-V0.1
S‑NOR023,23,0.9894,0,0.0008,1,0.9987,0,0,True,LEADING-SIM-V0.1
S‑NOR023,24,0.9816,0,0.024,0,0.9968,0,0,True,LEADING-SIM-V0.1
S‑NOR023,25,0.9856,0,0.0419,0,0.9977,0,0,True,LEADING-SIM-V0.1
S‑NOR023,26,0.9802,0,0.072,1,0.9979,0,0,True,LEADING-SIM-V0.1
S‑NOR023,27,0.9882,0,0.0601,1,0.9945,0,0,True,LEADING-SIM-V0.1
S‑NOR023,28,0.9875,0,0.0004,0,0.9964,0,0,True,LEADING-SIM-V0.1
S‑NOR023,29,0.991,0,0.0598,1,0.9988,0,0,True,LEADING-SIM-V0.1
S‑NOR023,30,0.9886,0,0.0545,1,0.9959,0,0,True,LEADING-SIM-V0.1
S‑NOR023,31,0.9871,0,0.0246,0,0.9958,0,0,True,LEADING-SIM-V0.1
S‑NOR023,32,0.9846,0,0.0214,1,0.9987,0,0,True,LEADING-SIM-V0.1
S‑NOR023,33,0.995,0,0.0558,1,0.995,0,0,True,LEADING-SIM-V0.1
S‑NOR023,34,0.9874,1,0.0119,1,0.9983,0,0,True,LEADING-SIM-V0.1
S‑NOR023,35,0.9797,0,0.0257,1,0.9986,0,0,True,LEADING-SIM-V0.1
S‑NOR023,36,0.9821,1,0.0065,0,0.9998,0,0,True,LEADING-SIM-V0.1
S‑NOR023,37,0.9852,1,0.009,1,0.9959,0,0,True,LEADING-SIM-V0.1
S‑NOR023,38,0.9961,0,0.0653,0,0.9977,0,0,True,LEADING-SIM-V0.1
S‑NOR023,39,0.9844,0,0.0332,0,0.9968,0,0,True,LEADING-SIM-V0.1
S‑NOR023,40,0.9687,0,0.0505,0,0.9977,0,0,True,LEADING-SIM-V0.1
S‑NOR023,41,0.9895,0,0.0063,0,0.9967,0,0,True,LEADING-SIM-V0.1
S‑NOR023,42,0.9878,0,0.0759,0,0.9969,0,0,True,LEADING-SIM-V0.1
S‑NOR023,43,0.9854,0,0.0037,0,0.9971,0,0,True,LEADING-SIM-V0.1
S‑NOR023,44,0.9858,0,0.0712,0,0.9965,0,0,True,LEADING-SIM-V0.1
S‑NOR023,45,0.9739,0,0.0651,0,0.9975,0,0,True,LEADING-SIM-V0.1
S‑NOR023,46,1.0,0,0.0042,0,0.9969,0,0,True,LEADING-SIM-V0.1
S‑NOR023,47,0.9898,0,0.0152,2,0.9966,0,0,True,LEADING-SIM-V0.1
S‑NOR023,48,0.9916,0,0.0201,0,0.9955,0,0,True,LEADING-SIM-V0.1
S‑NOR023,49,0.9926,0,0.0099,0,0.9952,0,0,True,LEADING-SIM-V0.1
S‑NOR023,50,0.9919,1,0.0208,0,0.9968,0,0,True,LEADING-SIM-V0.1
S‑NOR023,51,0.9904,0,0.0774,0,0.9988,0,0,True,LEADING-SIM-V0.1
S‑NOR023,52,0.9669,0,0.0335,0,0.9947,0,0,True,LEADING-SIM-V0.1
S‑NOR024,1,0.9833,0,0.0562,0,0.9962,0,0,True,LEADING-SIM-V0.1
S‑NOR024,2,0.9813,0,0.0201,0,0.9952,0,0,True,LEADING-SIM-V0.1
S‑NOR024,3,0.9829,0,0.1031,0,0.9972,0,0,True,LEADING-SIM-V0.1
S‑NOR024,4,0.9858,0,0.004,1,0.9975,0,0,True,LEADING-SIM-V0.1
S‑NOR024,5,0.9814,0,0.0058,0,0.9967,0,0,True,LEADING-SIM-V0.1
S‑NOR024,6,0.9855,0,0.0775,0,0.999,0,0,True,LEADING-SIM-V0.1
S‑NOR024,7,0.9664,0,0.0402,0,0.9979,0,0,True,LEADING-SIM-V0.1
S‑NOR024,8,0.9906,0,0.0133,0,0.9953,0,0,True,LEADING-SIM-V0.1
S‑NOR024,9,0.985,0,0.0334,1,0.9988,1,0,True,LEADING-SIM-V0.1
S‑NOR024,10,0.9836,0,0.13,2,0.9974,0,0,True,LEADING-SIM-V0.1
S‑NOR024,11,0.9891,1,0.0044,0,0.9963,0,0,True,LEADING-SIM-V0.1
S‑NOR024,12,0.9828,0,0.0117,0,0.9957,0,0,True,LEADING-SIM-V0.1
S‑NOR024,13,0.972,0,0.046,0,0.996,0,0,True,LEADING-SIM-V0.1
S‑NOR024,14,0.9841,0,0.0008,0,0.9996,0,0,True,LEADING-SIM-V0.1
S‑NOR024,15,0.9838,2,0.0302,1,0.9969,0,0,True,LEADING-SIM-V0.1
S‑NOR024,16,0.9777,0,0.0137,1,0.9971,0,0,True,LEADING-SIM-V0.1
S‑NOR024,17,0.9791,0,0.0332,0,0.9987,0,0,True,LEADING-SIM-V0.1
S‑NOR024,18,0.9921,0,0.002,0,0.997,1,0,True,LEADING-SIM-V0.1
S‑NOR024,19,0.9842,0,0.0061,1,0.9995,0,0,True,LEADING-SIM-V0.1
S‑NOR024,20,0.9903,0,0.0716,0,0.9977,0,0,True,LEADING-SIM-V0.1
S‑NOR024,21,0.9869,0,0.0161,0,0.9971,0,0,True,LEADING-SIM-V0.1
S‑NOR024,22,0.9861,0,0.0124,0,0.9952,0,0,True,LEADING-SIM-V0.1
S‑NOR024,23,0.9919,0,0.0165,0,0.9944,0,0,True,LEADING-SIM-V0.1
S‑NOR024,24,0.9849,0,0.0748,0,0.9994,0,0,True,LEADING-SIM-V0.1
S‑NOR024,25,0.9934,0,0.0304,1,0.9979,0,0,True,LEADING-SIM-V0.1
S‑NOR024,26,0.9736,0,0.0653,0,0.9964,0,0,True,LEADING-SIM-V0.1
S‑NOR024,27,0.9724,0,0.0107,0,0.9947,0,0,True,LEADING-SIM-V0.1
S‑NOR024,28,0.995,0,0.0476,2,0.9965,0,0,True,LEADING-SIM-V0.1
S‑NOR024,29,0.9828,1,0.0472,1,0.9963,0,0,True,LEADING-SIM-V0.1
S‑NOR024,30,0.989,0,0.0235,0,0.9969,0,0,True,LEADING-SIM-V0.1
S‑NOR024,31,0.9917,0,0.0154,0,0.9982,0,0,True,LEADING-SIM-V0.1
S‑NOR024,32,0.9903,0,0.0361,1,0.996,0,0,True,LEADING-SIM-V0.1
S‑NOR024,33,0.9791,0,0.1237,0,0.9972,0,0,True,LEADING-SIM-V0.1
S‑NOR024,34,0.9791,0,0.0278,0,0.9957,0,0,True,LEADING-SIM-V0.1
S‑NOR024,35,0.9885,0,0.0106,0,0.9943,0,0,True,LEADING-SIM-V0.1
S‑NOR024,36,0.9893,0,0.0016,0,0.9934,0,0,True,LEADING-SIM-V0.1
S‑NOR024,37,0.9948,0,0.0326,1,0.9989,0,0,True,LEADING-SIM-V0.1
S‑NOR024,38,1.0,0,0.027,0,0.997,0,0,True,LEADING-SIM-V0.1
S‑NOR024,39,0.9838,0,0.0596,0,0.9979,0,0,True,LEADING-SIM-V0.1
S‑NOR024,40,0.9861,0,0.0155,0,0.9963,0,0,True,LEADING-SIM-V0.1
S‑NOR024,41,0.9867,0,0.0272,0,0.9978,0,0,True,LEADING-SIM-V0.1
S‑NOR024,42,0.9903,1,0.028,1,0.9993,0,0,True,LEADING-SIM-V0.1
S‑NOR024,43,0.9876,0,0.0296,1,0.9996,0,0,True,LEADING-SIM-V0.1
S‑NOR024,44,0.9748,0,0.0264,0,0.9958,1,0,True,LEADING-SIM-V0.1
S‑NOR024,45,0.9825,1,0.0142,0,0.9978,0,0,True,LEADING-SIM-V0.1
S‑NOR024,46,0.978,0,0.0212,2,0.9978,0,0,True,LEADING-SIM-V0.1
S‑NOR024,47,0.9844,0,0.0344,0,0.9973,0,0,True,LEADING-SIM-V0.1
S‑NOR024,48,0.9848,0,0.0434,1,0.9957,0,0,True,LEADING-SIM-V0.1
S‑NOR024,49,0.9863,0,0.0472,0,0.9999,0,0,True,LEADING-SIM-V0.1
S‑NOR024,50,0.9875,0,0.0255,0,1.0,0,0,True,LEADING-SIM-V0.1
S‑NOR024,51,0.9864,0,0.0667,0,0.9977,0,0,True,LEADING-SIM-V0.1
S‑NOR024,52,0.9854,1,0.0094,0,0.996,0,0,True,LEADING-SIM-V0.1
S‑NOR025,1,0.9811,0,0.0113,1,0.9956,0,0,True,LEADING-SIM-V0.1
S‑NOR025,2,0.9952,0,0.0424,1,0.9983,0,0,True,LEADING-SIM-V0.1
S‑NOR025,3,0.9873,0,0.0416,0,0.9975,0,0,True,LEADING-SIM-V0.1
S‑NOR025,4,0.9841,0,0.0027,1,0.9976,0,0,True,LEADING-SIM-V0.1
S‑NOR025,5,0.98,1,0.0591,1,0.9975,0,0,True,LEADING-SIM-V0.1
S‑NOR025,6,0.9878,0,0.0577,0,0.9969,0,0,True,LEADING-SIM-V0.1
S‑NOR025,7,0.9923,1,0.0165,0,0.9941,0,0,True,LEADING-SIM-V0.1
S‑NOR025,8,0.99,0,0.0414,0,0.9961,0,0,True,LEADING-SIM-V0.1
S‑NOR025,9,0.9933,0,0.0093,0,0.9977,0,0,True,LEADING-SIM-V0.1
S‑NOR025,10,0.9883,0,0.0067,0,0.9961,0,0,True,LEADING-SIM-V0.1
S‑NOR025,11,0.9771,0,0.0307,0,0.9986,0,0,True,LEADING-SIM-V0.1
S‑NOR025,12,0.9829,0,0.002,0,0.9962,0,0,True,LEADING-SIM-V0.1
S‑NOR025,13,0.9822,0,0.0144,0,0.9975,0,0,True,LEADING-SIM-V0.1
S‑NOR025,14,0.9772,0,0.0363,0,0.9996,0,0,True,LEADING-SIM-V0.1
S‑NOR025,15,0.982,0,0.0204,0,0.9967,0,0,True,LEADING-SIM-V0.1
S‑NOR025,16,0.9864,0,0.0527,0,0.9963,1,0,True,LEADING-SIM-V0.1
S‑NOR025,17,0.9895,0,0.005,0,0.9988,0,0,True,LEADING-SIM-V0.1
S‑NOR025,18,0.9847,1,0.0044,1,0.997,0,0,True,LEADING-SIM-V0.1
S‑NOR025,19,0.9867,0,0.0172,0,0.9957,0,0,True,LEADING-SIM-V0.1
S‑NOR025,20,0.9794,0,0.0023,0,0.9988,0,0,True,LEADING-SIM-V0.1
S‑NOR025,21,0.9937,0,0.0034,0,0.9965,0,0,True,LEADING-SIM-V0.1
S‑NOR025,22,0.9892,0,0.0406,0,0.9974,0,0,True,LEADING-SIM-V0.1
S‑NOR025,23,0.9796,0,0.0189,0,0.998,0,0,True,LEADING-SIM-V0.1
S‑NOR025,24,0.9819,1,0.0077,1,0.9955,0,1,True,LEADING-SIM-V0.1
S‑NOR025,25,0.987,0,0.0034,1,0.9965,1,0,True,LEADING-SIM-V0.1
S‑NOR025,26,0.9808,0,0.0298,0,0.996,0,0,True,LEADING-SIM-V0.1
S‑NOR025,27,0.9887,0,0.0206,1,0.9946,0,0,True,LEADING-SIM-V0.1
S‑NOR025,28,0.9895,0,0.0399,1,0.9983,0,0,True,LEADING-SIM-V0.1
S‑NOR025,29,0.9929,0,0.0074,1,0.9958,0,0,True,LEADING-SIM-V0.1
S‑NOR025,30,0.9831,0,0.0159,0,0.9961,0,0,True,LEADING-SIM-V0.1
S‑NOR025,31,0.9823,0,0.0132,1,0.9967,0,0,True,LEADING-SIM-V0.1
S‑NOR025,32,0.9858,1,0.0718,0,0.9973,0,0,True,LEADING-SIM-V0.1
S‑NOR025,33,0.9837,0,0.0082,0,0.9947,0,0,True,LEADING-SIM-V0.1
S‑NOR025,34,0.9863,0,0.0249,0,0.9966,0,0,True,LEADING-SIM-V0.1
S‑NOR025,35,0.9752,0,0.0328,0,0.998,0,0,True,LEADING-SIM-V0.1
S‑NOR025,36,0.981,0,0.0286,0,0.9959,0,0,True,LEADING-SIM-V0.1
S‑NOR025,37,0.986,0,0.0502,1,0.9981,0,0,True,LEADING-SIM-V0.1
S‑NOR025,38,0.985,0,0.0073,0,0.994,0,0,True,LEADING-SIM-V0.1
S‑NOR025,39,0.9819,0,0.0802,0,0.9956,0,0,True,LEADING-SIM-V0.1
S‑NOR025,40,0.9856,0,0.0267,1,1.0,0,0,True,LEADING-SIM-V0.1
S‑NOR025,41,0.9911,1,0.0353,0,0.9971,0,0,True,LEADING-SIM-V0.1
S‑NOR025,42,0.9959,0,0.021,1,0.9983,0,0,True,LEADING-SIM-V0.1
S‑NOR025,43,0.9884,0,0.0191,1,0.9979,0,0,True,LEADING-SIM-V0.1
S‑NOR025,44,0.9898,0,0.0179,0,0.9964,0,0,True,LEADING-SIM-V0.1
S‑NOR025,45,0.9945,0,0.0745,0,0.9946,0,0,True,LEADING-SIM-V0.1
S‑NOR025,46,0.9844,0,0.051,0,0.9977,0,0,True,LEADING-SIM-V0.1
S‑NOR025,47,0.9813,0,0.0344,0,0.9952,0,0,True,LEADING-SIM-V0.1
S‑NOR025,48,0.9848,0,0.023,0,0.9948,0,0,True,LEADING-SIM-V0.1
S‑NOR025,49,0.9812,0,0.0425,1,0.9992,0,0,True,LEADING-SIM-V0.1
S‑NOR025,50,0.9784,0,0.0714,1,0.9969,0,0,True,LEADING-SIM-V0.1
S‑NOR025,51,0.9894,0,0.0056,0,0.9981,0,0,True,LEADING-SIM-V0.1
S‑NOR025,52,0.9872,0,0.0852,0,0.9986,0,0,True,LEADING-SIM-V0.1
S‑NOR026,1,0.9748,0,0.0367,0,0.995,0,0,True,LEADING-SIM-V0.1
S‑NOR026,2,0.9867,0,0.0207,1,0.9959,0,0,True,LEADING-SIM-V0.1
S‑NOR026,3,0.9822,0,0.0479,0,0.9983,0,0,True,LEADING-SIM-V0.1
S‑NOR026,4,0.9823,1,0.04,0,0.9972,0,0,True,LEADING-SIM-V0.1
S‑NOR026,5,0.9833,0,0.0632,1,0.9963,0,0,True,LEADING-SIM-V0.1
S‑NOR026,6,0.9828,0,0.0807,1,0.998,0,0,True,LEADING-SIM-V0.1
S‑NOR026,7,0.9826,0,0.0161,0,0.9969,0,0,True,LEADING-SIM-V0.1
S‑NOR026,8,0.9777,0,0.0003,2,0.9995,0,0,True,LEADING-SIM-V0.1
S‑NOR026,9,0.9809,1,0.0167,0,0.9955,0,0,True,LEADING-SIM-V0.1
S‑NOR026,10,0.9816,0,0.0044,1,0.9966,0,0,True,LEADING-SIM-V0.1
S‑NOR026,11,0.9794,0,0.0112,1,0.9956,0,0,True,LEADING-SIM-V0.1
S‑NOR026,12,0.9805,0,0.0049,0,0.9952,0,0,True,LEADING-SIM-V0.1
S‑NOR026,13,0.9818,0,0.0045,0,0.9966,1,0,True,LEADING-SIM-V0.1
S‑NOR026,14,0.9852,0,0.0351,0,0.9941,0,0,True,LEADING-SIM-V0.1
S‑NOR026,15,0.9864,1,0.087,0,0.9993,0,0,True,LEADING-SIM-V0.1
S‑NOR026,16,0.9862,0,0.1034,0,0.9967,0,0,True,LEADING-SIM-V0.1
S‑NOR026,17,0.9889,0,0.0498,0,0.9957,0,0,True,LEADING-SIM-V0.1
S‑NOR026,18,0.981,0,0.0441,1,0.9971,0,0,True,LEADING-SIM-V0.1
S‑NOR026,19,0.994,0,0.0033,0,0.9953,0,0,True,LEADING-SIM-V0.1
S‑NOR026,20,0.9839,0,0.0065,0,0.9967,0,0,True,LEADING-SIM-V0.1
S‑NOR026,21,0.9789,1,0.0128,0,0.997,1,0,True,LEADING-SIM-V0.1
S‑NOR026,22,0.9744,0,0.0444,0,0.9964,0,0,True,LEADING-SIM-V0.1
S‑NOR026,23,0.9875,0,0.0102,0,0.9949,0,0,True,LEADING-SIM-V0.1
S‑NOR026,24,0.9756,0,0.0354,0,0.9962,0,0,True,LEADING-SIM-V0.1
S‑NOR026,25,0.9848,0,0.0348,0,0.9979,0,0,True,LEADING-SIM-V0.1
S‑NOR026,26,0.979,0,0.027,0,0.9967,0,0,True,LEADING-SIM-V0.1
S‑NOR026,27,0.9834,0,0.0213,0,0.9981,0,0,True,LEADING-SIM-V0.1
S‑NOR026,28,0.9833,0,0.0009,1,0.9955,0,0,True,LEADING-SIM-V0.1
S‑NOR026,29,0.9774,1,0.0041,1,0.9948,0,0,True,LEADING-SIM-V0.1
S‑NOR026,30,0.9823,0,0.016,0,0.9958,1,0,True,LEADING-SIM-V0.1
S‑NOR026,31,0.9839,0,0.0225,0,0.9987,0,0,True,LEADING-SIM-V0.1
S‑NOR026,32,0.9891,0,0.0337,1,0.9963,0,0,True,LEADING-SIM-V0.1
S‑NOR026,33,0.9853,0,0.0273,0,0.9945,0,0,True,LEADING-SIM-V0.1
S‑NOR026,34,0.9916,0,0.0064,0,0.9975,0,0,True,LEADING-SIM-V0.1
S‑NOR026,35,0.9885,1,0.0085,2,0.9982,0,0,True,LEADING-SIM-V0.1
S‑NOR026,36,0.9755,0,0.0184,0,0.9918,0,0,True,LEADING-SIM-V0.1
S‑NOR026,37,0.9897,0,0.0565,0,0.997,0,0,True,LEADING-SIM-V0.1
S‑NOR026,38,1.0,1,0.0318,0,0.9968,0,0,True,LEADING-SIM-V0.1
S‑NOR026,39,0.9922,0,0.0888,0,0.9956,0,0,True,LEADING-SIM-V0.1
S‑NOR026,40,0.9798,0,0.0569,2,0.9967,0,0,True,LEADING-SIM-V0.1
S‑NOR026,41,0.9969,0,0.0121,1,0.9971,0,0,True,LEADING-SIM-V0.1
S‑NOR026,42,0.9854,0,0.0677,0,0.996,0,0,True,LEADING-SIM-V0.1
S‑NOR026,43,0.9768,1,0.0973,0,0.9967,0,0,True,LEADING-SIM-V0.1
S‑NOR026,44,0.9844,0,0.0208,0,0.9967,0,0,True,LEADING-SIM-V0.1
S‑NOR026,45,0.9824,0,0.1384,1,0.9975,0,0,True,LEADING-SIM-V0.1
S‑NOR026,46,0.9732,0,0.0117,1,0.9986,0,0,True,LEADING-SIM-V0.1
S‑NOR026,47,0.9869,0,0.0836,0,0.998,0,0,True,LEADING-SIM-V0.1
S‑NOR026,48,0.9842,0,0.0344,1,0.9975,0,0,True,LEADING-SIM-V0.1
S‑NOR026,49,0.982,0,0.0395,0,0.9961,0,0,True,LEADING-SIM-V0.1
S‑NOR026,50,0.9914,0,0.0059,1,1.0,0,0,True,LEADING-SIM-V0.1
S‑NOR026,51,0.9895,0,0.0194,1,0.9971,0,0,True,LEADING-SIM-V0.1
S‑NOR026,52,0.9839,1,0.0191,1,0.9978,0,0,True,LEADING-SIM-V0.1
S‑NOR027,1,0.9831,0,0.003,0,0.9968,0,0,True,LEADING-SIM-V0.1
S‑NOR027,2,0.9906,0,0.142,0,0.9971,0,0,True,LEADING-SIM-V0.1
S‑NOR027,3,0.9856,0,0.0321,0,0.9963,0,0,True,LEADING-SIM-V0.1
S‑NOR027,4,0.9924,0,0.009,1,0.9974,0,0,True,LEADING-SIM-V0.1
S‑NOR027,5,0.9793,0,0.0596,1,0.995,0,0,True,LEADING-SIM-V0.1
S‑NOR027,6,0.9877,1,0.1102,0,0.9962,0,0,True,LEADING-SIM-V0.1
S‑NOR027,7,0.9856,0,0.016,0,0.9945,0,0,True,LEADING-SIM-V0.1
S‑NOR027,8,0.9833,0,0.022,0,0.9985,0,0,True,LEADING-SIM-V0.1
S‑NOR027,9,0.9843,0,0.0118,0,0.9975,0,0,True,LEADING-SIM-V0.1
S‑NOR027,10,0.9804,1,0.0302,0,0.9973,0,0,True,LEADING-SIM-V0.1
S‑NOR027,11,0.9847,1,0.0484,0,0.9966,0,0,True,LEADING-SIM-V0.1
S‑NOR027,12,0.9929,0,0.0262,0,0.996,0,0,True,LEADING-SIM-V0.1
S‑NOR027,13,0.9835,0,0.0128,0,0.9979,0,0,True,LEADING-SIM-V0.1
S‑NOR027,14,0.9842,0,0.1158,0,0.9964,0,0,True,LEADING-SIM-V0.1
S‑NOR027,15,0.9923,0,0.0346,0,0.9979,0,0,True,LEADING-SIM-V0.1
S‑NOR027,16,0.9816,0,0.031,0,0.9977,0,0,True,LEADING-SIM-V0.1
S‑NOR027,17,0.9858,0,0.0101,0,0.9952,0,0,True,LEADING-SIM-V0.1
S‑NOR027,18,0.9781,0,0.0362,1,0.9976,0,0,True,LEADING-SIM-V0.1
S‑NOR027,19,0.9889,0,0.0097,1,0.9946,0,0,True,LEADING-SIM-V0.1
S‑NOR027,20,0.9896,1,0.0164,0,0.9982,0,0,True,LEADING-SIM-V0.1
S‑NOR027,21,0.9808,0,0.019,1,0.9957,0,0,True,LEADING-SIM-V0.1
S‑NOR027,22,0.9872,0,0.0191,1,0.9974,0,0,True,LEADING-SIM-V0.1
S‑NOR027,23,0.9744,0,0.0526,1,1.0,0,0,True,LEADING-SIM-V0.1
S‑NOR027,24,0.9889,0,0.002,0,0.995,0,0,True,LEADING-SIM-V0.1
S‑NOR027,25,0.9917,0,0.0188,1,0.9969,0,0,True,LEADING-SIM-V0.1
S‑NOR027,26,0.985,1,0.0373,1,0.998,0,0,True,LEADING-SIM-V0.1
S‑NOR027,27,0.9858,0,0.0321,0,0.9956,0,0,True,LEADING-SIM-V0.1
S‑NOR027,28,0.9811,0,0.0461,0,0.9968,0,0,True,LEADING-SIM-V0.1
S‑NOR027,29,0.9804,0,0.0152,0,0.9991,0,0,True,LEADING-SIM-V0.1
S‑NOR027,30,0.9817,0,0.0707,1,0.9965,0,0,True,LEADING-SIM-V0.1
S‑NOR027,31,0.9835,0,0.0953,1,0.9989,0,0,True,LEADING-SIM-V0.1
S‑NOR027,32,0.9927,0,0.022,0,0.9951,0,0,True,LEADING-SIM-V0.1
S‑NOR027,33,0.9847,0,0.0021,0,0.9982,0,1,True,LEADING-SIM-V0.1
S‑NOR027,34,0.9786,0,0.0212,0,0.9961,0,0,True,LEADING-SIM-V0.1
S‑NOR027,35,0.9883,0,0.0207,0,0.9944,0,0,True,LEADING-SIM-V0.1
S‑NOR027,36,0.9841,0,0.0314,0,0.9967,0,0,True,LEADING-SIM-V0.1
S‑NOR027,37,0.9799,1,0.0519,1,0.9972,0,0,True,LEADING-SIM-V0.1
S‑NOR027,38,0.9816,0,0.0163,1,0.9964,0,0,True,LEADING-SIM-V0.1
S‑NOR027,39,0.985,0,0.0126,0,0.9964,0,0,True,LEADING-SIM-V0.1
S‑NOR027,40,0.9773,0,0.0029,0,0.9936,0,0,True,LEADING-SIM-V0.1
S‑NOR027,41,0.9784,0,0.0723,0,0.9959,0,0,True,LEADING-SIM-V0.1
S‑NOR027,42,0.9902,2,0.0198,0,0.999,0,0,True,LEADING-SIM-V0.1
S‑NOR027,43,0.9844,1,0.0162,0,0.9971,0,0,True,LEADING-SIM-V0.1
S‑NOR027,44,0.9746,0,0.003,1,0.995,0,0,True,LEADING-SIM-V0.1
S‑NOR027,45,0.9864,0,0.027,0,0.9947,0,0,True,LEADING-SIM-V0.1
S‑NOR027,46,0.9833,0,0.0208,0,0.9957,0,0,True,LEADING-SIM-V0.1
S‑NOR027,47,0.9784,1,0.0025,0,0.9978,0,0,True,LEADING-SIM-V0.1
S‑NOR027,48,0.987,0,0.0112,0,0.9968,0,0,True,LEADING-SIM-V0.1
S‑NOR027,49,0.9798,0,0.0323,1,0.9977,0,0,True,LEADING-SIM-V0.1
S‑NOR027,50,0.9762,0,0.0058,2,0.9974,0,0,True,LEADING-SIM-V0.1
S‑NOR027,51,0.9796,0,0.0399,1,0.9973,0,0,True,LEADING-SIM-V0.1
S‑NOR027,52,0.9856,0,0.0042,0,0.9974,0,0,True,LEADING-SIM-V0.1
S‑NOR028,1,0.988,0,0.0087,0,0.9977,0,0,True,LEADING-SIM-V0.1
S‑NOR028,2,0.9878,0,0.032,0,0.9969,0,0,True,LEADING-SIM-V0.1
S‑NOR028,3,0.9944,0,0.0089,1,0.9973,0,0,True,LEADING-SIM-V0.1
S‑NOR028,4,0.9815,0,0.0625,0,0.9976,0,0,True,LEADING-SIM-V0.1
S‑NOR028,5,0.9872,0,0.01,1,0.9972,0,0,True,LEADING-SIM-V0.1
S‑NOR028,6,0.9873,0,0.0332,0,0.9963,0,0,True,LEADING-SIM-V0.1
S‑NOR028,7,0.9839,1,0.0059,1,0.9954,0,0,True,LEADING-SIM-V0.1
S‑NOR028,8,0.9946,1,0.015,1,0.9966,0,0,True,LEADING-SIM-V0.1
S‑NOR028,9,0.9908,0,0.0533,0,0.9974,0,0,True,LEADING-SIM-V0.1
S‑NOR028,10,0.9888,1,0.0062,0,0.9968,0,0,True,LEADING-SIM-V0.1
S‑NOR028,11,0.9792,0,0.0386,0,0.9986,0,0,True,LEADING-SIM-V0.1
S‑NOR028,12,0.994,0,0.0146,0,0.9989,1,0,True,LEADING-SIM-V0.1
S‑NOR028,13,0.986,0,0.0493,1,0.9962,0,0,True,LEADING-SIM-V0.1
S‑NOR028,14,0.992,0,0.0964,0,0.9989,0,0,True,LEADING-SIM-V0.1
S‑NOR028,15,0.9793,0,0.034,0,0.9967,0,0,True,LEADING-SIM-V0.1
S‑NOR028,16,0.9887,1,0.0097,0,0.9985,0,0,True,LEADING-SIM-V0.1
S‑NOR028,17,0.9916,0,0.039,0,0.9956,0,0,True,LEADING-SIM-V0.1
S‑NOR028,18,0.9825,0,0.001,0,0.9986,0,0,True,LEADING-SIM-V0.1
S‑NOR028,19,0.9954,0,0.0464,1,0.9978,0,0,True,LEADING-SIM-V0.1
S‑NOR028,20,0.9818,0,0.0431,0,0.9993,0,0,True,LEADING-SIM-V0.1
S‑NOR028,21,1.0,0,0.0136,0,0.9957,0,0,True,LEADING-SIM-V0.1
S‑NOR028,22,0.9836,0,0.0195,0,0.9959,0,0,True,LEADING-SIM-V0.1
S‑NOR028,23,0.9898,0,0.0278,1,0.9992,0,0,True,LEADING-SIM-V0.1
S‑NOR028,24,0.98,0,0.0333,0,0.9962,0,0,True,LEADING-SIM-V0.1
S‑NOR028,25,0.9832,0,0.0526,1,0.9954,0,0,True,LEADING-SIM-V0.1
S‑NOR028,26,0.9701,0,0.0292,0,0.9997,0,0,True,LEADING-SIM-V0.1
S‑NOR028,27,0.9692,0,0.0055,1,0.9966,0,0,True,LEADING-SIM-V0.1
S‑NOR028,28,0.9976,0,0.0378,0,0.9952,0,0,True,LEADING-SIM-V0.1
S‑NOR028,29,0.9976,0,0.0424,0,0.993,0,1,True,LEADING-SIM-V0.1
S‑NOR028,30,0.9895,0,0.0494,0,0.9969,0,0,True,LEADING-SIM-V0.1
S‑NOR028,31,0.9852,0,0.0006,1,0.9994,0,0,True,LEADING-SIM-V0.1
S‑NOR028,32,0.9886,0,0.0429,0,0.9978,0,0,True,LEADING-SIM-V0.1
S‑NOR028,33,0.9902,1,0.0635,1,0.9982,0,0,True,LEADING-SIM-V0.1
S‑NOR028,34,0.9791,0,0.0231,0,0.9972,1,0,True,LEADING-SIM-V0.1
S‑NOR028,35,0.9783,1,0.0061,0,0.998,0,0,True,LEADING-SIM-V0.1
S‑NOR028,36,0.9807,0,0.0133,0,0.9996,0,0,True,LEADING-SIM-V0.1
S‑NOR028,37,0.9925,0,0.0203,1,0.9954,0,0,True,LEADING-SIM-V0.1
S‑NOR028,38,0.9829,0,0.0141,0,0.9992,0,0,True,LEADING-SIM-V0.1
S‑NOR028,39,0.9839,0,0.0241,1,0.9956,0,0,True,LEADING-SIM-V0.1
S‑NOR028,40,0.9805,0,0.0043,0,0.9972,0,0,True,LEADING-SIM-V0.1
S‑NOR028,41,0.9945,2,0.1311,0,0.9952,0,0,True,LEADING-SIM-V0.1
S‑NOR028,42,0.979,0,0.0087,0,0.9976,0,0,True,LEADING-SIM-V0.1
S‑NOR028,43,0.9863,0,0.0425,1,0.998,0,0,True,LEADING-SIM-V0.1
S‑NOR028,44,0.9881,0,0.0846,0,0.998,0,0,True,LEADING-SIM-V0.1
S‑NOR028,45,0.9939,0,0.0063,1,0.9968,0,0,True,LEADING-SIM-V0.1
S‑NOR028,46,0.9823,0,0.0137,0,1.0,0,0,True,LEADING-SIM-V0.1
S‑NOR028,47,0.9833,0,0.0176,0,0.9969,0,0,True,LEADING-SIM-V0.1
S‑NOR028,48,0.9759,0,0.0141,0,0.9959,0,0,True,LEADING-SIM-V0.1
S‑NOR028,49,0.9873,0,0.0099,0,0.9982,0,0,True,LEADING-SIM-V0.1
S‑NOR028,50,0.9902,0,0.1054,1,0.999,0,0,True,LEADING-SIM-V0.1
S‑NOR028,51,0.9801,0,0.0059,0,0.9957,0,0,True,LEADING-SIM-V0.1
S‑NOR028,52,0.9859,0,0.105,2,0.995,0,0,True,LEADING-SIM-V0.1
S‑NOR029,1,0.987,0,0.0223,1,0.9977,0,0,True,LEADING-SIM-V0.1
S‑NOR029,2,0.9828,0,0.0159,1,0.9939,0,0,True,LEADING-SIM-V0.1
S‑NOR029,3,0.9875,0,0.0031,0,0.9986,0,0,True,LEADING-SIM-V0.1
S‑NOR029,4,0.9793,0,0.0153,1,0.9982,0,0,True,LEADING-SIM-V0.1
S‑NOR029,5,0.9821,0,0.0052,1,0.9972,0,0,True,LEADING-SIM-V0.1
S‑NOR029,6,0.9899,0,0.0302,0,0.9963,0,0,True,LEADING-SIM-V0.1
S‑NOR029,7,0.9815,0,0.0171,0,0.9967,0,0,True,LEADING-SIM-V0.1
S‑NOR029,8,0.9911,0,0.0537,0,0.9967,0,0,True,LEADING-SIM-V0.1
S‑NOR029,9,0.9741,0,0.0815,0,0.9961,0,0,True,LEADING-SIM-V0.1
S‑NOR029,10,0.978,0,0.0152,0,0.9968,0,0,True,LEADING-SIM-V0.1
S‑NOR029,11,0.985,0,0.0294,0,0.9965,0,0,True,LEADING-SIM-V0.1
S‑NOR029,12,0.9821,2,0.0462,0,0.9993,0,0,True,LEADING-SIM-V0.1
S‑NOR029,13,0.9851,0,0.0146,1,0.9957,0,0,True,LEADING-SIM-V0.1
S‑NOR029,14,0.9913,0,0.0199,0,0.9986,0,0,True,LEADING-SIM-V0.1
S‑NOR029,15,0.9724,1,0.1277,0,0.9972,0,0,True,LEADING-SIM-V0.1
S‑NOR029,16,0.9825,0,0.0178,0,0.9977,0,0,True,LEADING-SIM-V0.1
S‑NOR029,17,0.9894,1,0.0477,1,0.9967,0,0,True,LEADING-SIM-V0.1
S‑NOR029,18,0.9867,0,0.0328,0,0.9982,0,0,True,LEADING-SIM-V0.1
S‑NOR029,19,0.9835,0,0.0094,0,0.997,0,0,True,LEADING-SIM-V0.1
S‑NOR029,20,0.9875,0,0.0009,0,0.9989,0,0,True,LEADING-SIM-V0.1
S‑NOR029,21,0.9797,0,0.029,0,0.9968,0,0,True,LEADING-SIM-V0.1
S‑NOR029,22,0.9753,0,0.0869,0,0.9976,0,0,True,LEADING-SIM-V0.1
S‑NOR029,23,0.986,1,0.0068,0,0.9949,0,0,True,LEADING-SIM-V0.1
S‑NOR029,24,0.985,0,0.0767,1,0.9981,0,0,True,LEADING-SIM-V0.1
S‑NOR029,25,0.9917,0,0.0109,0,0.9968,0,0,True,LEADING-SIM-V0.1
S‑NOR029,26,0.9876,0,0.0118,0,0.9988,0,0,True,LEADING-SIM-V0.1
S‑NOR029,27,0.98,1,0.0155,0,0.9972,0,0,True,LEADING-SIM-V0.1
S‑NOR029,28,0.9868,0,0.0159,0,0.9973,0,0,True,LEADING-SIM-V0.1
S‑NOR029,29,0.9858,0,0.0322,0,0.9988,0,0,True,LEADING-SIM-V0.1
S‑NOR029,30,0.9842,0,0.0036,0,0.9962,0,0,True,LEADING-SIM-V0.1
S‑NOR029,31,0.98,0,0.0276,0,0.9989,0,0,True,LEADING-SIM-V0.1
S‑NOR029,32,0.9886,0,0.0212,0,0.9976,0,0,True,LEADING-SIM-V0.1
S‑NOR029,33,0.9838,0,0.0317,0,0.9959,0,0,True,LEADING-SIM-V0.1
S‑NOR029,34,0.9837,0,0.0605,0,0.9985,0,0,True,LEADING-SIM-V0.1
S‑NOR029,35,0.9974,1,0.0456,0,0.999,0,0,True,LEADING-SIM-V0.1
S‑NOR029,36,0.996,0,0.0218,1,1.0,0,0,True,LEADING-SIM-V0.1
S‑NOR029,37,0.9829,0,0.07,0,0.9996,0,0,True,LEADING-SIM-V0.1
S‑NOR029,38,0.9816,0,0.0428,0,0.9969,0,0,True,LEADING-SIM-V0.1
S‑NOR029,39,0.9758,0,0.0381,1,0.9957,0,0,True,LEADING-SIM-V0.1
S‑NOR029,40,0.9884,0,0.0097,0,0.9971,0,0,True,LEADING-SIM-V0.1
S‑NOR029,41,0.9986,0,0.0164,0,0.999,0,0,True,LEADING-SIM-V0.1
S‑NOR029,42,0.9844,0,0.0305,0,0.9955,0,0,True,LEADING-SIM-V0.1
S‑NOR029,43,0.9798,0,0.0202,0,0.9963,0,0,True,LEADING-SIM-V0.1
S‑NOR029,44,0.9791,0,0.0418,1,0.9976,0,0,True,LEADING-SIM-V0.1
S‑NOR029,45,0.9856,0,0.0069,1,0.9986,0,0,True,LEADING-SIM-V0.1
S‑NOR029,46,0.983,0,0.0148,1,0.9963,0,0,True,LEADING-SIM-V0.1
S‑NOR029,47,0.9859,0,0.0742,0,0.9989,0,0,True,LEADING-SIM-V0.1
S‑NOR029,48,0.989,0,0.0131,0,0.9951,0,0,True,LEADING-SIM-V0.1
S‑NOR029,49,0.9829,0,0.0309,0,0.9962,0,0,True,LEADING-SIM-V0.1
S‑NOR029,50,0.9872,0,0.0438,0,0.9943,0,0,True,LEADING-SIM-V0.1
S‑NOR029,51,0.9805,0,0.0708,1,0.9985,0,0,True,LEADING-SIM-V0.1
S‑NOR029,52,0.9835,1,0.0216,2,0.9958,0,1,True,LEADING-SIM-V0.1
S‑NOR030,1,0.9822,1,0.0266,0,0.9964,0,0,True,LEADING-SIM-V0.1
S‑NOR030,2,0.9786,1,0.0018,0,0.998,0,0,True,LEADING-SIM-V0.1
S‑NOR030,3,0.9839,0,0.0063,0,0.9966,0,0,True,LEADING-SIM-V0.1
S‑NOR030,4,0.9913,0,0.0945,0,0.9973,0,0,True,LEADING-SIM-V0.1
S‑NOR030,5,0.9827,0,0.0117,1,0.9965,0,0,True,LEADING-SIM-V0.1
S‑NOR030,6,0.9895,0,0.0771,0,1.0,0,0,True,LEADING-SIM-V0.1
S‑NOR030,7,0.9849,0,0.0557,1,0.994,0,0,True,LEADING-SIM-V0.1
S‑NOR030,8,0.9844,0,0.0474,0,0.9968,0,0,True,LEADING-SIM-V0.1
S‑NOR030,9,0.9937,0,0.0068,2,0.9962,0,0,True,LEADING-SIM-V0.1
S‑NOR030,10,0.9889,1,0.0535,1,0.9975,0,0,True,LEADING-SIM-V0.1
S‑NOR030,11,0.9906,0,0.0566,0,0.9966,0,0,True,LEADING-SIM-V0.1
S‑NOR030,12,0.987,0,0.0025,0,0.9981,0,0,True,LEADING-SIM-V0.1
S‑NOR030,13,0.976,0,0.0353,0,0.9963,0,0,True,LEADING-SIM-V0.1
S‑NOR030,14,0.9879,0,0.0041,1,0.9983,0,0,True,LEADING-SIM-V0.1
S‑NOR030,15,0.9744,0,0.0003,0,0.9987,0,0,True,LEADING-SIM-V0.1
S‑NOR030,16,0.9824,0,0.0922,0,1.0,0,0,True,LEADING-SIM-V0.1
S‑NOR030,17,0.9868,0,0.0409,0,0.9982,0,0,True,LEADING-SIM-V0.1
S‑NOR030,18,0.9812,0,0.0068,0,0.9982,0,0,True,LEADING-SIM-V0.1
S‑NOR030,19,0.9816,0,0.0248,0,0.998,0,0,True,LEADING-SIM-V0.1
S‑NOR030,20,0.9941,0,0.0286,0,0.996,0,0,True,LEADING-SIM-V0.1
S‑NOR030,21,0.9876,0,0.0163,0,0.9957,0,0,True,LEADING-SIM-V0.1
S‑NOR030,22,0.9794,1,0.0716,0,0.9983,0,0,True,LEADING-SIM-V0.1
S‑NOR030,23,0.9814,0,0.0315,0,0.9991,0,0,True,LEADING-SIM-V0.1
S‑NOR030,24,0.9837,0,0.0271,0,0.9972,0,0,True,LEADING-SIM-V0.1
S‑NOR030,25,0.9848,0,0.0048,0,0.9943,0,0,True,LEADING-SIM-V0.1
S‑NOR030,26,0.9826,0,0.0042,1,1.0,0,0,True,LEADING-SIM-V0.1
S‑NOR030,27,0.9766,0,0.0751,1,0.9944,0,0,True,LEADING-SIM-V0.1
S‑NOR030,28,0.9873,1,0.006,0,0.9963,0,0,True,LEADING-SIM-V0.1
S‑NOR030,29,0.9858,0,0.0206,0,0.9979,0,0,True,LEADING-SIM-V0.1
S‑NOR030,30,0.9781,0,0.0129,0,0.997,0,0,True,LEADING-SIM-V0.1
S‑NOR030,31,0.9816,0,0.0041,1,0.9993,0,0,True,LEADING-SIM-V0.1
S‑NOR030,32,0.9827,1,0.0116,0,0.9965,0,0,True,LEADING-SIM-V0.1
S‑NOR030,33,0.9775,0,0.028,1,0.9955,0,0,True,LEADING-SIM-V0.1
S‑NOR030,34,0.9831,0,0.0178,0,0.9971,0,0,True,LEADING-SIM-V0.1
S‑NOR030,35,0.9819,1,0.0001,0,0.9976,0,0,True,LEADING-SIM-V0.1
S‑NOR030,36,0.9787,0,0.0105,1,0.9997,0,0,True,LEADING-SIM-V0.1
S‑NOR030,37,0.9875,2,0.1047,1,0.997,0,0,True,LEADING-SIM-V0.1
S‑NOR030,38,0.9881,0,0.0598,0,0.9968,0,0,True,LEADING-SIM-V0.1
S‑NOR030,39,0.9927,0,0.0034,0,0.9968,0,0,True,LEADING-SIM-V0.1
S‑NOR030,40,0.9843,0,0.0143,0,0.999,0,0,True,LEADING-SIM-V0.1
S‑NOR030,41,0.9855,0,0.0228,0,0.9972,0,0,True,LEADING-SIM-V0.1
S‑NOR030,42,0.9897,0,0.0303,0,0.9984,0,0,True,LEADING-SIM-V0.1
S‑NOR030,43,0.9915,0,0.0534,0,0.9958,0,1,True,LEADING-SIM-V0.1
S‑NOR030,44,0.9911,0,0.0136,0,0.9982,0,0,True,LEADING-SIM-V0.1
S‑NOR030,45,0.9932,0,0.0547,0,1.0,0,0,True,LEADING-SIM-V0.1
S‑NOR030,46,0.9749,0,0.0234,0,0.9963,0,0,True,LEADING-SIM-V0.1
S‑NOR030,47,0.9844,0,0.0078,0,1.0,0,0,True,LEADING-SIM-V0.1
S‑NOR030,48,0.9782,1,0.0433,0,0.9976,0,0,True,LEADING-SIM-V0.1
S‑NOR030,49,0.9888,0,0.0117,1,0.9988,0,0,True,LEADING-SIM-V0.1
S‑NOR030,50,0.9718,1,0.0188,0,0.9938,0,0,True,LEADING-SIM-V0.1
S‑NOR030,51,0.9836,0,0.007,0,0.995,0,0,True,LEADING-SIM-V0.1
S‑NOR030,52,0.9876,0,0.0093,1,0.9947,0,0,True,LEADING-SIM-V0.1
S‑NOR031,1,0.9803,0,0.0363,1,0.998,0,0,True,LEADING-SIM-V0.1
S‑NOR031,2,0.9835,1,0.0764,0,0.998,0,0,True,LEADING-SIM-V0.1
S‑NOR031,3,0.9806,0,0.019,0,0.9955,0,0,True,LEADING-SIM-V0.1
S‑NOR031,4,0.9878,0,0.015,1,0.9984,0,0,True,LEADING-SIM-V0.1
S‑NOR031,5,0.9816,0,0.0152,0,0.9967,0,0,True,LEADING-SIM-V0.1
S‑NOR031,6,0.9935,0,0.0181,0,0.9952,0,0,True,LEADING-SIM-V0.1
S‑NOR031,7,0.9815,0,0.0205,0,0.9965,0,0,True,LEADING-SIM-V0.1
S‑NOR031,8,0.978,0,0.043,0,0.9958,0,0,True,LEADING-SIM-V0.1
S‑NOR031,9,0.9792,0,0.0078,0,0.9983,1,0,True,LEADING-SIM-V0.1
S‑NOR031,10,0.9966,0,0.0043,0,0.9953,0,0,True,LEADING-SIM-V0.1
S‑NOR031,11,0.9874,1,0.028,0,0.9999,0,0,True,LEADING-SIM-V0.1
S‑NOR031,12,0.978,0,0.0865,0,0.9946,0,0,True,LEADING-SIM-V0.1
S‑NOR031,13,0.9925,0,0.0891,0,0.9947,0,0,True,LEADING-SIM-V0.1
S‑NOR031,14,0.9929,1,0.0444,0,0.9973,0,0,True,LEADING-SIM-V0.1
S‑NOR031,15,0.9763,0,0.036,0,0.9951,0,0,True,LEADING-SIM-V0.1
S‑NOR031,16,0.9857,0,0.0438,0,0.9968,0,0,True,LEADING-SIM-V0.1
S‑NOR031,17,0.9876,0,0.0292,0,0.996,0,0,True,LEADING-SIM-V0.1
S‑NOR031,18,0.9904,0,0.0144,2,0.9985,1,0,True,LEADING-SIM-V0.1
S‑NOR031,19,0.9826,0,0.0061,0,0.9955,0,0,True,LEADING-SIM-V0.1
S‑NOR031,20,0.9852,0,0.0105,0,0.9972,0,0,True,LEADING-SIM-V0.1
S‑NOR031,21,0.9863,1,0.022,1,0.9965,0,0,True,LEADING-SIM-V0.1
S‑NOR031,22,0.9873,1,0.0288,0,0.9948,0,0,True,LEADING-SIM-V0.1
S‑NOR031,23,0.9822,0,0.0307,1,0.9943,0,0,True,LEADING-SIM-V0.1
S‑NOR031,24,0.9803,0,0.0286,0,0.9934,1,0,True,LEADING-SIM-V0.1
S‑NOR031,25,0.995,0,0.0356,1,0.9995,0,0,True,LEADING-SIM-V0.1
S‑NOR031,26,0.9956,0,0.0074,0,0.9986,0,0,True,LEADING-SIM-V0.1
S‑NOR031,27,0.9873,0,0.0169,1,0.9957,1,0,True,LEADING-SIM-V0.1
S‑NOR031,28,0.9853,0,0.0405,0,0.9952,0,0,True,LEADING-SIM-V0.1
S‑NOR031,29,0.9851,0,0.0089,0,0.9954,0,0,True,LEADING-SIM-V0.1
S‑NOR031,30,0.9848,0,0.0191,0,0.9992,0,0,True,LEADING-SIM-V0.1
S‑NOR031,31,0.9847,0,0.0301,1,0.9991,0,0,True,LEADING-SIM-V0.1
S‑NOR031,32,0.9852,0,0.15,0,0.9975,0,0,True,LEADING-SIM-V0.1
S‑NOR031,33,0.9953,0,0.0295,0,0.9973,0,0,True,LEADING-SIM-V0.1
S‑NOR031,34,0.989,0,0.0092,0,0.9959,0,0,True,LEADING-SIM-V0.1
S‑NOR031,35,0.9766,1,0.066,0,0.9956,0,0,True,LEADING-SIM-V0.1
S‑NOR031,36,0.9786,0,0.1014,1,0.9984,0,0,True,LEADING-SIM-V0.1
S‑NOR031,37,0.9865,0,0.041,0,0.996,0,0,True,LEADING-SIM-V0.1
S‑NOR031,38,0.9795,0,0.0147,0,0.9971,0,0,True,LEADING-SIM-V0.1
S‑NOR031,39,0.9818,0,0.0074,0,0.9986,0,0,True,LEADING-SIM-V0.1
S‑NOR031,40,0.9781,0,0.0015,0,0.9984,0,0,True,LEADING-SIM-V0.1
S‑NOR031,41,0.9899,1,0.0127,0,0.9975,0,0,True,LEADING-SIM-V0.1
S‑NOR031,42,0.9896,0,0.0351,1,0.9975,0,0,True,LEADING-SIM-V0.1
S‑NOR031,43,0.9894,0,0.015,0,0.9962,0,0,True,LEADING-SIM-V0.1
S‑NOR031,44,0.9728,0,0.0218,0,0.9963,0,0,True,LEADING-SIM-V0.1
S‑NOR031,45,0.9786,0,0.0086,0,0.9961,0,0,True,LEADING-SIM-V0.1
S‑NOR031,46,0.9841,1,0.0477,0,0.9958,0,0,True,LEADING-SIM-V0.1
S‑NOR031,47,0.9902,0,0.0863,0,0.9962,0,0,True,LEADING-SIM-V0.1
S‑NOR031,48,0.979,0,0.0995,0,0.9975,0,0,True,LEADING-SIM-V0.1
S‑NOR031,49,0.9798,0,0.0539,0,0.9941,0,0,True,LEADING-SIM-V0.1
S‑NOR031,50,0.9856,0,0.0287,1,0.9973,0,0,True,LEADING-SIM-V0.1
S‑NOR031,51,0.9818,0,0.048,0,0.9972,0,0,True,LEADING-SIM-V0.1
S‑NOR031,52,0.9827,2,0.0766,0,0.9943,0,0,True,LEADING-SIM-V0.1
S‑NOR032,1,0.9901,0,0.0126,0,0.9979,0,0,True,LEADING-SIM-V0.1
S‑NOR032,2,0.9878,0,0.0577,0,0.9963,0,0,True,LEADING-SIM-V0.1
S‑NOR032,3,0.9922,0,0.0023,2,0.9989,0,0,True,LEADING-SIM-V0.1
S‑NOR032,4,0.9858,0,0.0218,0,0.998,0,0,True,LEADING-SIM-V0.1
S‑NOR032,5,0.9783,0,0.1047,0,0.9993,0,0,True,LEADING-SIM-V0.1
S‑NOR032,6,0.9838,0,0.0057,1,0.9963,0,0,True,LEADING-SIM-V0.1
S‑NOR032,7,0.99,0,0.1254,0,0.9968,0,0,True,LEADING-SIM-V0.1
S‑NOR032,8,0.9948,1,0.0689,0,0.9965,0,0,True,LEADING-SIM-V0.1
S‑NOR032,9,0.9803,0,0.0323,0,0.9974,0,0,True,LEADING-SIM-V0.1
S‑NOR032,10,0.9707,0,0.0065,0,0.9984,0,0,True,LEADING-SIM-V0.1
S‑NOR032,11,0.9852,0,0.0472,0,0.9951,1,0,True,LEADING-SIM-V0.1
S‑NOR032,12,0.9967,1,0.0626,1,0.9997,0,0,True,LEADING-SIM-V0.1
S‑NOR032,13,0.9725,0,0.0321,2,0.9961,0,0,True,LEADING-SIM-V0.1
S‑NOR032,14,0.9753,2,0.0624,0,0.9981,0,0,True,LEADING-SIM-V0.1
S‑NOR032,15,0.9888,0,0.15,0,0.9963,0,0,True,LEADING-SIM-V0.1
S‑NOR032,16,0.9798,1,0.007,0,0.9954,0,0,True,LEADING-SIM-V0.1
S‑NOR032,17,0.982,0,0.0655,0,0.9976,0,0,True,LEADING-SIM-V0.1
S‑NOR032,18,0.9874,0,0.0007,0,0.9985,0,0,True,LEADING-SIM-V0.1
S‑NOR032,19,0.9883,0,0.0311,0,0.9985,0,0,True,LEADING-SIM-V0.1
S‑NOR032,20,0.9944,0,0.0109,0,1.0,0,0,True,LEADING-SIM-V0.1
S‑NOR032,21,0.9688,0,0.0576,1,0.9968,0,0,True,LEADING-SIM-V0.1
S‑NOR032,22,0.9864,0,0.0209,0,0.9961,0,0,True,LEADING-SIM-V0.1
S‑NOR032,23,0.9864,1,0.0098,0,0.9977,0,0,True,LEADING-SIM-V0.1
S‑NOR032,24,0.9746,0,0.0596,1,0.9946,0,0,True,LEADING-SIM-V0.1
S‑NOR032,25,0.9892,0,0.0271,2,0.9988,1,0,True,LEADING-SIM-V0.1
S‑NOR032,26,0.9908,0,0.0564,0,0.9966,0,0,True,LEADING-SIM-V0.1
S‑NOR032,27,0.9895,0,0.0235,0,0.9977,0,0,True,LEADING-SIM-V0.1
S‑NOR032,28,0.9718,0,0.0358,0,0.9956,0,0,True,LEADING-SIM-V0.1
S‑NOR032,29,0.9771,0,0.0825,0,0.9965,0,0,True,LEADING-SIM-V0.1
S‑NOR032,30,0.9786,0,0.0187,0,0.9984,0,0,True,LEADING-SIM-V0.1
S‑NOR032,31,0.9829,0,0.0406,0,0.9962,0,0,True,LEADING-SIM-V0.1
S‑NOR032,32,0.9922,0,0.0764,1,0.9962,0,0,True,LEADING-SIM-V0.1
S‑NOR032,33,0.9812,0,0.0708,1,0.9962,0,0,True,LEADING-SIM-V0.1
S‑NOR032,34,0.9867,0,0.0284,0,0.9992,1,0,True,LEADING-SIM-V0.1
S‑NOR032,35,0.9794,0,0.0447,1,0.9952,0,0,True,LEADING-SIM-V0.1
S‑NOR032,36,0.9842,0,0.0119,1,0.9983,0,0,True,LEADING-SIM-V0.1
S‑NOR032,37,0.9818,0,0.1207,0,0.997,0,0,True,LEADING-SIM-V0.1
S‑NOR032,38,0.9846,0,0.0139,1,0.9956,0,0,True,LEADING-SIM-V0.1
S‑NOR032,39,0.987,0,0.0096,0,0.9983,0,0,True,LEADING-SIM-V0.1
S‑NOR032,40,0.9878,0,0.0372,1,0.9961,0,0,True,LEADING-SIM-V0.1
S‑NOR032,41,0.9836,0,0.0235,0,0.9975,0,0,True,LEADING-SIM-V0.1
S‑NOR032,42,0.9954,0,0.0376,0,0.9951,0,0,True,LEADING-SIM-V0.1
S‑NOR032,43,0.9854,0,0.0249,0,0.9945,0,0,True,LEADING-SIM-V0.1
S‑NOR032,44,0.9844,0,0.0159,0,0.9935,0,0,True,LEADING-SIM-V0.1
S‑NOR032,45,0.9827,0,0.004,0,0.997,0,0,True,LEADING-SIM-V0.1
S‑NOR032,46,0.9932,0,0.0255,0,0.9981,0,0,True,LEADING-SIM-V0.1
S‑NOR032,47,0.9799,0,0.0473,0,0.9951,0,0,True,LEADING-SIM-V0.1
S‑NOR032,48,0.9878,0,0.0148,0,0.995,0,0,True,LEADING-SIM-V0.1
S‑NOR032,49,0.9827,0,0.0129,0,0.9941,0,0,True,LEADING-SIM-V0.1
S‑NOR032,50,0.9789,0,0.1019,0,0.996,0,0,True,LEADING-SIM-V0.1
S‑NOR032,51,0.9866,0,0.0058,0,0.9948,0,0,True,LEADING-SIM-V0.1
S‑NOR032,52,0.9911,0,0.0348,0,0.9976,0,0,True,LEADING-SIM-V0.1
S‑NOR033,1,0.985,0,0.0138,0,0.9945,0,0,True,LEADING-SIM-V0.1
S‑NOR033,2,0.99,2,0.0207,0,0.9944,0,0,True,LEADING-SIM-V0.1
S‑NOR033,3,0.9778,0,0.0516,1,0.9975,0,0,True,LEADING-SIM-V0.1
S‑NOR033,4,0.9851,0,0.0586,0,0.9953,1,0,True,LEADING-SIM-V0.1
S‑NOR033,5,0.9819,0,0.0371,1,0.995,0,0,True,LEADING-SIM-V0.1
S‑NOR033,6,0.994,0,0.0062,0,0.9984,0,0,True,LEADING-SIM-V0.1
S‑NOR033,7,0.9818,0,0.0379,0,0.9981,0,0,True,LEADING-SIM-V0.1
S‑NOR033,8,0.9949,0,0.0017,0,0.9955,0,0,True,LEADING-SIM-V0.1
S‑NOR033,9,0.9881,1,0.0531,1,0.9986,0,0,True,LEADING-SIM-V0.1
S‑NOR033,10,0.9768,0,0.0394,3,0.9971,0,0,True,LEADING-SIM-V0.1
S‑NOR033,11,0.9859,0,0.0149,0,0.9956,0,0,True,LEADING-SIM-V0.1
S‑NOR033,12,0.9919,0,0.0688,0,0.9963,0,0,True,LEADING-SIM-V0.1
S‑NOR033,13,0.9803,0,0.01,0,0.9946,0,0,True,LEADING-SIM-V0.1
S‑NOR033,14,0.9899,0,0.006,0,0.9968,0,0,True,LEADING-SIM-V0.1
S‑NOR033,15,0.9936,0,0.0323,0,0.9968,0,0,True,LEADING-SIM-V0.1
S‑NOR033,16,0.9843,1,0.0349,0,0.9966,0,0,True,LEADING-SIM-V0.1
S‑NOR033,17,0.9854,1,0.0524,0,0.9993,0,0,True,LEADING-SIM-V0.1
S‑NOR033,18,0.9859,0,0.0556,0,0.9979,0,0,True,LEADING-SIM-V0.1
S‑NOR033,19,0.9687,0,0.0158,1,0.9954,0,0,True,LEADING-SIM-V0.1
S‑NOR033,20,0.994,0,0.0552,0,0.996,0,0,True,LEADING-SIM-V0.1
S‑NOR033,21,0.9946,0,0.0095,1,0.996,1,0,True,LEADING-SIM-V0.1
S‑NOR033,22,0.9762,0,0.0829,0,0.9987,0,0,True,LEADING-SIM-V0.1
S‑NOR033,23,0.9871,0,0.0378,0,0.9974,0,0,True,LEADING-SIM-V0.1
S‑NOR033,24,0.9902,1,0.0492,1,0.9967,0,0,True,LEADING-SIM-V0.1
S‑NOR033,25,0.9881,0,0.0566,0,0.9963,0,0,True,LEADING-SIM-V0.1
S‑NOR033,26,0.9886,0,0.0186,0,0.9959,1,0,True,LEADING-SIM-V0.1
S‑NOR033,27,0.9872,0,0.0461,1,0.9966,0,0,True,LEADING-SIM-V0.1
S‑NOR033,28,0.9871,0,0.0016,0,0.998,0,0,True,LEADING-SIM-V0.1
S‑NOR033,29,0.9888,0,0.0316,0,0.9944,0,0,True,LEADING-SIM-V0.1
S‑NOR033,30,0.9772,0,0.0055,0,0.9984,0,0,True,LEADING-SIM-V0.1
S‑NOR033,31,0.9846,0,0.0917,0,0.9982,0,0,True,LEADING-SIM-V0.1
S‑NOR033,32,0.9852,0,0.0158,1,0.9953,0,0,True,LEADING-SIM-V0.1
S‑NOR033,33,0.991,0,0.05,0,0.9983,0,0,True,LEADING-SIM-V0.1
S‑NOR033,34,0.9839,0,0.0322,1,0.9977,0,0,True,LEADING-SIM-V0.1
S‑NOR033,35,0.9809,0,0.0049,1,0.9959,0,0,True,LEADING-SIM-V0.1
S‑NOR033,36,0.9792,0,0.07,2,0.9988,0,0,True,LEADING-SIM-V0.1
S‑NOR033,37,0.9891,0,0.0056,0,0.9965,0,0,True,LEADING-SIM-V0.1
S‑NOR033,38,0.9883,0,0.0072,0,0.9958,1,0,True,LEADING-SIM-V0.1
S‑NOR033,39,0.9794,0,0.028,0,0.9963,0,0,True,LEADING-SIM-V0.1
S‑NOR033,40,0.9815,0,0.0307,1,0.9964,0,0,True,LEADING-SIM-V0.1
S‑NOR033,41,0.9857,0,0.0587,1,0.9972,0,0,True,LEADING-SIM-V0.1
S‑NOR033,42,0.9747,0,0.0666,1,0.9975,0,0,True,LEADING-SIM-V0.1
S‑NOR033,43,0.9857,1,0.0104,0,0.9977,0,0,True,LEADING-SIM-V0.1
S‑NOR033,44,0.9826,0,0.0963,0,0.9986,0,0,True,LEADING-SIM-V0.1
S‑NOR033,45,0.9807,0,0.0152,0,1.0,0,0,True,LEADING-SIM-V0.1
S‑NOR033,46,0.9903,0,0.1057,0,0.9966,0,0,True,LEADING-SIM-V0.1
S‑NOR033,47,0.9853,0,0.0762,1,0.9962,0,0,True,LEADING-SIM-V0.1
S‑NOR033,48,0.976,0,0.0315,0,0.9975,0,0,True,LEADING-SIM-V0.1
S‑NOR033,49,0.9825,0,0.0543,1,0.9991,0,0,True,LEADING-SIM-V0.1
S‑NOR033,50,0.9872,0,0.0065,0,0.9971,0,0,True,LEADING-SIM-V0.1
S‑NOR033,51,0.9861,1,0.0838,0,0.9988,0,0,True,LEADING-SIM-V0.1
S‑NOR033,52,0.9787,0,0.0293,0,0.9956,0,0,True,LEADING-SIM-V0.1
S‑NOR034,1,0.9868,0,0.0228,0,0.9953,0,0,True,LEADING-SIM-V0.1
S‑NOR034,2,0.9847,0,0.0269,0,0.9945,0,0,True,LEADING-SIM-V0.1
S‑NOR034,3,0.9862,0,0.024,2,0.9955,0,0,True,LEADING-SIM-V0.1
S‑NOR034,4,0.9889,0,0.0735,0,0.9957,0,0,True,LEADING-SIM-V0.1
S‑NOR034,5,0.9954,0,0.0034,0,0.9953,0,0,True,LEADING-SIM-V0.1
S‑NOR034,6,0.9872,0,0.0018,0,0.9966,0,0,True,LEADING-SIM-V0.1
S‑NOR034,7,0.9895,0,0.0198,1,0.9968,0,0,True,LEADING-SIM-V0.1
S‑NOR034,8,0.9876,0,0.0344,0,0.9958,0,0,True,LEADING-SIM-V0.1
S‑NOR034,9,0.9828,0,0.0023,0,0.9991,0,0,True,LEADING-SIM-V0.1
S‑NOR034,10,0.9936,0,0.0931,0,0.9979,0,0,True,LEADING-SIM-V0.1
S‑NOR034,11,0.9789,0,0.15,1,0.9986,0,0,True,LEADING-SIM-V0.1
S‑NOR034,12,0.9721,0,0.046,0,0.9946,0,0,True,LEADING-SIM-V0.1
S‑NOR034,13,0.9788,0,0.0195,0,0.9987,0,0,True,LEADING-SIM-V0.1
S‑NOR034,14,0.9918,0,0.0547,0,0.9993,0,0,True,LEADING-SIM-V0.1
S‑NOR034,15,0.9827,1,0.1093,0,0.995,0,0,True,LEADING-SIM-V0.1
S‑NOR034,16,0.9812,0,0.0123,1,0.9988,0,0,True,LEADING-SIM-V0.1
S‑NOR034,17,0.9833,0,0.0178,1,0.998,0,0,True,LEADING-SIM-V0.1
S‑NOR034,18,0.9767,0,0.0174,0,0.9961,0,0,True,LEADING-SIM-V0.1
S‑NOR034,19,0.9807,0,0.0134,0,0.9969,0,0,True,LEADING-SIM-V0.1
S‑NOR034,20,0.9977,0,0.0929,1,0.9957,0,0,True,LEADING-SIM-V0.1
S‑NOR034,21,0.9888,0,0.0216,1,0.9976,0,0,True,LEADING-SIM-V0.1
S‑NOR034,22,0.9843,0,0.0439,1,0.9993,0,0,True,LEADING-SIM-V0.1
S‑NOR034,23,0.9907,0,0.0271,0,0.9958,0,0,True,LEADING-SIM-V0.1
S‑NOR034,24,0.9751,0,0.0088,1,0.9957,0,0,True,LEADING-SIM-V0.1
S‑NOR034,25,0.9878,0,0.0062,1,0.9972,0,0,True,LEADING-SIM-V0.1
S‑NOR034,26,0.9873,0,0.1013,1,0.9988,1,0,True,LEADING-SIM-V0.1
S‑NOR034,27,0.9935,0,0.0111,1,0.9964,0,0,True,LEADING-SIM-V0.1
S‑NOR034,28,0.9782,0,0.0339,0,0.9967,0,0,True,LEADING-SIM-V0.1
S‑NOR034,29,0.982,0,0.0506,1,0.9961,0,0,True,LEADING-SIM-V0.1
S‑NOR034,30,0.9963,1,0.0359,0,0.9962,0,1,True,LEADING-SIM-V0.1
S‑NOR034,31,0.9874,1,0.033,0,0.995,0,0,True,LEADING-SIM-V0.1
S‑NOR034,32,0.9801,1,0.0114,0,0.998,0,0,True,LEADING-SIM-V0.1
S‑NOR034,33,0.9809,0,0.0741,1,1.0,0,0,True,LEADING-SIM-V0.1
S‑NOR034,34,0.9846,0,0.0471,0,0.9975,0,0,True,LEADING-SIM-V0.1
S‑NOR034,35,0.984,0,0.0059,0,0.9945,0,0,True,LEADING-SIM-V0.1
S‑NOR034,36,0.9881,0,0.12,0,0.9974,0,0,True,LEADING-SIM-V0.1
S‑NOR034,37,0.9864,0,0.0169,0,0.9967,0,0,True,LEADING-SIM-V0.1
S‑NOR034,38,0.9746,0,0.0058,3,0.9983,0,0,True,LEADING-SIM-V0.1
S‑NOR034,39,0.9889,0,0.1103,0,0.9965,0,0,True,LEADING-SIM-V0.1
S‑NOR034,40,0.9823,0,0.0375,0,0.9949,0,0,True,LEADING-SIM-V0.1
S‑NOR034,41,0.971,0,0.0322,0,0.9978,0,0,True,LEADING-SIM-V0.1
S‑NOR034,42,0.9839,0,0.0418,0,0.998,0,0,True,LEADING-SIM-V0.1
S‑NOR034,43,0.9908,0,0.0137,0,0.9977,0,0,True,LEADING-SIM-V0.1
S‑NOR034,44,0.9947,0,0.0535,0,0.9997,0,0,True,LEADING-SIM-V0.1
S‑NOR034,45,0.9921,0,0.0145,0,0.9974,0,0,True,LEADING-SIM-V0.1
S‑NOR034,46,0.9904,0,0.0126,1,0.9964,0,0,True,LEADING-SIM-V0.1
S‑NOR034,47,0.9789,0,0.0059,0,0.9947,0,0,True,LEADING-SIM-V0.1
S‑NOR034,48,0.9921,0,0.0336,2,0.9961,0,0,True,LEADING-SIM-V0.1
S‑NOR034,49,0.9796,2,0.022,1,0.9981,0,0,True,LEADING-SIM-V0.1
S‑NOR034,50,0.9852,0,0.0385,0,0.9961,0,0,True,LEADING-SIM-V0.1
S‑NOR034,51,0.9877,0,0.0076,0,0.9971,0,0,True,LEADING-SIM-V0.1
S‑NOR034,52,0.9912,0,0.0333,0,0.9937,0,0,True,LEADING-SIM-V0.1
S‑NOR035,1,0.9867,0,0.0409,0,0.9989,0,0,True,LEADING-SIM-V0.1
S‑NOR035,2,0.988,0,0.0309,0,0.9965,0,0,True,LEADING-SIM-V0.1
S‑NOR035,3,0.9854,0,0.0535,0,0.9971,0,0,True,LEADING-SIM-V0.1
S‑NOR035,4,0.9908,1,0.0196,0,0.9987,0,0,True,LEADING-SIM-V0.1
S‑NOR035,5,0.9931,0,0.0463,1,0.9956,0,0,True,LEADING-SIM-V0.1
S‑NOR035,6,0.9855,0,0.0697,0,0.9977,0,0,True,LEADING-SIM-V0.1
S‑NOR035,7,0.985,0,0.0001,1,0.9963,1,0,True,LEADING-SIM-V0.1
S‑NOR035,8,0.9734,0,0.0716,2,0.9992,0,0,True,LEADING-SIM-V0.1
S‑NOR035,9,0.9872,1,0.0423,0,0.9983,0,0,True,LEADING-SIM-V0.1
S‑NOR035,10,0.9884,0,0.0014,1,0.9969,0,0,True,LEADING-SIM-V0.1
S‑NOR035,11,0.9812,0,0.0174,0,0.9976,0,0,True,LEADING-SIM-V0.1
S‑NOR035,12,0.9914,1,0.0169,0,0.9957,0,0,True,LEADING-SIM-V0.1
S‑NOR035,13,1.0,0,0.017,1,0.9942,0,0,True,LEADING-SIM-V0.1
S‑NOR035,14,0.9742,2,0.019,1,0.999,0,0,True,LEADING-SIM-V0.1
S‑NOR035,15,0.9906,0,0.0408,0,0.9958,0,0,True,LEADING-SIM-V0.1
S‑NOR035,16,0.9963,1,0.0821,1,0.9984,0,0,True,LEADING-SIM-V0.1
S‑NOR035,17,0.9922,0,0.1469,0,0.9988,0,0,True,LEADING-SIM-V0.1
S‑NOR035,18,0.9737,1,0.0021,0,0.9972,0,0,True,LEADING-SIM-V0.1
S‑NOR035,19,0.9954,0,0.0926,0,0.9956,0,0,True,LEADING-SIM-V0.1
S‑NOR035,20,0.9774,0,0.0207,0,0.9983,0,0,True,LEADING-SIM-V0.1
S‑NOR035,21,0.9922,0,0.0129,0,0.9975,0,0,True,LEADING-SIM-V0.1
S‑NOR035,22,0.9859,0,0.0772,1,0.9976,0,0,True,LEADING-SIM-V0.1
S‑NOR035,23,0.9848,0,0.0273,0,0.9969,0,0,True,LEADING-SIM-V0.1
S‑NOR035,24,0.978,0,0.0433,2,0.9958,0,0,True,LEADING-SIM-V0.1
S‑NOR035,25,0.9918,0,0.0531,0,0.9987,0,0,True,LEADING-SIM-V0.1
S‑NOR035,26,0.99,0,0.0561,0,0.9987,1,0,True,LEADING-SIM-V0.1
S‑NOR035,27,0.9862,0,0.0066,0,0.9978,0,0,True,LEADING-SIM-V0.1
S‑NOR035,28,0.9896,0,0.0201,0,0.9956,0,0,True,LEADING-SIM-V0.1
S‑NOR035,29,0.9858,0,0.003,0,0.9995,0,0,True,LEADING-SIM-V0.1
S‑NOR035,30,0.9802,0,0.0677,0,0.9969,0,0,True,LEADING-SIM-V0.1
S‑NOR035,31,0.9809,0,0.0175,1,0.9991,0,0,True,LEADING-SIM-V0.1
S‑NOR035,32,0.9888,0,0.0315,0,0.9976,1,0,True,LEADING-SIM-V0.1
S‑NOR035,33,0.9845,0,0.0037,0,0.9963,1,0,True,LEADING-SIM-V0.1
S‑NOR035,34,0.9943,0,0.0136,0,0.9976,0,0,True,LEADING-SIM-V0.1
S‑NOR035,35,0.9938,0,0.0021,0,0.9964,0,0,True,LEADING-SIM-V0.1
S‑NOR035,36,0.989,0,0.0079,1,0.9957,0,0,True,LEADING-SIM-V0.1
S‑NOR035,37,0.9839,0,0.0132,0,0.9947,0,0,True,LEADING-SIM-V0.1
S‑NOR035,38,0.9759,0,0.0172,0,0.996,0,0,True,LEADING-SIM-V0.1
S‑NOR035,39,0.9833,0,0.0693,0,0.9972,0,0,True,LEADING-SIM-V0.1
S‑NOR035,40,0.9867,0,0.0356,0,0.9984,0,0,True,LEADING-SIM-V0.1
S‑NOR035,41,0.9815,0,0.0564,0,0.9964,1,0,True,LEADING-SIM-V0.1
S‑NOR035,42,0.9781,0,0.0126,0,0.9961,1,0,True,LEADING-SIM-V0.1
S‑NOR035,43,0.9757,0,0.0202,0,0.9975,0,0,True,LEADING-SIM-V0.1
S‑NOR035,44,0.9848,0,0.0424,1,0.9983,0,0,True,LEADING-SIM-V0.1
S‑NOR035,45,0.9915,0,0.0023,0,0.9967,0,0,True,LEADING-SIM-V0.1
S‑NOR035,46,0.9923,1,0.0157,1,0.9976,0,0,True,LEADING-SIM-V0.1
S‑NOR035,47,0.9844,0,0.0151,1,0.9987,0,0,True,LEADING-SIM-V0.1
S‑NOR035,48,0.9929,0,0.0482,1,0.9958,0,0,True,LEADING-SIM-V0.1
S‑NOR035,49,0.9779,0,0.0033,0,0.9964,0,0,True,LEADING-SIM-V0.1
S‑NOR035,50,0.9868,0,0.0299,1,0.9943,0,0,True,LEADING-SIM-V0.1
S‑NOR035,51,0.9838,0,0.0068,0,0.9952,0,0,True,LEADING-SIM-V0.1
S‑NOR035,52,0.9794,0,0.0525,2,0.9984,0,0,True,LEADING-SIM-V0.1
S‑NOR036,1,0.9923,0,0.0636,0,0.9978,0,0,True,LEADING-SIM-V0.1
S‑NOR036,2,0.9839,1,0.0777,0,0.9971,0,0,True,LEADING-SIM-V0.1
S‑NOR036,3,0.9767,0,0.0145,1,1.0,0,0,True,LEADING-SIM-V0.1
S‑NOR036,4,0.9879,0,0.0103,1,0.9972,0,0,True,LEADING-SIM-V0.1
S‑NOR036,5,1.0,0,0.0555,0,0.9975,0,0,True,LEADING-SIM-V0.1
S‑NOR036,6,0.9862,0,0.0147,0,0.9976,0,0,True,LEADING-SIM-V0.1
S‑NOR036,7,0.9877,0,0.083,0,0.9991,1,0,True,LEADING-SIM-V0.1
S‑NOR036,8,0.9812,0,0.0146,1,0.9972,0,0,True,LEADING-SIM-V0.1
S‑NOR036,9,0.9742,0,0.0104,1,0.9953,0,0,True,LEADING-SIM-V0.1
S‑NOR036,10,0.9876,0,0.0355,1,0.9996,0,0,True,LEADING-SIM-V0.1
S‑NOR036,11,0.9802,0,0.0082,1,0.9955,0,0,True,LEADING-SIM-V0.1
S‑NOR036,12,0.984,0,0.036,0,0.9974,0,0,True,LEADING-SIM-V0.1
S‑NOR036,13,0.9808,0,0.0279,0,1.0,0,0,True,LEADING-SIM-V0.1
S‑NOR036,14,0.9901,0,0.0146,0,0.9952,0,0,True,LEADING-SIM-V0.1
S‑NOR036,15,0.9858,0,0.0164,0,0.9983,0,0,True,LEADING-SIM-V0.1
S‑NOR036,16,0.9858,0,0.0571,0,0.9987,1,0,True,LEADING-SIM-V0.1
S‑NOR036,17,0.9823,0,0.0104,0,0.9963,0,0,True,LEADING-SIM-V0.1
S‑NOR036,18,0.9863,0,0.0523,0,0.9982,0,0,True,LEADING-SIM-V0.1
S‑NOR036,19,0.9804,0,0.0066,0,0.9947,0,0,True,LEADING-SIM-V0.1
S‑NOR036,20,0.9825,0,0.0081,0,0.9982,1,0,True,LEADING-SIM-V0.1
S‑NOR036,21,0.992,0,0.0159,0,0.9946,0,0,True,LEADING-SIM-V0.1
S‑NOR036,22,0.9753,0,0.037,0,0.9994,0,0,True,LEADING-SIM-V0.1
S‑NOR036,23,0.9837,2,0.0114,2,1.0,0,0,True,LEADING-SIM-V0.1
S‑NOR036,24,0.9825,0,0.0073,0,0.9962,0,0,True,LEADING-SIM-V0.1
S‑NOR036,25,0.9837,0,0.0013,0,0.9973,0,0,True,LEADING-SIM-V0.1
S‑NOR036,26,0.9818,0,0.0217,1,0.9981,0,0,True,LEADING-SIM-V0.1
S‑NOR036,27,0.9934,0,0.0342,0,0.9957,0,0,True,LEADING-SIM-V0.1
S‑NOR036,28,0.9884,1,0.0238,0,0.9933,0,0,True,LEADING-SIM-V0.1
S‑NOR036,29,0.9863,0,0.0738,1,0.9971,0,0,True,LEADING-SIM-V0.1
S‑NOR036,30,0.9843,0,0.0186,1,0.9964,0,0,True,LEADING-SIM-V0.1
S‑NOR036,31,0.9858,0,0.081,0,0.9969,0,0,True,LEADING-SIM-V0.1
S‑NOR036,32,0.9854,0,0.0841,1,0.9954,0,0,True,LEADING-SIM-V0.1
S‑NOR036,33,0.9999,0,0.0405,1,0.9966,0,0,True,LEADING-SIM-V0.1
S‑NOR036,34,0.9798,0,0.0194,0,0.9954,0,0,True,LEADING-SIM-V0.1
S‑NOR036,35,0.9847,1,0.0415,1,0.9923,0,0,True,LEADING-SIM-V0.1
S‑NOR036,36,0.984,0,0.0021,0,0.9974,0,0,True,LEADING-SIM-V0.1
S‑NOR036,37,0.9866,1,0.0637,3,0.9963,0,0,True,LEADING-SIM-V0.1
S‑NOR036,38,0.9872,0,0.0039,1,0.9982,0,0,True,LEADING-SIM-V0.1
S‑NOR036,39,0.9753,0,0.0088,0,0.9964,0,0,True,LEADING-SIM-V0.1
S‑NOR036,40,0.9766,0,0.0542,1,0.9972,0,0,True,LEADING-SIM-V0.1
S‑NOR036,41,0.9826,0,0.0066,1,0.9954,0,0,True,LEADING-SIM-V0.1
S‑NOR036,42,1.0,0,0.0156,0,0.9974,0,0,True,LEADING-SIM-V0.1
S‑NOR036,43,1.0,0,0.0027,0,0.9979,0,0,True,LEADING-SIM-V0.1
S‑NOR036,44,0.9943,0,0.0346,0,0.9968,0,1,True,LEADING-SIM-V0.1
S‑NOR036,45,0.9934,0,0.0056,1,0.9969,0,0,True,LEADING-SIM-V0.1
S‑NOR036,46,0.996,0,0.15,0,0.9949,0,0,True,LEADING-SIM-V0.1
S‑NOR036,47,0.9865,0,0.0036,0,0.9975,0,0,True,LEADING-SIM-V0.1
S‑NOR036,48,0.9913,0,0.0042,0,0.9976,0,0,True,LEADING-SIM-V0.1
S‑NOR036,49,0.9871,0,0.013,1,0.9995,0,0,True,LEADING-SIM-V0.1
S‑NOR036,50,0.9899,0,0.0286,0,0.9936,0,0,True,LEADING-SIM-V0.1
S‑NOR036,51,0.9788,0,0.0382,0,0.9965,0,0,True,LEADING-SIM-V0.1
S‑NOR036,52,0.9909,0,0.0248,0,0.9979,0,0,True,LEADING-SIM-V0.1
S‑NOR037,1,0.9803,0,0.0139,0,0.9968,0,0,True,LEADING-SIM-V0.1
S‑NOR037,2,0.9825,0,0.0118,0,0.9958,0,0,True,LEADING-SIM-V0.1
S‑NOR037,3,0.9831,0,0.024,0,0.9982,0,0,True,LEADING-SIM-V0.1
S‑NOR037,4,0.9791,0,0.0512,2,0.9963,0,0,True,LEADING-SIM-V0.1
S‑NOR037,5,0.9896,0,0.01,1,0.9969,0,0,True,LEADING-SIM-V0.1
S‑NOR037,6,0.9833,0,0.1037,1,0.9932,1,0,True,LEADING-SIM-V0.1
S‑NOR037,7,0.9876,0,0.1492,0,0.9951,0,0,True,LEADING-SIM-V0.1
S‑NOR037,8,0.9827,0,0.0135,1,0.9961,0,0,True,LEADING-SIM-V0.1
S‑NOR037,9,0.9849,0,0.0156,0,0.9965,0,0,True,LEADING-SIM-V0.1
S‑NOR037,10,0.9897,0,0.0437,1,0.9959,0,0,True,LEADING-SIM-V0.1
S‑NOR037,11,0.9912,1,0.0607,0,0.9973,0,0,True,LEADING-SIM-V0.1
S‑NOR037,12,0.9812,0,0.0024,0,0.9961,0,0,True,LEADING-SIM-V0.1
S‑NOR037,13,0.9849,1,0.0576,0,0.9935,0,0,True,LEADING-SIM-V0.1
S‑NOR037,14,0.9798,0,0.0135,0,0.9963,0,0,True,LEADING-SIM-V0.1
S‑NOR037,15,0.9794,0,0.0091,0,0.9957,0,1,True,LEADING-SIM-V0.1
S‑NOR037,16,0.9779,0,0.01,3,0.9997,0,0,True,LEADING-SIM-V0.1
S‑NOR037,17,0.9803,0,0.0625,0,0.9967,0,0,True,LEADING-SIM-V0.1
S‑NOR037,18,0.9909,0,0.0112,0,0.9954,0,0,True,LEADING-SIM-V0.1
S‑NOR037,19,0.9973,0,0.0352,1,1.0,0,0,True,LEADING-SIM-V0.1
S‑NOR037,20,0.9801,0,0.0204,0,0.9938,0,0,True,LEADING-SIM-V0.1
S‑NOR037,21,0.9893,0,0.0493,1,0.9965,0,0,True,LEADING-SIM-V0.1
S‑NOR037,22,0.9832,0,0.0747,0,0.9971,0,0,True,LEADING-SIM-V0.1
S‑NOR037,23,0.9849,0,0.0077,1,0.9983,0,0,True,LEADING-SIM-V0.1
S‑NOR037,24,0.9918,0,0.0266,0,0.9979,0,0,True,LEADING-SIM-V0.1
S‑NOR037,25,0.9829,0,0.0133,0,0.9967,0,0,True,LEADING-SIM-V0.1
S‑NOR037,26,0.9781,0,0.0092,0,0.9978,0,0,True,LEADING-SIM-V0.1
S‑NOR037,27,0.9928,1,0.0015,1,0.9971,0,0,True,LEADING-SIM-V0.1
S‑NOR037,28,0.9904,0,0.0423,0,0.9965,0,0,True,LEADING-SIM-V0.1
S‑NOR037,29,0.9892,0,0.0302,0,0.9959,0,0,True,LEADING-SIM-V0.1
S‑NOR037,30,0.9803,0,0.04,1,0.9958,0,0,True,LEADING-SIM-V0.1
S‑NOR037,31,0.9884,0,0.0251,1,0.9953,0,0,True,LEADING-SIM-V0.1
S‑NOR037,32,0.9845,0,0.0413,0,0.9961,1,0,True,LEADING-SIM-V0.1
S‑NOR037,33,0.9872,0,0.0325,2,1.0,0,0,True,LEADING-SIM-V0.1
S‑NOR037,34,0.9913,0,0.0127,0,0.9983,0,0,True,LEADING-SIM-V0.1
S‑NOR037,35,0.9795,0,0.0143,1,0.9951,0,0,True,LEADING-SIM-V0.1
S‑NOR037,36,0.9986,0,0.0609,1,0.9976,0,0,True,LEADING-SIM-V0.1
S‑NOR037,37,0.9867,0,0.0476,1,0.9986,1,0,True,LEADING-SIM-V0.1
S‑NOR037,38,0.9859,0,0.0173,0,0.9932,0,0,True,LEADING-SIM-V0.1
S‑NOR037,39,0.9801,0,0.0036,1,0.9964,0,0,True,LEADING-SIM-V0.1
S‑NOR037,40,0.987,0,0.0326,1,0.9986,0,0,True,LEADING-SIM-V0.1
S‑NOR037,41,0.9929,0,0.0003,1,0.9968,0,0,True,LEADING-SIM-V0.1
S‑NOR037,42,0.9787,0,0.15,1,0.9964,0,0,True,LEADING-SIM-V0.1
S‑NOR037,43,0.9864,1,0.0295,0,0.999,0,0,True,LEADING-SIM-V0.1
S‑NOR037,44,0.9865,0,0.0278,0,0.9975,0,0,True,LEADING-SIM-V0.1
S‑NOR037,45,0.9912,0,0.0369,1,0.997,0,0,True,LEADING-SIM-V0.1
S‑NOR037,46,0.9797,0,0.0386,0,0.9976,0,0,True,LEADING-SIM-V0.1
S‑NOR037,47,0.9864,1,0.0102,0,0.9972,0,0,True,LEADING-SIM-V0.1
S‑NOR037,48,0.9828,0,0.0164,1,0.9965,0,0,True,LEADING-SIM-V0.1
S‑NOR037,49,0.9873,0,0.0108,0,0.9964,0,0,True,LEADING-SIM-V0.1
S‑NOR037,50,0.9852,0,0.0361,1,0.9972,0,0,True,LEADING-SIM-V0.1
S‑NOR037,51,0.9832,0,0.0119,0,0.9957,0,0,True,LEADING-SIM-V0.1
S‑NOR037,52,0.9946,0,0.0592,1,0.9953,0,0,True,LEADING-SIM-V0.1
S‑NOR038,1,0.9793,0,0.0099,0,0.9961,0,0,True,LEADING-SIM-V0.1
S‑NOR038,2,0.9813,1,0.0383,1,0.9968,0,0,True,LEADING-SIM-V0.1
S‑NOR038,3,0.9892,0,0.0095,0,0.997,0,0,True,LEADING-SIM-V0.1
S‑NOR038,4,0.9767,1,0.129,0,0.9946,0,0,True,LEADING-SIM-V0.1
S‑NOR038,5,0.9791,0,0.0169,0,0.9972,0,0,True,LEADING-SIM-V0.1
S‑NOR038,6,0.9808,1,0.0486,1,0.9969,0,0,True,LEADING-SIM-V0.1
S‑NOR038,7,0.9738,0,0.0125,1,0.9965,0,0,True,LEADING-SIM-V0.1
S‑NOR038,8,0.9846,0,0.0192,0,0.995,0,0,True,LEADING-SIM-V0.1
S‑NOR038,9,0.9777,0,0.1052,0,0.997,0,0,True,LEADING-SIM-V0.1
S‑NOR038,10,0.9896,0,0.0345,0,0.9981,0,0,True,LEADING-SIM-V0.1
S‑NOR038,11,0.9915,0,0.0259,0,0.9969,0,0,True,LEADING-SIM-V0.1
S‑NOR038,12,0.9908,0,0.0045,0,0.9979,0,0,True,LEADING-SIM-V0.1
S‑NOR038,13,0.9792,0,0.0043,0,0.9952,0,0,True,LEADING-SIM-V0.1
S‑NOR038,14,0.9904,0,0.0293,0,0.9969,0,0,True,LEADING-SIM-V0.1
S‑NOR038,15,0.9818,0,0.0769,1,1.0,0,0,True,LEADING-SIM-V0.1
S‑NOR038,16,0.993,0,0.0545,1,0.9961,0,0,True,LEADING-SIM-V0.1
S‑NOR038,17,0.9853,2,0.0631,2,0.9976,0,0,True,LEADING-SIM-V0.1
S‑NOR038,18,0.9752,1,0.0198,0,0.9955,0,0,True,LEADING-SIM-V0.1
S‑NOR038,19,0.9936,0,0.0822,0,0.9954,0,0,True,LEADING-SIM-V0.1
S‑NOR038,20,0.9869,0,0.0133,1,0.9989,0,0,True,LEADING-SIM-V0.1
S‑NOR038,21,0.9876,0,0.0466,1,0.9976,1,0,True,LEADING-SIM-V0.1
S‑NOR038,22,0.9829,1,0.0016,0,0.9958,0,0,True,LEADING-SIM-V0.1
S‑NOR038,23,0.9862,2,0.0408,0,0.9959,0,0,True,LEADING-SIM-V0.1
S‑NOR038,24,0.9898,0,0.0188,0,0.9978,0,0,True,LEADING-SIM-V0.1
S‑NOR038,25,0.9886,0,0.0132,0,0.9979,0,0,True,LEADING-SIM-V0.1
S‑NOR038,26,0.9863,0,0.0101,0,0.9976,0,0,True,LEADING-SIM-V0.1
S‑NOR038,27,0.9808,0,0.0361,0,0.9959,0,0,True,LEADING-SIM-V0.1
S‑NOR038,28,0.9835,0,0.1038,0,0.9991,0,0,True,LEADING-SIM-V0.1
S‑NOR038,29,0.9856,0,0.0537,0,0.9965,0,0,True,LEADING-SIM-V0.1
S‑NOR038,30,0.9912,0,0.0229,1,0.9961,0,0,True,LEADING-SIM-V0.1
S‑NOR038,31,0.9885,0,0.0041,0,0.9974,0,0,True,LEADING-SIM-V0.1
S‑NOR038,32,0.9834,0,0.0552,0,0.9953,0,0,True,LEADING-SIM-V0.1
S‑NOR038,33,0.9839,0,0.0146,0,0.9982,0,0,True,LEADING-SIM-V0.1
S‑NOR038,34,0.9847,0,0.0049,1,0.9968,0,0,True,LEADING-SIM-V0.1
S‑NOR038,35,0.9841,0,0.0046,0,0.9962,0,0,True,LEADING-SIM-V0.1
S‑NOR038,36,0.9797,0,0.0018,0,0.9959,0,0,True,LEADING-SIM-V0.1
S‑NOR038,37,0.9793,0,0.009,0,0.9962,0,0,True,LEADING-SIM-V0.1
S‑NOR038,38,0.9786,0,0.0226,0,0.9984,0,0,True,LEADING-SIM-V0.1
S‑NOR038,39,0.9884,0,0.0152,0,0.9963,0,0,True,LEADING-SIM-V0.1
S‑NOR038,40,0.9827,0,0.0832,0,0.9952,0,0,True,LEADING-SIM-V0.1
S‑NOR038,41,0.9867,1,0.007,0,0.9973,0,0,True,LEADING-SIM-V0.1
S‑NOR038,42,0.9808,0,0.1459,0,0.9964,0,0,True,LEADING-SIM-V0.1
S‑NOR038,43,0.9889,0,0.0013,0,0.9975,0,0,True,LEADING-SIM-V0.1
S‑NOR038,44,0.998,0,0.0452,0,0.9972,0,0,True,LEADING-SIM-V0.1
S‑NOR038,45,0.9807,0,0.0197,1,0.9959,0,0,True,LEADING-SIM-V0.1
S‑NOR038,46,0.9935,0,0.0468,1,0.9962,0,0,True,LEADING-SIM-V0.1
S‑NOR038,47,0.989,0,0.0509,0,0.9959,0,0,True,LEADING-SIM-V0.1
S‑NOR038,48,0.994,0,0.0196,0,0.9977,0,0,True,LEADING-SIM-V0.1
S‑NOR038,49,0.9774,0,0.0671,0,0.9984,0,0,True,LEADING-SIM-V0.1
S‑NOR038,50,0.9826,0,0.0192,1,0.9977,0,0,True,LEADING-SIM-V0.1
S‑NOR038,51,0.9801,0,0.0232,0,0.9988,0,0,True,LEADING-SIM-V0.1
S‑NOR038,52,0.9799,0,0.0153,1,0.9952,0,0,True,LEADING-SIM-V0.1
S‑NOR039,1,0.9819,0,0.0287,0,0.9957,0,0,True,LEADING-SIM-V0.1
S‑NOR039,2,0.9859,0,0.0657,0,0.9965,0,0,True,LEADING-SIM-V0.1
S‑NOR039,3,0.9858,0,0.0257,0,0.9984,0,0,True,LEADING-SIM-V0.1
S‑NOR039,4,0.9838,1,0.0003,0,0.9967,0,0,True,LEADING-SIM-V0.1
S‑NOR039,5,0.9904,0,0.1027,0,0.9984,0,0,True,LEADING-SIM-V0.1
S‑NOR039,6,0.9924,0,0.0459,0,0.9958,0,0,True,LEADING-SIM-V0.1
S‑NOR039,7,0.9848,1,0.0059,0,0.998,0,0,True,LEADING-SIM-V0.1
S‑NOR039,8,0.9865,0,0.0178,0,0.9968,0,0,True,LEADING-SIM-V0.1
S‑NOR039,9,0.9855,0,0.0228,0,0.9972,0,0,True,LEADING-SIM-V0.1
S‑NOR039,10,0.9844,0,0.0303,0,0.9993,0,0,True,LEADING-SIM-V0.1
S‑NOR039,11,0.9977,0,0.0016,0,0.998,0,0,True,LEADING-SIM-V0.1
S‑NOR039,12,0.9917,0,0.0974,1,0.9931,0,0,True,LEADING-SIM-V0.1
S‑NOR039,13,0.9753,0,0.0509,0,0.9985,0,0,True,LEADING-SIM-V0.1
S‑NOR039,14,0.9784,0,0.0717,2,0.9978,0,0,True,LEADING-SIM-V0.1
S‑NOR039,15,0.9955,0,0.0042,0,0.995,0,0,True,LEADING-SIM-V0.1
S‑NOR039,16,0.9872,0,0.0344,0,0.9974,0,0,True,LEADING-SIM-V0.1
S‑NOR039,17,0.9815,0,0.0552,1,0.9981,0,0,True,LEADING-SIM-V0.1
S‑NOR039,18,0.9748,0,0.0445,0,0.9978,0,0,True,LEADING-SIM-V0.1
S‑NOR039,19,1.0,0,0.0261,0,0.9945,0,0,True,LEADING-SIM-V0.1
S‑NOR039,20,0.9866,1,0.0405,0,0.9968,0,0,True,LEADING-SIM-V0.1
S‑NOR039,21,0.9886,0,0.0127,0,0.996,1,0,True,LEADING-SIM-V0.1
S‑NOR039,22,0.994,0,0.0322,1,0.9975,0,0,True,LEADING-SIM-V0.1
S‑NOR039,23,0.9731,0,0.0192,0,0.998,0,0,True,LEADING-SIM-V0.1
S‑NOR039,24,0.9802,1,0.02,0,0.9999,0,0,True,LEADING-SIM-V0.1
S‑NOR039,25,0.9859,0,0.0559,0,0.9984,0,0,True,LEADING-SIM-V0.1
S‑NOR039,26,0.9805,0,0.0078,0,0.9959,0,0,True,LEADING-SIM-V0.1
S‑NOR039,27,0.9837,0,0.0587,0,0.9987,0,0,True,LEADING-SIM-V0.1
S‑NOR039,28,0.9835,0,0.0103,0,0.9984,0,0,True,LEADING-SIM-V0.1
S‑NOR039,29,0.9966,1,0.0328,1,0.9983,0,0,True,LEADING-SIM-V0.1
S‑NOR039,30,0.9769,0,0.0645,0,0.9967,0,0,True,LEADING-SIM-V0.1
S‑NOR039,31,0.9762,0,0.0282,2,0.9962,0,0,True,LEADING-SIM-V0.1
S‑NOR039,32,0.9851,0,0.0511,1,0.9995,0,0,True,LEADING-SIM-V0.1
S‑NOR039,33,0.9812,1,0.0061,1,0.999,0,1,True,LEADING-SIM-V0.1
S‑NOR039,34,0.9848,0,0.0295,0,0.998,0,0,True,LEADING-SIM-V0.1
S‑NOR039,35,0.9963,1,0.0594,0,0.9995,0,0,True,LEADING-SIM-V0.1
S‑NOR039,36,0.9886,0,0.0857,0,0.9969,0,0,True,LEADING-SIM-V0.1
S‑NOR039,37,0.9893,0,0.0516,0,0.9964,0,0,True,LEADING-SIM-V0.1
S‑NOR039,38,0.9894,1,0.0347,0,0.9954,0,0,True,LEADING-SIM-V0.1
S‑NOR039,39,0.9764,0,0.0398,0,0.9962,0,0,True,LEADING-SIM-V0.1
S‑NOR039,40,0.9847,0,0.0133,2,0.9992,0,0,True,LEADING-SIM-V0.1
S‑NOR039,41,0.9808,0,0.0436,0,0.997,0,0,True,LEADING-SIM-V0.1
S‑NOR039,42,0.9774,0,0.0482,1,0.996,1,0,True,LEADING-SIM-V0.1
S‑NOR039,43,0.9875,0,0.0173,0,0.998,0,0,True,LEADING-SIM-V0.1
S‑NOR039,44,0.9823,0,0.0982,2,0.9959,0,0,True,LEADING-SIM-V0.1
S‑NOR039,45,0.9869,0,0.0627,2,0.9976,0,0,True,LEADING-SIM-V0.1
S‑NOR039,46,0.9745,0,0.0131,1,0.9967,0,0,True,LEADING-SIM-V0.1
S‑NOR039,47,0.9837,0,0.1008,0,0.9975,0,0,True,LEADING-SIM-V0.1
S‑NOR039,48,0.9808,0,0.0252,1,0.9964,0,0,True,LEADING-SIM-V0.1
S‑NOR039,49,0.983,1,0.0177,0,0.9963,0,0,True,LEADING-SIM-V0.1
S‑NOR039,50,0.9842,0,0.0023,0,0.9957,0,0,True,LEADING-SIM-V0.1
S‑NOR039,51,0.9793,0,0.0155,0,0.999,0,0,True,LEADING-SIM-V0.1
S‑NOR039,52,0.9748,0,0.0224,1,0.9967,0,0,True,LEADING-SIM-V0.1
S‑NOR040,1,0.9892,1,0.0863,1,0.9963,0,0,True,LEADING-SIM-V0.1
S‑NOR040,2,0.9925,0,0.039,0,0.9962,0,0,True,LEADING-SIM-V0.1
S‑NOR040,3,0.9784,0,0.0146,0,0.9965,0,0,True,LEADING-SIM-V0.1
S‑NOR040,4,0.9787,0,0.0016,1,0.9969,0,0,True,LEADING-SIM-V0.1
S‑NOR040,5,0.9835,1,0.0711,0,0.9951,0,0,True,LEADING-SIM-V0.1
S‑NOR040,6,0.9747,0,0.0171,0,0.9958,0,0,True,LEADING-SIM-V0.1
S‑NOR040,7,0.979,1,0.1078,0,0.9992,0,0,True,LEADING-SIM-V0.1
S‑NOR040,8,0.9723,0,0.0454,0,0.9979,0,0,True,LEADING-SIM-V0.1
S‑NOR040,9,0.9866,0,0.055,0,0.9953,0,0,True,LEADING-SIM-V0.1
S‑NOR040,10,0.988,0,0.0428,0,0.9939,0,0,True,LEADING-SIM-V0.1
S‑NOR040,11,0.9816,0,0.0201,0,0.9967,0,0,True,LEADING-SIM-V0.1
S‑NOR040,12,0.9949,0,0.0529,0,0.9982,0,0,True,LEADING-SIM-V0.1
S‑NOR040,13,0.9819,0,0.0549,0,0.9966,0,0,True,LEADING-SIM-V0.1
S‑NOR040,14,0.9828,0,0.0205,0,0.996,0,0,True,LEADING-SIM-V0.1
S‑NOR040,15,0.9928,0,0.0787,1,0.9981,0,0,True,LEADING-SIM-V0.1
S‑NOR040,16,0.9811,0,0.0208,1,0.9968,1,0,True,LEADING-SIM-V0.1
S‑NOR040,17,0.9808,0,0.0204,1,0.9984,0,0,True,LEADING-SIM-V0.1
S‑NOR040,18,0.9863,2,0.0029,2,0.9971,0,0,True,LEADING-SIM-V0.1
S‑NOR040,19,0.9799,0,0.0599,0,0.9953,0,0,True,LEADING-SIM-V0.1
S‑NOR040,20,0.9833,0,0.0372,0,0.9973,0,0,True,LEADING-SIM-V0.1
S‑NOR040,21,0.9814,0,0.026,0,0.9961,0,0,True,LEADING-SIM-V0.1
S‑NOR040,22,0.9783,0,0.058,0,0.9969,0,0,True,LEADING-SIM-V0.1
S‑NOR040,23,0.9795,0,0.0832,0,0.9972,0,0,True,LEADING-SIM-V0.1
S‑NOR040,24,0.9989,0,0.0234,0,0.9938,0,0,True,LEADING-SIM-V0.1
S‑NOR040,25,0.9839,0,0.0067,0,0.9959,0,0,True,LEADING-SIM-V0.1
S‑NOR040,26,0.9861,0,0.0287,0,0.9972,0,0,True,LEADING-SIM-V0.1
S‑NOR040,27,0.9849,0,0.0354,0,0.9967,0,1,True,LEADING-SIM-V0.1
S‑NOR040,28,0.9837,0,0.0318,1,0.9961,0,0,True,LEADING-SIM-V0.1
S‑NOR040,29,0.9873,0,0.0633,0,0.9976,0,0,True,LEADING-SIM-V0.1
S‑NOR040,30,0.9812,0,0.0602,0,0.9951,0,0,True,LEADING-SIM-V0.1
S‑NOR040,31,0.994,0,0.0024,1,0.9964,0,0,True,LEADING-SIM-V0.1
S‑NOR040,32,0.9842,0,0.0077,0,0.9959,0,0,True,LEADING-SIM-V0.1
S‑NOR040,33,0.9827,0,0.0337,0,0.9978,0,0,True,LEADING-SIM-V0.1
S‑NOR040,34,0.9912,0,0.0238,1,0.995,0,0,True,LEADING-SIM-V0.1
S‑NOR040,35,0.988,1,0.0048,0,0.9987,1,0,True,LEADING-SIM-V0.1
S‑NOR040,36,0.991,0,0.0696,1,0.9982,0,0,True,LEADING-SIM-V0.1
S‑NOR040,37,0.9896,0,0.0191,0,0.9971,0,0,True,LEADING-SIM-V0.1
S‑NOR040,38,0.9811,0,0.0062,1,0.9975,0,0,True,LEADING-SIM-V0.1
S‑NOR040,39,0.9917,0,0.15,0,0.9996,0,0,True,LEADING-SIM-V0.1
S‑NOR040,40,0.9795,0,0.0408,1,0.9949,0,0,True,LEADING-SIM-V0.1
S‑NOR040,41,0.9836,2,0.0105,1,0.9962,0,0,True,LEADING-SIM-V0.1
S‑NOR040,42,0.9812,0,0.118,0,0.9951,0,0,True,LEADING-SIM-V0.1
S‑NOR040,43,0.9813,0,0.043,1,0.9982,0,0,True,LEADING-SIM-V0.1
S‑NOR040,44,0.9871,1,0.0126,0,0.9984,0,0,True,LEADING-SIM-V0.1
S‑NOR040,45,0.9864,0,0.029,0,0.9986,0,0,True,LEADING-SIM-V0.1
S‑NOR040,46,0.9732,1,0.0186,0,0.9963,0,0,True,LEADING-SIM-V0.1
S‑NOR040,47,0.987,0,0.008,0,0.9956,0,0,True,LEADING-SIM-V0.1
S‑NOR040,48,0.9884,1,0.0142,0,0.9965,0,0,True,LEADING-SIM-V0.1
S‑NOR040,49,0.9942,0,0.0845,0,0.9996,0,0,True,LEADING-SIM-V0.1
S‑NOR040,50,0.9863,0,0.0134,2,0.9974,0,0,True,LEADING-SIM-V0.1
S‑NOR040,51,0.9857,0,0.0023,0,0.9951,0,0,True,LEADING-SIM-V0.1
S‑NOR040,52,0.9873,0,0.0144,0,0.9963,0,0,True,LEADING-SIM-V0.1
S‑NOR041,1,0.9884,0,0.1164,0,0.9981,0,0,True,LEADING-SIM-V0.1
S‑NOR041,2,0.9892,0,0.0689,0,0.997,0,0,True,LEADING-SIM-V0.1
S‑NOR041,3,0.9845,0,0.0002,0,0.9958,0,0,True,LEADING-SIM-V0.1
S‑NOR041,4,0.99,1,0.0261,1,0.9959,0,0,True,LEADING-SIM-V0.1
S‑NOR041,5,0.984,0,0.0781,0,0.9976,0,0,True,LEADING-SIM-V0.1
S‑NOR041,6,0.9872,0,0.0397,0,0.9993,0,0,True,LEADING-SIM-V0.1
S‑NOR041,7,0.9927,1,0.0215,0,0.9944,0,0,True,LEADING-SIM-V0.1
S‑NOR041,8,0.9817,0,0.0307,1,0.9993,0,0,True,LEADING-SIM-V0.1
S‑NOR041,9,0.9987,0,0.01,0,0.9982,0,0,True,LEADING-SIM-V0.1
S‑NOR041,10,0.9788,0,0.0352,1,0.9955,0,0,True,LEADING-SIM-V0.1
S‑NOR041,11,0.9772,0,0.0578,1,0.9978,0,0,True,LEADING-SIM-V0.1
S‑NOR041,12,0.9842,0,0.0428,0,0.9983,0,0,True,LEADING-SIM-V0.1
S‑NOR041,13,0.981,0,0.0153,0,0.9947,0,0,True,LEADING-SIM-V0.1
S‑NOR041,14,0.9813,0,0.0225,0,0.9982,0,0,True,LEADING-SIM-V0.1
S‑NOR041,15,0.977,0,0.0098,0,0.9987,0,0,True,LEADING-SIM-V0.1
S‑NOR041,16,0.9858,0,0.0293,1,0.9978,0,0,True,LEADING-SIM-V0.1
S‑NOR041,17,0.9811,0,0.0104,1,0.9979,0,0,True,LEADING-SIM-V0.1
S‑NOR041,18,0.9805,0,0.0005,0,0.9953,0,0,True,LEADING-SIM-V0.1
S‑NOR041,19,0.9918,0,0.0342,1,0.9962,0,0,True,LEADING-SIM-V0.1
S‑NOR041,20,0.983,0,0.0347,0,0.9978,0,0,True,LEADING-SIM-V0.1
S‑NOR041,21,0.983,0,0.0019,1,0.9964,0,0,True,LEADING-SIM-V0.1
S‑NOR041,22,0.9815,0,0.0192,0,0.9963,0,0,True,LEADING-SIM-V0.1
S‑NOR041,23,0.9825,0,0.0258,0,0.9983,0,0,True,LEADING-SIM-V0.1
S‑NOR041,24,0.9894,0,0.0067,0,0.9981,0,0,True,LEADING-SIM-V0.1
S‑NOR041,25,0.9847,0,0.0409,0,0.9971,0,0,True,LEADING-SIM-V0.1
S‑NOR041,26,0.98,0,0.0049,0,0.9972,0,0,True,LEADING-SIM-V0.1
S‑NOR041,27,0.9838,1,0.0789,1,0.996,0,0,True,LEADING-SIM-V0.1
S‑NOR041,28,0.9802,0,0.0161,1,0.9963,0,0,True,LEADING-SIM-V0.1
S‑NOR041,29,0.9774,0,0.0174,0,0.9954,0,0,True,LEADING-SIM-V0.1
S‑NOR041,30,0.9717,0,0.0029,0,0.9971,0,0,True,LEADING-SIM-V0.1
S‑NOR041,31,0.9958,1,0.0327,0,0.9959,0,0,True,LEADING-SIM-V0.1
S‑NOR041,32,0.9829,0,0.0091,0,0.9939,0,0,True,LEADING-SIM-V0.1
S‑NOR041,33,0.9914,1,0.0682,0,0.9961,0,0,True,LEADING-SIM-V0.1
S‑NOR041,34,0.9859,0,0.0686,0,0.9962,0,0,True,LEADING-SIM-V0.1
S‑NOR041,35,0.9741,0,0.0074,0,0.9975,0,0,True,LEADING-SIM-V0.1
S‑NOR041,36,0.9802,0,0.0151,1,0.9981,0,0,True,LEADING-SIM-V0.1
S‑NOR041,37,0.9736,0,0.0668,1,0.9949,0,0,True,LEADING-SIM-V0.1
S‑NOR041,38,0.9878,1,0.0179,0,0.9974,0,0,True,LEADING-SIM-V0.1
S‑NOR041,39,0.9794,0,0.0479,0,0.9973,0,0,True,LEADING-SIM-V0.1
S‑NOR041,40,0.9729,0,0.0426,0,0.9956,0,0,True,LEADING-SIM-V0.1
S‑NOR041,41,0.9783,0,0.0601,1,0.9997,0,0,True,LEADING-SIM-V0.1
S‑NOR041,42,0.9819,0,0.0268,0,0.9959,0,0,True,LEADING-SIM-V0.1
S‑NOR041,43,0.9868,0,0.0316,1,0.9965,0,0,True,LEADING-SIM-V0.1
S‑NOR041,44,0.9896,0,0.0239,0,0.995,0,0,True,LEADING-SIM-V0.1
S‑NOR041,45,0.9898,0,0.0442,0,0.9963,0,0,True,LEADING-SIM-V0.1
S‑NOR041,46,0.9847,0,0.0517,0,0.998,0,0,True,LEADING-SIM-V0.1
S‑NOR041,47,0.9766,0,0.035,0,0.9977,0,0,True,LEADING-SIM-V0.1
S‑NOR041,48,0.9768,0,0.0036,0,0.9975,0,0,True,LEADING-SIM-V0.1
S‑NOR041,49,0.9857,0,0.0143,0,0.9957,0,0,True,LEADING-SIM-V0.1
S‑NOR041,50,0.9897,0,0.025,0,0.9958,1,0,True,LEADING-SIM-V0.1
S‑NOR041,51,0.982,0,0.0187,2,0.9975,0,0,True,LEADING-SIM-V0.1
S‑NOR041,52,0.9908,0,0.0702,1,0.9997,0,0,True,LEADING-SIM-V0.1
S‑NOR042,1,0.9902,0,0.1047,0,0.9962,0,0,True,LEADING-SIM-V0.1
S‑NOR042,2,0.9808,0,0.0295,0,0.9991,0,0,True,LEADING-SIM-V0.1
S‑NOR042,3,0.9864,0,0.0238,2,0.9972,0,0,True,LEADING-SIM-V0.1
S‑NOR042,4,0.9887,0,0.0175,1,0.9974,0,0,True,LEADING-SIM-V0.1
S‑NOR042,5,0.9938,0,0.0792,1,0.9989,1,0,True,LEADING-SIM-V0.1
S‑NOR042,6,0.989,0,0.0179,1,0.9965,0,0,True,LEADING-SIM-V0.1
S‑NOR042,7,0.9909,1,0.0125,0,0.9988,0,0,True,LEADING-SIM-V0.1
S‑NOR042,8,0.9846,0,0.1008,2,0.9945,0,0,True,LEADING-SIM-V0.1
S‑NOR042,9,0.9866,0,0.0448,0,0.997,0,0,True,LEADING-SIM-V0.1
S‑NOR042,10,0.9782,0,0.0368,0,0.9956,0,0,True,LEADING-SIM-V0.1
S‑NOR042,11,0.9837,1,0.0249,1,0.9981,0,0,True,LEADING-SIM-V0.1
S‑NOR042,12,0.9921,0,0.043,1,0.9968,0,0,True,LEADING-SIM-V0.1
S‑NOR042,13,0.9765,0,0.0274,0,0.9959,0,0,True,LEADING-SIM-V0.1
S‑NOR042,14,0.9794,0,0.15,0,0.9939,0,0,True,LEADING-SIM-V0.1
S‑NOR042,15,0.9738,0,0.0785,0,0.997,0,0,True,LEADING-SIM-V0.1
S‑NOR042,16,0.985,0,0.0484,0,0.9964,0,0,True,LEADING-SIM-V0.1
S‑NOR042,17,0.9938,0,0.0116,0,0.9943,0,0,True,LEADING-SIM-V0.1
S‑NOR042,18,0.976,0,0.0346,0,0.9973,0,0,True,LEADING-SIM-V0.1
S‑NOR042,19,0.9812,0,0.0408,0,0.9981,0,0,True,LEADING-SIM-V0.1
S‑NOR042,20,0.988,0,0.0616,0,0.998,0,0,True,LEADING-SIM-V0.1
S‑NOR042,21,0.9829,0,0.0105,0,0.998,0,0,True,LEADING-SIM-V0.1
S‑NOR042,22,0.9884,0,0.0229,1,0.9957,0,0,True,LEADING-SIM-V0.1
S‑NOR042,23,0.981,0,0.0132,0,0.998,0,0,True,LEADING-SIM-V0.1
S‑NOR042,24,0.9853,0,0.0069,0,0.9959,1,0,True,LEADING-SIM-V0.1
S‑NOR042,25,0.991,0,0.0596,0,0.9965,0,0,True,LEADING-SIM-V0.1
S‑NOR042,26,0.9831,0,0.0064,0,0.9987,0,0,True,LEADING-SIM-V0.1
S‑NOR042,27,0.9968,0,0.02,0,0.9992,0,0,True,LEADING-SIM-V0.1
S‑NOR042,28,0.9833,0,0.0269,1,0.997,0,0,True,LEADING-SIM-V0.1
S‑NOR042,29,0.9867,0,0.004,0,0.9997,0,0,True,LEADING-SIM-V0.1
S‑NOR042,30,0.9855,0,0.056,0,0.9984,0,0,True,LEADING-SIM-V0.1
S‑NOR042,31,0.9887,0,0.0036,0,0.9966,0,0,True,LEADING-SIM-V0.1
S‑NOR042,32,0.9907,0,0.0314,0,0.9967,0,0,True,LEADING-SIM-V0.1
S‑NOR042,33,0.98,0,0.0879,0,0.9945,0,0,True,LEADING-SIM-V0.1
S‑NOR042,34,0.9856,0,0.0902,0,0.9964,0,0,True,LEADING-SIM-V0.1
S‑NOR042,35,0.9868,0,0.0044,0,0.9982,0,0,True,LEADING-SIM-V0.1
S‑NOR042,36,0.9881,0,0.0029,0,0.9967,0,0,True,LEADING-SIM-V0.1
S‑NOR042,37,0.9802,0,0.0117,1,0.9945,0,0,True,LEADING-SIM-V0.1
S‑NOR042,38,0.9839,2,0.0018,0,0.9973,0,0,True,LEADING-SIM-V0.1
S‑NOR042,39,0.9818,0,0.0123,0,0.9977,0,0,True,LEADING-SIM-V0.1
S‑NOR042,40,0.9811,0,0.0595,1,0.9975,0,0,True,LEADING-SIM-V0.1
S‑NOR042,41,0.9789,0,0.0416,0,0.9964,0,0,True,LEADING-SIM-V0.1
S‑NOR042,42,0.985,0,0.004,0,0.9953,0,0,True,LEADING-SIM-V0.1
S‑NOR042,43,0.9874,0,0.0857,1,0.9981,0,0,True,LEADING-SIM-V0.1
S‑NOR042,44,0.9935,0,0.0754,1,0.998,0,0,True,LEADING-SIM-V0.1
S‑NOR042,45,0.9775,0,0.036,1,0.9978,0,0,True,LEADING-SIM-V0.1
S‑NOR042,46,0.9884,0,0.0045,0,0.9971,0,0,True,LEADING-SIM-V0.1
S‑NOR042,47,0.9759,0,0.03,0,0.9966,0,0,True,LEADING-SIM-V0.1
S‑NOR042,48,0.9803,0,0.0335,0,0.9945,0,0,True,LEADING-SIM-V0.1
S‑NOR042,49,0.9748,0,0.0296,0,0.9962,0,0,True,LEADING-SIM-V0.1
S‑NOR042,50,0.9825,1,0.0374,0,0.9965,0,0,True,LEADING-SIM-V0.1
S‑NOR042,51,0.9936,0,0.0165,0,0.9965,0,0,True,LEADING-SIM-V0.1
S‑NOR042,52,0.9832,0,0.004,0,0.9964,0,0,True,LEADING-SIM-V0.1
S‑NOR043,1,0.9847,1,0.0052,0,0.9982,0,0,True,LEADING-SIM-V0.1
S‑NOR043,2,0.9765,0,0.0006,0,0.9958,0,0,True,LEADING-SIM-V0.1
S‑NOR043,3,0.9825,1,0.022,0,0.9945,0,0,True,LEADING-SIM-V0.1
S‑NOR043,4,0.9825,1,0.0912,1,0.9972,0,0,True,LEADING-SIM-V0.1
S‑NOR043,5,0.9805,1,0.0245,0,0.9963,0,0,True,LEADING-SIM-V0.1
S‑NOR043,6,0.979,0,0.0405,0,0.9965,0,0,True,LEADING-SIM-V0.1
S‑NOR043,7,0.9914,0,0.0567,0,0.9977,0,0,True,LEADING-SIM-V0.1
S‑NOR043,8,0.9843,0,0.0391,0,0.9944,0,0,True,LEADING-SIM-V0.1
S‑NOR043,9,0.9782,0,0.0133,1,0.9982,0,0,True,LEADING-SIM-V0.1
S‑NOR043,10,0.9845,0,0.0862,0,0.9951,0,0,True,LEADING-SIM-V0.1
S‑NOR043,11,0.9948,0,0.0072,1,0.9998,0,0,True,LEADING-SIM-V0.1
S‑NOR043,12,0.9823,1,0.0016,1,0.9963,0,0,True,LEADING-SIM-V0.1
S‑NOR043,13,0.9775,0,0.0144,0,0.997,0,0,True,LEADING-SIM-V0.1
S‑NOR043,14,0.987,0,0.0011,0,0.997,0,0,True,LEADING-SIM-V0.1
S‑NOR043,15,0.9854,0,0.0115,1,0.9947,0,0,True,LEADING-SIM-V0.1
S‑NOR043,16,0.9826,0,0.0084,0,0.996,0,0,True,LEADING-SIM-V0.1
S‑NOR043,17,0.9836,0,0.0182,0,0.9958,0,0,True,LEADING-SIM-V0.1
S‑NOR043,18,0.98,1,0.0067,1,0.995,0,0,True,LEADING-SIM-V0.1
S‑NOR043,19,0.9923,0,0.0611,1,0.9957,0,0,True,LEADING-SIM-V0.1
S‑NOR043,20,0.9887,0,0.0082,0,0.9964,0,0,True,LEADING-SIM-V0.1
S‑NOR043,21,0.9847,1,0.0819,0,0.9968,0,0,True,LEADING-SIM-V0.1
S‑NOR043,22,0.9712,0,0.0455,0,0.9965,0,0,True,LEADING-SIM-V0.1
S‑NOR043,23,0.9899,0,0.0141,0,0.996,0,0,True,LEADING-SIM-V0.1
S‑NOR043,24,0.9843,0,0.0227,0,0.9967,0,0,True,LEADING-SIM-V0.1
S‑NOR043,25,0.9968,0,0.0722,1,0.9994,0,0,True,LEADING-SIM-V0.1
S‑NOR043,26,0.987,0,0.0678,1,0.9988,0,0,True,LEADING-SIM-V0.1
S‑NOR043,27,0.9895,1,0.0366,1,0.9986,0,0,True,LEADING-SIM-V0.1
S‑NOR043,28,0.9776,0,0.0282,0,0.9969,0,0,True,LEADING-SIM-V0.1
S‑NOR043,29,0.9842,0,0.0043,1,0.9978,0,0,True,LEADING-SIM-V0.1
S‑NOR043,30,0.9827,0,0.1183,0,0.9966,0,0,True,LEADING-SIM-V0.1
S‑NOR043,31,0.9861,0,0.0292,0,0.997,0,0,True,LEADING-SIM-V0.1
S‑NOR043,32,0.9918,0,0.0349,0,0.998,0,0,True,LEADING-SIM-V0.1
S‑NOR043,33,0.9956,0,0.0307,1,0.9961,0,0,True,LEADING-SIM-V0.1
S‑NOR043,34,0.9818,0,0.0033,1,0.9957,0,0,True,LEADING-SIM-V0.1
S‑NOR043,35,0.9774,0,0.0888,1,0.9981,0,0,True,LEADING-SIM-V0.1
S‑NOR043,36,0.9877,0,0.0199,1,0.9958,1,0,True,LEADING-SIM-V0.1
S‑NOR043,37,0.9882,0,0.0191,0,0.9963,0,0,True,LEADING-SIM-V0.1
S‑NOR043,38,0.9871,0,0.0065,0,0.9993,0,0,True,LEADING-SIM-V0.1
S‑NOR043,39,0.9792,1,0.0013,1,0.9965,0,0,True,LEADING-SIM-V0.1
S‑NOR043,40,0.9861,0,0.0105,0,0.9952,0,0,True,LEADING-SIM-V0.1
S‑NOR043,41,0.9879,0,0.0131,0,0.9991,0,0,True,LEADING-SIM-V0.1
S‑NOR043,42,0.9847,0,0.0238,1,0.9967,0,0,True,LEADING-SIM-V0.1
S‑NOR043,43,0.9818,0,0.0206,0,0.9969,0,0,True,LEADING-SIM-V0.1
S‑NOR043,44,0.9898,1,0.0257,0,0.9973,0,0,True,LEADING-SIM-V0.1
S‑NOR043,45,0.9848,0,0.0158,1,0.9968,1,0,True,LEADING-SIM-V0.1
S‑NOR043,46,0.9775,0,0.0127,0,0.998,0,0,True,LEADING-SIM-V0.1
S‑NOR043,47,0.9746,0,0.0245,0,0.9961,0,0,True,LEADING-SIM-V0.1
S‑NOR043,48,0.9819,0,0.0362,0,0.9967,0,0,True,LEADING-SIM-V0.1
S‑NOR043,49,0.9798,0,0.0329,1,0.9953,0,0,True,LEADING-SIM-V0.1
S‑NOR043,50,0.9843,0,0.0263,0,0.998,0,0,True,LEADING-SIM-V0.1
S‑NOR043,51,0.9871,0,0.0087,1,0.9976,0,0,True,LEADING-SIM-V0.1
S‑NOR043,52,0.9877,0,0.0255,0,0.9968,0,0,True,LEADING-SIM-V0.1
S‑NOR044,1,0.9896,0,0.0102,2,0.9983,0,0,True,LEADING-SIM-V0.1
S‑NOR044,2,0.9935,0,0.0387,1,0.9962,0,0,True,LEADING-SIM-V0.1
S‑NOR044,3,0.981,0,0.0393,0,0.9975,0,0,True,LEADING-SIM-V0.1
S‑NOR044,4,0.9794,0,0.0332,1,0.9962,0,0,True,LEADING-SIM-V0.1
S‑NOR044,5,0.9854,1,0.0158,0,0.9987,0,0,True,LEADING-SIM-V0.1
S‑NOR044,6,0.9942,0,0.0751,0,0.9973,0,1,True,LEADING-SIM-V0.1
S‑NOR044,7,0.9945,0,0.0217,0,0.9977,0,0,True,LEADING-SIM-V0.1
S‑NOR044,8,0.977,0,0.0062,0,0.9981,0,0,True,LEADING-SIM-V0.1
S‑NOR044,9,0.9923,0,0.0121,0,0.9967,0,0,True,LEADING-SIM-V0.1
S‑NOR044,10,0.9852,0,0.0113,1,0.9959,0,0,True,LEADING-SIM-V0.1
S‑NOR044,11,0.9812,0,0.0395,1,0.9954,0,0,True,LEADING-SIM-V0.1
S‑NOR044,12,0.9882,0,0.042,0,0.9952,0,0,True,LEADING-SIM-V0.1
S‑NOR044,13,0.9939,1,0.0039,0,0.996,0,0,True,LEADING-SIM-V0.1
S‑NOR044,14,0.9957,0,0.0829,0,0.9979,0,0,True,LEADING-SIM-V0.1
S‑NOR044,15,0.9912,0,0.0161,0,0.9969,0,0,True,LEADING-SIM-V0.1
S‑NOR044,16,0.9771,0,0.029,1,0.9965,0,0,True,LEADING-SIM-V0.1
S‑NOR044,17,0.9801,0,0.0151,1,0.9963,0,0,True,LEADING-SIM-V0.1
S‑NOR044,18,0.9819,0,0.0126,0,0.9984,0,0,True,LEADING-SIM-V0.1
S‑NOR044,19,0.9842,0,0.02,0,0.9947,0,0,True,LEADING-SIM-V0.1
S‑NOR044,20,0.9927,0,0.0038,0,0.9987,0,0,True,LEADING-SIM-V0.1
S‑NOR044,21,0.9828,0,0.0273,0,0.9968,0,0,True,LEADING-SIM-V0.1
S‑NOR044,22,0.985,0,0.0054,0,0.9945,0,0,True,LEADING-SIM-V0.1
S‑NOR044,23,0.9914,0,0.0059,1,0.9969,0,0,True,LEADING-SIM-V0.1
S‑NOR044,24,0.9946,0,0.0124,1,0.9961,0,0,True,LEADING-SIM-V0.1
S‑NOR044,25,0.987,0,0.004,0,0.9987,0,0,True,LEADING-SIM-V0.1
S‑NOR044,26,0.9743,0,0.0063,0,0.9982,0,0,True,LEADING-SIM-V0.1
S‑NOR044,27,0.995,0,0.0219,2,0.9945,0,0,True,LEADING-SIM-V0.1
S‑NOR044,28,0.9978,0,0.0893,0,0.9956,0,0,True,LEADING-SIM-V0.1
S‑NOR044,29,0.9868,0,0.0066,0,0.9963,0,0,True,LEADING-SIM-V0.1
S‑NOR044,30,0.9809,2,0.0048,0,0.9952,0,0,True,LEADING-SIM-V0.1
S‑NOR044,31,0.9778,0,0.0196,0,0.997,0,0,True,LEADING-SIM-V0.1
S‑NOR044,32,0.989,0,0.0429,3,0.9973,0,0,True,LEADING-SIM-V0.1
S‑NOR044,33,0.9922,0,0.0507,1,0.9979,0,0,True,LEADING-SIM-V0.1
S‑NOR044,34,0.9924,0,0.0323,0,0.9955,0,0,True,LEADING-SIM-V0.1
S‑NOR044,35,0.9837,0,0.1463,0,0.9971,1,0,True,LEADING-SIM-V0.1
S‑NOR044,36,0.9962,0,0.0185,0,0.9978,0,0,True,LEADING-SIM-V0.1
S‑NOR044,37,0.9888,0,0.0456,0,0.9955,0,0,True,LEADING-SIM-V0.1
S‑NOR044,38,0.9744,1,0.0582,0,0.9968,0,0,True,LEADING-SIM-V0.1
S‑NOR044,39,0.974,0,0.0078,0,0.9952,0,0,True,LEADING-SIM-V0.1
S‑NOR044,40,0.9853,0,0.0537,2,0.9963,0,0,True,LEADING-SIM-V0.1
S‑NOR044,41,0.9898,0,0.0049,0,0.9963,0,0,True,LEADING-SIM-V0.1
S‑NOR044,42,0.9838,0,0.0028,1,0.9972,0,0,True,LEADING-SIM-V0.1
S‑NOR044,43,0.9837,0,0.0014,0,0.9975,0,0,True,LEADING-SIM-V0.1
S‑NOR044,44,0.9767,0,0.0267,1,0.9988,0,0,True,LEADING-SIM-V0.1
S‑NOR044,45,0.986,0,0.0754,1,0.995,0,0,True,LEADING-SIM-V0.1
S‑NOR044,46,0.9841,0,0.0244,1,0.9947,0,0,True,LEADING-SIM-V0.1
S‑NOR044,47,0.984,0,0.0411,0,0.997,0,0,True,LEADING-SIM-V0.1
S‑NOR044,48,0.9859,0,0.0068,0,0.9983,0,0,True,LEADING-SIM-V0.1
S‑NOR044,49,0.9826,1,0.0065,0,0.9963,0,0,True,LEADING-SIM-V0.1
S‑NOR044,50,0.996,0,0.0247,0,0.9955,0,1,True,LEADING-SIM-V0.1
S‑NOR044,51,0.9896,0,0.0278,1,0.9972,0,0,True,LEADING-SIM-V0.1
S‑NOR044,52,0.9845,0,0.1144,0,0.998,0,0,True,LEADING-SIM-V0.1
S‑NOR045,1,0.9905,0,0.0292,0,0.9972,0,0,True,LEADING-SIM-V0.1
S‑NOR045,2,0.9816,1,0.0118,0,0.9985,0,0,True,LEADING-SIM-V0.1
S‑NOR045,3,0.9872,0,0.0377,1,0.9952,0,0,True,LEADING-SIM-V0.1
S‑NOR045,4,0.9655,0,0.0526,1,0.9969,0,0,True,LEADING-SIM-V0.1
S‑NOR045,5,0.9873,0,0.0462,0,0.9966,0,0,True,LEADING-SIM-V0.1
S‑NOR045,6,0.9719,0,0.0135,0,0.9985,0,0,True,LEADING-SIM-V0.1
S‑NOR045,7,0.9793,0,0.0163,1,0.9964,1,0,True,LEADING-SIM-V0.1
S‑NOR045,8,0.9886,0,0.0274,0,0.9968,0,0,True,LEADING-SIM-V0.1
S‑NOR045,9,0.9859,0,0.0497,0,0.9957,0,0,True,LEADING-SIM-V0.1
S‑NOR045,10,0.9848,0,0.0046,0,0.9963,0,0,True,LEADING-SIM-V0.1
S‑NOR045,11,0.9834,0,0.0132,0,0.9969,0,0,True,LEADING-SIM-V0.1
S‑NOR045,12,0.993,0,0.0092,1,0.9976,0,0,True,LEADING-SIM-V0.1
S‑NOR045,13,0.9851,0,0.0049,1,0.9957,0,0,True,LEADING-SIM-V0.1
S‑NOR045,14,0.9838,0,0.0301,0,0.9973,0,0,True,LEADING-SIM-V0.1
S‑NOR045,15,0.9859,0,0.0006,2,0.9955,1,0,True,LEADING-SIM-V0.1
S‑NOR045,16,0.9811,0,0.013,0,0.9986,0,0,True,LEADING-SIM-V0.1
S‑NOR045,17,0.9831,0,0.0127,1,0.9983,0,0,True,LEADING-SIM-V0.1
S‑NOR045,18,0.9923,0,0.0056,0,0.9979,0,0,True,LEADING-SIM-V0.1
S‑NOR045,19,0.9872,0,0.0223,0,0.9965,0,0,True,LEADING-SIM-V0.1
S‑NOR045,20,0.9808,0,0.018,1,0.9969,0,0,True,LEADING-SIM-V0.1
S‑NOR045,21,0.979,0,0.0126,0,0.9966,0,0,True,LEADING-SIM-V0.1
S‑NOR045,22,0.9927,0,0.0048,0,0.995,0,0,True,LEADING-SIM-V0.1
S‑NOR045,23,0.9931,0,0.0222,0,0.9984,0,0,True,LEADING-SIM-V0.1
S‑NOR045,24,0.9803,1,0.0126,0,0.9984,0,0,True,LEADING-SIM-V0.1
S‑NOR045,25,0.9746,0,0.1231,0,0.9936,0,0,True,LEADING-SIM-V0.1
S‑NOR045,26,0.9845,0,0.0543,1,0.9971,0,0,True,LEADING-SIM-V0.1
S‑NOR045,27,0.9857,0,0.0217,0,0.9969,0,0,True,LEADING-SIM-V0.1
S‑NOR045,28,0.9795,0,0.1091,0,0.9965,0,0,True,LEADING-SIM-V0.1
S‑NOR045,29,0.9917,0,0.0042,1,0.9972,0,0,True,LEADING-SIM-V0.1
S‑NOR045,30,0.9846,0,0.0374,0,0.9952,0,0,True,LEADING-SIM-V0.1
S‑NOR045,31,0.9819,0,0.0326,0,0.9966,0,0,True,LEADING-SIM-V0.1
S‑NOR045,32,0.9766,0,0.0037,0,0.9965,0,0,True,LEADING-SIM-V0.1
S‑NOR045,33,0.9895,0,0.0542,0,1.0,0,0,True,LEADING-SIM-V0.1
S‑NOR045,34,0.9825,0,0.0016,0,0.9967,0,0,True,LEADING-SIM-V0.1
S‑NOR045,35,0.9789,0,0.0564,0,0.9953,0,1,True,LEADING-SIM-V0.1
S‑NOR045,36,0.9913,1,0.0085,1,0.9976,0,0,True,LEADING-SIM-V0.1
S‑NOR045,37,0.9785,0,0.112,1,0.9957,0,0,True,LEADING-SIM-V0.1
S‑NOR045,38,0.9916,0,0.0439,0,0.9996,0,0,True,LEADING-SIM-V0.1
S‑NOR045,39,0.9861,0,0.0942,0,0.9979,0,0,True,LEADING-SIM-V0.1
S‑NOR045,40,0.99,0,0.0165,0,0.9986,0,0,True,LEADING-SIM-V0.1
S‑NOR045,41,0.9812,0,0.0136,0,0.9968,0,0,True,LEADING-SIM-V0.1
S‑NOR045,42,0.981,0,0.0685,0,0.9961,0,0,True,LEADING-SIM-V0.1
S‑NOR045,43,0.9891,0,0.023,1,0.9972,0,0,True,LEADING-SIM-V0.1
S‑NOR045,44,0.9858,0,0.0192,0,0.9984,0,0,True,LEADING-SIM-V0.1
S‑NOR045,45,0.999,0,0.0601,1,0.9955,0,0,True,LEADING-SIM-V0.1
S‑NOR045,46,0.9853,1,0.0323,2,0.9956,0,0,True,LEADING-SIM-V0.1
S‑NOR045,47,0.9784,0,0.0084,0,0.998,0,0,True,LEADING-SIM-V0.1
S‑NOR045,48,0.9705,0,0.031,0,0.9964,0,0,True,LEADING-SIM-V0.1
S‑NOR045,49,0.9813,0,0.0301,0,0.9992,0,0,True,LEADING-SIM-V0.1
S‑NOR045,50,0.9874,0,0.0661,1,0.9982,0,0,True,LEADING-SIM-V0.1
S‑NOR045,51,0.9998,0,0.0385,0,0.996,0,0,True,LEADING-SIM-V0.1
S‑NOR045,52,0.9745,1,0.0032,0,0.9985,0,0,True,LEADING-SIM-V0.1
S‑NOR046,1,0.9911,0,0.0681,0,0.9958,0,0,True,LEADING-SIM-V0.1
S‑NOR046,2,0.9837,0,0.0022,0,0.9962,0,0,True,LEADING-SIM-V0.1
S‑NOR046,3,0.9805,0,0.0172,0,0.9977,0,0,True,LEADING-SIM-V0.1
S‑NOR046,4,0.9876,0,0.0149,0,0.997,0,0,True,LEADING-SIM-V0.1
S‑NOR046,5,0.986,1,0.0314,0,0.9966,0,0,True,LEADING-SIM-V0.1
S‑NOR046,6,0.9863,0,0.0116,1,0.9971,0,0,True,LEADING-SIM-V0.1
S‑NOR046,7,0.972,0,0.0202,0,0.9979,0,0,True,LEADING-SIM-V0.1
S‑NOR046,8,0.9849,0,0.0031,0,0.9993,0,0,True,LEADING-SIM-V0.1
S‑NOR046,9,0.9822,0,0.0111,0,0.9955,1,0,True,LEADING-SIM-V0.1
S‑NOR046,10,0.9899,0,0.0704,0,0.9971,1,0,True,LEADING-SIM-V0.1
S‑NOR046,11,0.9856,0,0.0279,2,0.9969,1,0,True,LEADING-SIM-V0.1
S‑NOR046,12,0.9879,0,0.0521,0,0.9944,0,0,True,LEADING-SIM-V0.1
S‑NOR046,13,0.9778,0,0.0041,0,0.999,0,0,True,LEADING-SIM-V0.1
S‑NOR046,14,0.9843,0,0.0129,1,0.9952,0,0,True,LEADING-SIM-V0.1
S‑NOR046,15,0.9847,0,0.0764,0,0.9965,0,0,True,LEADING-SIM-V0.1
S‑NOR046,16,0.9815,0,0.0057,0,0.9952,0,0,True,LEADING-SIM-V0.1
S‑NOR046,17,0.9811,1,0.0516,1,0.9986,0,0,True,LEADING-SIM-V0.1
S‑NOR046,18,0.9978,1,0.0058,1,0.9976,0,0,True,LEADING-SIM-V0.1
S‑NOR046,19,0.9829,0,0.0785,0,0.9995,0,0,True,LEADING-SIM-V0.1
S‑NOR046,20,0.9861,0,0.0787,0,0.9961,0,0,True,LEADING-SIM-V0.1
S‑NOR046,21,0.9851,0,0.0197,0,0.9978,0,0,True,LEADING-SIM-V0.1
S‑NOR046,22,0.9843,0,0.02,0,0.9962,0,0,True,LEADING-SIM-V0.1
S‑NOR046,23,1.0,0,0.0022,0,0.9944,0,0,True,LEADING-SIM-V0.1
S‑NOR046,24,0.9932,0,0.0201,0,0.997,0,0,True,LEADING-SIM-V0.1
S‑NOR046,25,0.9806,0,0.0164,1,0.9975,0,0,True,LEADING-SIM-V0.1
S‑NOR046,26,0.9917,1,0.0238,1,0.9986,0,0,True,LEADING-SIM-V0.1
S‑NOR046,27,0.9867,0,0.0201,0,0.9977,0,0,True,LEADING-SIM-V0.1
S‑NOR046,28,0.9766,0,0.0967,1,0.9963,0,0,True,LEADING-SIM-V0.1
S‑NOR046,29,0.9766,1,0.044,0,0.9964,0,0,True,LEADING-SIM-V0.1
S‑NOR046,30,0.9824,1,0.0291,0,0.9964,0,0,True,LEADING-SIM-V0.1
S‑NOR046,31,0.978,0,0.0157,0,0.9979,0,0,True,LEADING-SIM-V0.1
S‑NOR046,32,0.9844,0,0.0122,0,0.9965,0,0,True,LEADING-SIM-V0.1
S‑NOR046,33,0.9853,0,0.008,0,0.9953,0,0,True,LEADING-SIM-V0.1
S‑NOR046,34,0.987,0,0.0116,0,0.9951,0,0,True,LEADING-SIM-V0.1
S‑NOR046,35,0.9847,0,0.0034,0,0.9959,0,0,True,LEADING-SIM-V0.1
S‑NOR046,36,0.9819,1,0.0869,1,0.9962,0,0,True,LEADING-SIM-V0.1
S‑NOR046,37,0.9818,0,0.0377,2,0.9973,0,0,True,LEADING-SIM-V0.1
S‑NOR046,38,0.9761,1,0.0404,0,0.9978,0,0,True,LEADING-SIM-V0.1
S‑NOR046,39,0.9872,0,0.0091,0,0.9983,0,0,True,LEADING-SIM-V0.1
S‑NOR046,40,0.9956,1,0.0317,0,0.9997,0,0,True,LEADING-SIM-V0.1
S‑NOR046,41,0.9872,0,0.0515,0,0.9981,0,0,True,LEADING-SIM-V0.1
S‑NOR046,42,0.971,0,0.0086,0,0.9974,1,0,True,LEADING-SIM-V0.1
S‑NOR046,43,0.9801,0,0.0718,0,0.9982,0,0,True,LEADING-SIM-V0.1
S‑NOR046,44,0.9836,0,0.017,0,0.9964,0,0,True,LEADING-SIM-V0.1
S‑NOR046,45,0.9829,0,0.0489,0,0.9972,0,0,True,LEADING-SIM-V0.1
S‑NOR046,46,0.9931,0,0.0592,1,0.9975,0,0,True,LEADING-SIM-V0.1
S‑NOR046,47,0.9832,0,0.012,0,0.9995,0,0,True,LEADING-SIM-V0.1
S‑NOR046,48,0.9805,1,0.0064,0,0.997,0,0,True,LEADING-SIM-V0.1
S‑NOR046,49,0.9887,0,0.0184,0,0.9974,0,0,True,LEADING-SIM-V0.1
S‑NOR046,50,0.9736,0,0.0324,1,0.9965,0,0,True,LEADING-SIM-V0.1
S‑NOR046,51,0.985,2,0.0022,0,0.995,1,0,True,LEADING-SIM-V0.1
S‑NOR046,52,0.9755,0,0.0356,0,0.9971,0,0,True,LEADING-SIM-V0.1
S‑NOR047,1,0.9874,0,0.0104,2,1.0,0,0,True,LEADING-SIM-V0.1
S‑NOR047,2,0.9907,1,0.0844,1,0.9958,0,0,True,LEADING-SIM-V0.1
S‑NOR047,3,0.9748,0,0.0018,0,0.9973,0,0,True,LEADING-SIM-V0.1
S‑NOR047,4,0.9783,0,0.0666,0,0.9956,0,0,True,LEADING-SIM-V0.1
S‑NOR047,5,0.985,0,0.059,0,0.9998,0,0,True,LEADING-SIM-V0.1
S‑NOR047,6,0.9958,0,0.0937,0,0.998,0,0,True,LEADING-SIM-V0.1
S‑NOR047,7,0.9933,0,0.0226,0,0.9977,0,0,True,LEADING-SIM-V0.1
S‑NOR047,8,0.9797,0,0.0338,0,0.9981,0,0,True,LEADING-SIM-V0.1
S‑NOR047,9,0.9767,0,0.0207,0,0.9972,0,0,True,LEADING-SIM-V0.1
S‑NOR047,10,0.9739,0,0.0156,0,0.9975,0,0,True,LEADING-SIM-V0.1
S‑NOR047,11,0.9869,0,0.0166,0,0.9963,0,0,True,LEADING-SIM-V0.1
S‑NOR047,12,0.9858,0,0.0087,1,0.9963,0,0,True,LEADING-SIM-V0.1
S‑NOR047,13,0.9827,0,0.0127,0,0.9949,0,0,True,LEADING-SIM-V0.1
S‑NOR047,14,0.9888,0,0.0064,0,0.9988,0,0,True,LEADING-SIM-V0.1
S‑NOR047,15,0.9861,0,0.0612,1,0.9963,0,0,True,LEADING-SIM-V0.1
S‑NOR047,16,0.9834,1,0.1343,1,0.9962,0,0,True,LEADING-SIM-V0.1
S‑NOR047,17,0.9805,0,0.0001,0,0.9987,0,0,True,LEADING-SIM-V0.1
S‑NOR047,18,0.9741,0,0.0748,2,0.9966,0,0,True,LEADING-SIM-V0.1
S‑NOR047,19,1.0,0,0.0246,1,0.997,0,0,True,LEADING-SIM-V0.1
S‑NOR047,20,0.9864,0,0.0157,0,0.9986,0,0,True,LEADING-SIM-V0.1
S‑NOR047,21,0.9787,0,0.0185,1,0.9975,0,0,True,LEADING-SIM-V0.1
S‑NOR047,22,0.9893,0,0.0279,0,0.996,0,0,True,LEADING-SIM-V0.1
S‑NOR047,23,0.9883,0,0.0162,1,0.9966,0,0,True,LEADING-SIM-V0.1
S‑NOR047,24,0.9882,1,0.0041,0,0.9993,0,0,True,LEADING-SIM-V0.1
S‑NOR047,25,0.9904,0,0.0578,0,0.9948,0,1,True,LEADING-SIM-V0.1
S‑NOR047,26,0.992,0,0.0032,0,0.9963,0,0,True,LEADING-SIM-V0.1
S‑NOR047,27,0.9868,0,0.0084,2,0.9961,0,0,True,LEADING-SIM-V0.1
S‑NOR047,28,0.977,0,0.0104,0,0.9962,0,0,True,LEADING-SIM-V0.1
S‑NOR047,29,0.9939,0,0.0103,0,0.9999,0,0,True,LEADING-SIM-V0.1
S‑NOR047,30,0.9777,0,0.032,0,0.9995,0,0,True,LEADING-SIM-V0.1
S‑NOR047,31,0.9814,0,0.0231,0,1.0,0,0,True,LEADING-SIM-V0.1
S‑NOR047,32,0.989,0,0.066,1,0.9974,0,0,True,LEADING-SIM-V0.1
S‑NOR047,33,0.9861,1,0.007,0,0.9991,0,0,True,LEADING-SIM-V0.1
S‑NOR047,34,0.9869,0,0.0451,1,0.9961,0,0,True,LEADING-SIM-V0.1
S‑NOR047,35,0.9842,0,0.1216,0,0.9989,0,0,True,LEADING-SIM-V0.1
S‑NOR047,36,0.984,0,0.0306,0,0.9956,0,0,True,LEADING-SIM-V0.1
S‑NOR047,37,0.9787,0,0.0065,0,0.9993,0,0,True,LEADING-SIM-V0.1
S‑NOR047,38,0.9864,0,0.0057,0,0.9964,0,1,True,LEADING-SIM-V0.1
S‑NOR047,39,0.9898,0,0.012,0,0.9955,0,0,True,LEADING-SIM-V0.1
S‑NOR047,40,0.9873,0,0.0053,1,0.9966,0,0,True,LEADING-SIM-V0.1
S‑NOR047,41,0.9927,0,0.048,0,0.9961,0,0,True,LEADING-SIM-V0.1
S‑NOR047,42,0.9856,0,0.0585,1,0.9969,0,0,True,LEADING-SIM-V0.1
S‑NOR047,43,0.9792,0,0.0142,2,0.9973,0,0,True,LEADING-SIM-V0.1
S‑NOR047,44,0.9974,0,0.0047,0,0.9973,0,0,True,LEADING-SIM-V0.1
S‑NOR047,45,0.9929,0,0.0142,0,0.9953,0,0,True,LEADING-SIM-V0.1
S‑NOR047,46,0.9765,0,0.0123,0,0.9977,0,0,True,LEADING-SIM-V0.1
S‑NOR047,47,0.988,0,0.011,0,0.999,0,0,True,LEADING-SIM-V0.1
S‑NOR047,48,0.9894,0,0.0592,0,0.9968,0,0,True,LEADING-SIM-V0.1
S‑NOR047,49,0.989,0,0.0079,0,0.9991,1,0,True,LEADING-SIM-V0.1
S‑NOR047,50,0.9903,0,0.0503,1,0.9987,0,0,True,LEADING-SIM-V0.1
S‑NOR047,51,0.9889,0,0.0011,0,0.9969,0,0,True,LEADING-SIM-V0.1
S‑NOR047,52,0.9865,0,0.0386,0,0.9978,0,0,True,LEADING-SIM-V0.1
S‑NOR048,1,0.9857,0,0.057,0,0.9969,0,0,True,LEADING-SIM-V0.1
S‑NOR048,2,0.994,0,0.0113,0,0.9968,0,0,True,LEADING-SIM-V0.1
S‑NOR048,3,0.9889,1,0.0039,0,0.998,0,0,True,LEADING-SIM-V0.1
S‑NOR048,4,0.9813,1,0.0141,0,0.9974,0,0,True,LEADING-SIM-V0.1
S‑NOR048,5,0.9934,0,0.0392,1,0.997,0,0,True,LEADING-SIM-V0.1
S‑NOR048,6,0.9938,0,0.0059,0,0.9988,0,0,True,LEADING-SIM-V0.1
S‑NOR048,7,0.9802,0,0.0127,0,0.9961,0,0,True,LEADING-SIM-V0.1
S‑NOR048,8,0.9756,0,0.0142,0,0.996,0,0,True,LEADING-SIM-V0.1
S‑NOR048,9,0.985,0,0.0172,0,0.9956,1,0,True,LEADING-SIM-V0.1
S‑NOR048,10,0.9853,0,0.0454,1,0.9986,0,0,True,LEADING-SIM-V0.1
S‑NOR048,11,0.9789,0,0.052,0,0.9973,0,0,True,LEADING-SIM-V0.1
S‑NOR048,12,0.9817,0,0.0913,2,0.9958,0,0,True,LEADING-SIM-V0.1
S‑NOR048,13,0.993,0,0.0246,1,0.9969,0,0,True,LEADING-SIM-V0.1
S‑NOR048,14,0.9839,1,0.0181,1,0.9966,0,0,True,LEADING-SIM-V0.1
S‑NOR048,15,0.981,0,0.0195,0,0.9951,0,0,True,LEADING-SIM-V0.1
S‑NOR048,16,0.9996,0,0.0256,0,0.9989,0,0,True,LEADING-SIM-V0.1
S‑NOR048,17,0.9913,0,0.0142,0,0.9952,0,0,True,LEADING-SIM-V0.1
S‑NOR048,18,0.9863,0,0.0168,0,0.9994,0,0,True,LEADING-SIM-V0.1
S‑NOR048,19,0.9898,0,0.0353,1,0.9976,0,0,True,LEADING-SIM-V0.1
S‑NOR048,20,1.0,0,0.0032,0,0.9962,0,0,True,LEADING-SIM-V0.1
S‑NOR048,21,0.9911,0,0.0112,0,0.9973,0,0,True,LEADING-SIM-V0.1
S‑NOR048,22,0.9923,0,0.0297,1,0.9978,0,0,True,LEADING-SIM-V0.1
S‑NOR048,23,0.9828,0,0.0471,1,1.0,0,0,True,LEADING-SIM-V0.1
S‑NOR048,24,0.9824,0,0.0143,0,0.996,0,0,True,LEADING-SIM-V0.1
S‑NOR048,25,0.9957,0,0.011,0,0.9981,0,0,True,LEADING-SIM-V0.1
S‑NOR048,26,0.9896,0,0.0139,0,0.9963,0,0,True,LEADING-SIM-V0.1
S‑NOR048,27,0.9907,1,0.046,1,0.9972,0,0,True,LEADING-SIM-V0.1
S‑NOR048,28,0.9855,0,0.0143,1,0.9968,0,0,True,LEADING-SIM-V0.1
S‑NOR048,29,0.9768,0,0.0082,0,0.9973,0,0,True,LEADING-SIM-V0.1
S‑NOR048,30,0.9875,0,0.016,0,0.9963,0,0,True,LEADING-SIM-V0.1
S‑NOR048,31,0.9901,1,0.0098,1,0.9952,1,0,True,LEADING-SIM-V0.1
S‑NOR048,32,0.9845,0,0.0082,1,0.9971,0,0,True,LEADING-SIM-V0.1
S‑NOR048,33,0.9813,0,0.0439,0,0.9987,0,0,True,LEADING-SIM-V0.1
S‑NOR048,34,0.9931,0,0.0138,1,0.9958,0,0,True,LEADING-SIM-V0.1
S‑NOR048,35,0.9695,0,0.0621,0,0.9975,0,1,True,LEADING-SIM-V0.1
S‑NOR048,36,0.9907,0,0.0303,0,0.9976,0,0,True,LEADING-SIM-V0.1
S‑NOR048,37,0.9806,0,0.0175,0,0.9945,0,0,True,LEADING-SIM-V0.1
S‑NOR048,38,0.9794,0,0.0066,0,0.9975,0,0,True,LEADING-SIM-V0.1
S‑NOR048,39,0.9867,0,0.0046,0,0.9974,0,0,True,LEADING-SIM-V0.1
S‑NOR048,40,0.979,0,0.019,1,0.9947,0,0,True,LEADING-SIM-V0.1
S‑NOR048,41,0.9774,0,0.024,0,0.9954,0,0,True,LEADING-SIM-V0.1
S‑NOR048,42,0.9913,0,0.0066,2,0.998,0,0,True,LEADING-SIM-V0.1
S‑NOR048,43,0.9895,0,0.0339,0,0.9967,0,0,True,LEADING-SIM-V0.1
S‑NOR048,44,0.9862,0,0.0137,0,0.9974,0,0,True,LEADING-SIM-V0.1
S‑NOR048,45,0.9851,0,0.0063,0,0.9942,0,0,True,LEADING-SIM-V0.1
S‑NOR048,46,0.9877,0,0.0463,0,0.9957,0,0,True,LEADING-SIM-V0.1
S‑NOR048,47,0.9908,0,0.036,0,0.9959,0,0,True,LEADING-SIM-V0.1
S‑NOR048,48,0.9763,1,0.0219,0,0.9963,0,0,True,LEADING-SIM-V0.1
S‑NOR048,49,0.9681,0,0.0836,0,0.9967,0,0,True,LEADING-SIM-V0.1
S‑NOR048,50,0.9809,0,0.0305,1,0.9972,1,0,True,LEADING-SIM-V0.1
S‑NOR048,51,0.9764,0,0.052,1,0.9965,0,0,True,LEADING-SIM-V0.1
S‑NOR048,52,0.9797,0,0.0615,0,0.9984,0,0,True,LEADING-SIM-V0.1
S‑NOR049,1,0.9778,0,0.0488,0,0.9983,0,0,True,LEADING-SIM-V0.1
S‑NOR049,2,0.9951,0,0.0085,1,0.9999,0,0,True,LEADING-SIM-V0.1
S‑NOR049,3,0.9849,0,0.0962,0,0.9988,0,0,True,LEADING-SIM-V0.1
S‑NOR049,4,0.9827,0,0.0166,2,0.9983,0,0,True,LEADING-SIM-V0.1
S‑NOR049,5,0.9862,0,0.0288,1,0.9974,0,0,True,LEADING-SIM-V0.1
S‑NOR049,6,0.9859,0,0.012,0,0.9959,0,0,True,LEADING-SIM-V0.1
S‑NOR049,7,0.9869,0,0.0193,0,0.9968,0,0,True,LEADING-SIM-V0.1
S‑NOR049,8,0.9752,0,0.0123,0,0.9963,0,0,True,LEADING-SIM-V0.1
S‑NOR049,9,0.9891,0,0.1003,0,0.9955,0,0,True,LEADING-SIM-V0.1
S‑NOR049,10,0.9773,1,0.0586,1,0.9981,0,0,True,LEADING-SIM-V0.1
S‑NOR049,11,0.981,1,0.033,1,0.9969,1,1,True,LEADING-SIM-V0.1
S‑NOR049,12,0.9855,0,0.0264,0,0.9949,0,0,True,LEADING-SIM-V0.1
S‑NOR049,13,0.9845,0,0.0004,0,0.9952,0,0,True,LEADING-SIM-V0.1
S‑NOR049,14,0.9877,0,0.015,0,1.0,0,0,True,LEADING-SIM-V0.1
S‑NOR049,15,0.9827,1,0.0063,0,0.9965,0,0,True,LEADING-SIM-V0.1
S‑NOR049,16,0.9872,0,0.0413,0,0.9992,0,0,True,LEADING-SIM-V0.1
S‑NOR049,17,0.9832,0,0.0117,1,0.9975,0,0,True,LEADING-SIM-V0.1
S‑NOR049,18,0.9847,0,0.0134,0,0.9983,0,0,True,LEADING-SIM-V0.1
S‑NOR049,19,0.9814,0,0.062,0,0.9981,0,0,True,LEADING-SIM-V0.1
S‑NOR049,20,0.9945,0,0.0234,1,0.9985,0,0,True,LEADING-SIM-V0.1
S‑NOR049,21,0.9896,0,0.0226,0,0.9957,0,0,True,LEADING-SIM-V0.1
S‑NOR049,22,0.9807,0,0.0141,0,0.9957,0,0,True,LEADING-SIM-V0.1
S‑NOR049,23,0.9814,0,0.0353,1,0.9976,0,0,True,LEADING-SIM-V0.1
S‑NOR049,24,0.9836,0,0.0525,1,0.9999,0,0,True,LEADING-SIM-V0.1
S‑NOR049,25,0.9684,0,0.0023,0,0.9981,0,0,True,LEADING-SIM-V0.1
S‑NOR049,26,0.9818,1,0.0125,0,0.9956,0,0,True,LEADING-SIM-V0.1
S‑NOR049,27,0.9764,0,0.0629,0,0.9962,0,0,True,LEADING-SIM-V0.1
S‑NOR049,28,0.9826,1,0.1104,0,0.9969,0,0,True,LEADING-SIM-V0.1
S‑NOR049,29,0.9723,1,0.0076,0,0.9986,0,0,True,LEADING-SIM-V0.1
S‑NOR049,30,0.9874,1,0.0683,1,0.9971,0,0,True,LEADING-SIM-V0.1
S‑NOR049,31,0.9851,0,0.0046,0,0.9986,0,0,True,LEADING-SIM-V0.1
S‑NOR049,32,0.9843,1,0.01,0,0.997,0,0,True,LEADING-SIM-V0.1
S‑NOR049,33,0.991,0,0.015,0,0.9979,0,1,True,LEADING-SIM-V0.1
S‑NOR049,34,0.9787,0,0.15,1,0.994,0,0,True,LEADING-SIM-V0.1
S‑NOR049,35,0.9847,0,0.0126,0,0.9975,0,0,True,LEADING-SIM-V0.1
S‑NOR049,36,0.9865,0,0.0637,0,0.9961,0,0,True,LEADING-SIM-V0.1
S‑NOR049,37,0.9878,0,0.0859,0,0.9988,1,0,True,LEADING-SIM-V0.1
S‑NOR049,38,0.9804,0,0.0379,1,0.996,0,0,True,LEADING-SIM-V0.1
S‑NOR049,39,0.99,0,0.0276,0,0.9976,0,0,True,LEADING-SIM-V0.1
S‑NOR049,40,0.9858,0,0.0837,2,0.9963,0,0,True,LEADING-SIM-V0.1
S‑NOR049,41,0.9702,0,0.0238,0,0.9971,0,0,True,LEADING-SIM-V0.1
S‑NOR049,42,0.9899,0,0.0083,0,0.9974,0,0,True,LEADING-SIM-V0.1
S‑NOR049,43,0.9871,0,0.055,0,0.9989,0,0,True,LEADING-SIM-V0.1
S‑NOR049,44,0.9783,0,0.0556,0,0.9952,0,0,True,LEADING-SIM-V0.1
S‑NOR049,45,0.9863,1,0.0136,0,0.997,0,0,True,LEADING-SIM-V0.1
S‑NOR049,46,0.9917,2,0.0072,1,0.9951,0,0,True,LEADING-SIM-V0.1
S‑NOR049,47,0.9925,0,0.0202,1,0.9957,0,0,True,LEADING-SIM-V0.1
S‑NOR049,48,0.9921,0,0.0632,0,0.9959,0,0,True,LEADING-SIM-V0.1
S‑NOR049,49,0.9829,0,0.0012,0,0.9972,0,0,True,LEADING-SIM-V0.1
S‑NOR049,50,0.9939,0,0.0066,0,0.9961,0,0,True,LEADING-SIM-V0.1
S‑NOR049,51,0.9773,0,0.0506,1,0.9971,0,0,True,LEADING-SIM-V0.1
S‑NOR049,52,0.9889,0,0.0753,0,0.9949,0,0,True,LEADING-SIM-V0.1
S‑NOR050,1,0.9982,0,0.0336,0,0.997,0,0,True,LEADING-SIM-V0.1
S‑NOR050,2,0.9841,0,0.017,0,0.9979,0,0,True,LEADING-SIM-V0.1
S‑NOR050,3,0.9802,0,0.042,1,0.9947,0,0,True,LEADING-SIM-V0.1
S‑NOR050,4,0.9877,0,0.0305,0,0.9995,0,0,True,LEADING-SIM-V0.1
S‑NOR050,5,0.9872,0,0.0097,1,0.9965,0,0,True,LEADING-SIM-V0.1
S‑NOR050,6,0.9886,1,0.0283,0,0.997,0,0,True,LEADING-SIM-V0.1
S‑NOR050,7,0.9907,0,0.0173,0,0.9976,0,0,True,LEADING-SIM-V0.1
S‑NOR050,8,0.9774,0,0.0404,0,0.9992,0,0,True,LEADING-SIM-V0.1
S‑NOR050,9,0.9891,0,0.0318,0,0.9949,0,0,True,LEADING-SIM-V0.1
S‑NOR050,10,0.9938,1,0.0142,0,1.0,0,0,True,LEADING-SIM-V0.1
S‑NOR050,11,0.9827,0,0.0815,0,0.9972,0,0,True,LEADING-SIM-V0.1
S‑NOR050,12,0.981,0,0.0256,0,0.9981,0,0,True,LEADING-SIM-V0.1
S‑NOR050,13,0.9893,1,0.0472,3,0.9973,0,0,True,LEADING-SIM-V0.1
S‑NOR050,14,0.9865,1,0.0348,0,0.9973,0,0,True,LEADING-SIM-V0.1
S‑NOR050,15,0.9948,0,0.0449,0,0.9988,0,0,True,LEADING-SIM-V0.1
S‑NOR050,16,0.9773,0,0.0065,0,0.9968,0,0,True,LEADING-SIM-V0.1
S‑NOR050,17,0.9792,1,0.0043,1,0.9986,0,0,True,LEADING-SIM-V0.1
S‑NOR050,18,0.9854,0,0.0277,2,0.9964,0,0,True,LEADING-SIM-V0.1
S‑NOR050,19,0.97,0,0.0688,0,0.9985,0,0,True,LEADING-SIM-V0.1
S‑NOR050,20,0.9834,0,0.0704,0,0.9975,0,0,True,LEADING-SIM-V0.1
S‑NOR050,21,0.9912,0,0.0453,3,0.9977,0,0,True,LEADING-SIM-V0.1
S‑NOR050,22,0.9769,0,0.0348,0,0.997,0,0,True,LEADING-SIM-V0.1
S‑NOR050,23,0.991,1,0.0642,0,0.9982,0,0,True,LEADING-SIM-V0.1
S‑NOR050,24,0.9774,0,0.0705,1,0.9965,0,0,True,LEADING-SIM-V0.1
S‑NOR050,25,0.9874,0,0.0269,0,0.9964,0,0,True,LEADING-SIM-V0.1
S‑NOR050,26,0.9887,0,0.0696,0,0.996,0,0,True,LEADING-SIM-V0.1
S‑NOR050,27,0.9854,0,0.0269,0,0.9978,0,0,True,LEADING-SIM-V0.1
S‑NOR050,28,0.9799,1,0.0227,0,0.9971,0,0,True,LEADING-SIM-V0.1
S‑NOR050,29,0.9863,0,0.0275,0,0.9965,0,0,True,LEADING-SIM-V0.1
S‑NOR050,30,0.9843,0,0.0396,1,0.9959,0,0,True,LEADING-SIM-V0.1
S‑NOR050,31,0.9773,2,0.0085,0,0.9979,0,0,True,LEADING-SIM-V0.1
S‑NOR050,32,0.9799,0,0.0103,0,0.9964,0,0,True,LEADING-SIM-V0.1
S‑NOR050,33,0.9911,0,0.0208,0,0.9968,0,0,True,LEADING-SIM-V0.1
S‑NOR050,34,0.985,0,0.0127,0,0.9979,0,0,True,LEADING-SIM-V0.1
S‑NOR050,35,0.9935,0,0.0061,0,0.9973,0,0,True,LEADING-SIM-V0.1
S‑NOR050,36,0.979,0,0.0291,0,0.9954,0,0,True,LEADING-SIM-V0.1
S‑NOR050,37,0.9747,0,0.0114,1,0.9965,0,0,True,LEADING-SIM-V0.1
S‑NOR050,38,0.9802,0,0.0431,0,0.996,0,0,True,LEADING-SIM-V0.1
S‑NOR050,39,0.9809,0,0.0277,0,0.9932,0,0,True,LEADING-SIM-V0.1
S‑NOR050,40,0.985,0,0.0048,0,0.9945,0,0,True,LEADING-SIM-V0.1
S‑NOR050,41,0.9925,0,0.0126,3,0.9934,0,0,True,LEADING-SIM-V0.1
S‑NOR050,42,1.0,0,0.0515,1,0.9989,0,0,True,LEADING-SIM-V0.1
S‑NOR050,43,0.9779,0,0.0024,1,0.9957,0,0,True,LEADING-SIM-V0.1
S‑NOR050,44,0.9967,0,0.0251,0,0.9992,0,0,True,LEADING-SIM-V0.1
S‑NOR050,45,0.986,0,0.0517,0,0.9964,0,0,True,LEADING-SIM-V0.1
S‑NOR050,46,0.9976,0,0.0578,0,0.9985,0,0,True,LEADING-SIM-V0.1
S‑NOR050,47,0.9726,0,0.0668,0,0.9962,0,0,True,LEADING-SIM-V0.1
S‑NOR050,48,0.9875,0,0.0856,0,0.997,0,0,True,LEADING-SIM-V0.1
S‑NOR050,49,0.9926,0,0.034,0,0.9975,0,0,True,LEADING-SIM-V0.1
S‑NOR050,50,0.972,1,0.0027,0,0.9976,0,0,True,LEADING-SIM-V0.1
S‑NOR050,51,0.9836,0,0.0146,0,0.9958,0,0,True,LEADING-SIM-V0.1
S‑NOR050,52,0.9832,0,0.0033,0,0.9981,0,0,True,LEADING-SIM-V0.1
S‑NOR051,1,0.9904,0,0.055,1,0.9953,0,0,True,LEADING-SIM-V0.1
S‑NOR051,2,0.9842,0,0.0094,0,0.9967,0,0,True,LEADING-SIM-V0.1
S‑NOR051,3,0.9784,1,0.0228,1,0.997,0,0,True,LEADING-SIM-V0.1
S‑NOR051,4,0.979,0,0.0206,0,0.9976,0,0,True,LEADING-SIM-V0.1
S‑NOR051,5,0.987,0,0.04,0,0.9978,0,0,True,LEADING-SIM-V0.1
S‑NOR051,6,0.9816,0,0.028,0,0.9962,0,0,True,LEADING-SIM-V0.1
S‑NOR051,7,0.9966,0,0.0442,0,0.9977,0,0,True,LEADING-SIM-V0.1
S‑NOR051,8,0.9996,0,0.0368,0,0.9986,0,0,True,LEADING-SIM-V0.1
S‑NOR051,9,0.9867,0,0.0339,0,0.9973,0,0,True,LEADING-SIM-V0.1
S‑NOR051,10,0.9881,0,0.0314,1,0.9974,0,0,True,LEADING-SIM-V0.1
S‑NOR051,11,0.9844,0,0.0326,0,0.9961,0,0,True,LEADING-SIM-V0.1
S‑NOR051,12,0.9915,0,0.0203,3,0.9961,0,0,True,LEADING-SIM-V0.1
S‑NOR051,13,0.9837,0,0.0005,0,0.9948,0,0,True,LEADING-SIM-V0.1
S‑NOR051,14,0.9828,0,0.0993,0,0.998,0,0,True,LEADING-SIM-V0.1
S‑NOR051,15,0.9857,0,0.0164,1,0.9975,0,0,True,LEADING-SIM-V0.1
S‑NOR051,16,0.9783,0,0.0293,1,0.9975,0,0,True,LEADING-SIM-V0.1
S‑NOR051,17,0.9929,0,0.0412,0,0.9955,0,0,True,LEADING-SIM-V0.1
S‑NOR051,18,0.986,1,0.0719,1,0.9978,0,0,True,LEADING-SIM-V0.1
S‑NOR051,19,0.9848,0,0.033,0,0.9941,0,0,True,LEADING-SIM-V0.1
S‑NOR051,20,0.9776,0,0.0305,0,0.9938,0,0,True,LEADING-SIM-V0.1
S‑NOR051,21,0.9833,0,0.0029,1,0.9977,0,0,True,LEADING-SIM-V0.1
S‑NOR051,22,0.9826,1,0.0349,0,0.9961,0,0,True,LEADING-SIM-V0.1
S‑NOR051,23,0.9915,0,0.1394,0,0.9973,0,0,True,LEADING-SIM-V0.1
S‑NOR051,24,0.9774,0,0.0499,0,0.9951,0,0,True,LEADING-SIM-V0.1
S‑NOR051,25,0.9888,0,0.0134,0,0.9961,1,0,True,LEADING-SIM-V0.1
S‑NOR051,26,0.984,0,0.0505,0,0.997,0,0,True,LEADING-SIM-V0.1
S‑NOR051,27,0.9823,0,0.0149,0,0.9957,0,0,True,LEADING-SIM-V0.1
S‑NOR051,28,0.9867,0,0.0432,0,0.9969,0,0,True,LEADING-SIM-V0.1
S‑NOR051,29,0.9791,0,0.0268,1,0.9996,0,0,True,LEADING-SIM-V0.1
S‑NOR051,30,0.9907,0,0.0701,1,0.9959,0,0,True,LEADING-SIM-V0.1
S‑NOR051,31,0.9842,0,0.0113,0,0.9978,0,0,True,LEADING-SIM-V0.1
S‑NOR051,32,0.9852,0,0.0432,0,0.9966,0,0,True,LEADING-SIM-V0.1
S‑NOR051,33,0.9847,0,0.008,0,0.9989,0,0,True,LEADING-SIM-V0.1
S‑NOR051,34,0.9873,0,0.0175,0,0.9958,0,0,True,LEADING-SIM-V0.1
S‑NOR051,35,0.9869,0,0.0037,0,0.998,0,0,True,LEADING-SIM-V0.1
S‑NOR051,36,0.9925,0,0.0279,0,0.9978,0,0,True,LEADING-SIM-V0.1
S‑NOR051,37,0.9765,0,0.0072,1,0.9971,0,0,True,LEADING-SIM-V0.1
S‑NOR051,38,0.9802,0,0.0228,0,0.9975,0,0,True,LEADING-SIM-V0.1
S‑NOR051,39,0.9848,0,0.016,1,0.9957,0,0,True,LEADING-SIM-V0.1
S‑NOR051,40,0.986,0,0.0318,0,0.9994,0,0,True,LEADING-SIM-V0.1
S‑NOR051,41,1.0,0,0.0728,1,0.9982,0,0,True,LEADING-SIM-V0.1
S‑NOR051,42,0.9851,0,0.0017,0,0.995,0,0,True,LEADING-SIM-V0.1
S‑NOR051,43,0.9845,0,0.0529,0,0.9968,0,0,True,LEADING-SIM-V0.1
S‑NOR051,44,0.9828,0,0.1023,0,0.9968,0,0,True,LEADING-SIM-V0.1
S‑NOR051,45,0.9864,0,0.0436,0,0.9955,0,0,True,LEADING-SIM-V0.1
S‑NOR051,46,0.9834,0,0.0451,0,0.9962,0,0,True,LEADING-SIM-V0.1
S‑NOR051,47,0.9898,0,0.0273,0,0.9991,0,0,True,LEADING-SIM-V0.1
S‑NOR051,48,0.9666,0,0.1012,2,0.9951,0,0,True,LEADING-SIM-V0.1
S‑NOR051,49,0.9727,0,0.0758,2,0.9977,0,0,True,LEADING-SIM-V0.1
S‑NOR051,50,0.9935,0,0.1376,0,0.9971,0,0,True,LEADING-SIM-V0.1
S‑NOR051,51,0.9905,0,0.044,0,0.998,0,0,True,LEADING-SIM-V0.1
S‑NOR051,52,0.9806,0,0.0131,0,0.9965,0,0,True,LEADING-SIM-V0.1
S‑NOR052,1,0.9884,1,0.0146,0,0.9986,0,0,True,LEADING-SIM-V0.1
S‑NOR052,2,0.9896,0,0.0199,1,0.9956,0,0,True,LEADING-SIM-V0.1
S‑NOR052,3,0.9819,0,0.0761,2,0.9979,0,0,True,LEADING-SIM-V0.1
S‑NOR052,4,0.9889,0,0.0035,1,0.9979,0,0,True,LEADING-SIM-V0.1
S‑NOR052,5,0.978,0,0.038,1,0.998,0,0,True,LEADING-SIM-V0.1
S‑NOR052,6,0.988,0,0.017,0,0.9981,0,0,True,LEADING-SIM-V0.1
S‑NOR052,7,0.9863,0,0.0311,1,0.9984,0,0,True,LEADING-SIM-V0.1
S‑NOR052,8,0.9816,0,0.0168,0,0.9978,0,0,True,LEADING-SIM-V0.1
S‑NOR052,9,0.981,0,0.0358,0,0.9977,0,0,True,LEADING-SIM-V0.1
S‑NOR052,10,0.9917,0,0.0218,1,0.9978,0,0,True,LEADING-SIM-V0.1
S‑NOR052,11,0.9762,0,0.0219,0,0.9966,0,0,True,LEADING-SIM-V0.1
S‑NOR052,12,0.9803,0,0.0292,1,0.9962,0,0,True,LEADING-SIM-V0.1
S‑NOR052,13,0.9847,0,0.0008,0,0.9955,0,0,True,LEADING-SIM-V0.1
S‑NOR052,14,0.9816,0,0.0285,0,0.9951,0,0,True,LEADING-SIM-V0.1
S‑NOR052,15,0.9908,0,0.0694,0,0.9988,0,0,True,LEADING-SIM-V0.1
S‑NOR052,16,0.9863,0,0.0476,1,0.9939,0,0,True,LEADING-SIM-V0.1
S‑NOR052,17,0.9799,0,0.0779,0,0.9986,0,0,True,LEADING-SIM-V0.1
S‑NOR052,18,0.978,0,0.0576,0,0.9989,0,0,True,LEADING-SIM-V0.1
S‑NOR052,19,0.9775,0,0.01,1,0.9973,0,0,True,LEADING-SIM-V0.1
S‑NOR052,20,0.9743,1,0.0583,1,0.9945,0,0,True,LEADING-SIM-V0.1
S‑NOR052,21,0.9821,0,0.095,0,0.9954,0,0,True,LEADING-SIM-V0.1
S‑NOR052,22,1.0,0,0.0194,0,0.9956,0,0,True,LEADING-SIM-V0.1
S‑NOR052,23,0.9919,0,0.0247,0,0.997,0,0,True,LEADING-SIM-V0.1
S‑NOR052,24,0.9896,0,0.0338,1,0.9991,0,0,True,LEADING-SIM-V0.1
S‑NOR052,25,0.9743,0,0.0219,0,0.997,0,0,True,LEADING-SIM-V0.1
S‑NOR052,26,0.9801,0,0.067,0,0.9946,0,0,True,LEADING-SIM-V0.1
S‑NOR052,27,0.9858,1,0.0481,2,0.9973,0,0,True,LEADING-SIM-V0.1
S‑NOR052,28,0.9813,0,0.0224,0,0.9952,0,0,True,LEADING-SIM-V0.1
S‑NOR052,29,0.9858,1,0.0443,1,0.997,0,0,True,LEADING-SIM-V0.1
S‑NOR052,30,0.9808,0,0.0038,0,0.9989,0,0,True,LEADING-SIM-V0.1
S‑NOR052,31,0.9748,0,0.0187,0,0.9975,0,0,True,LEADING-SIM-V0.1
S‑NOR052,32,0.9849,0,0.0967,0,0.9937,0,0,True,LEADING-SIM-V0.1
S‑NOR052,33,0.9881,0,0.0271,1,0.9955,0,0,True,LEADING-SIM-V0.1
S‑NOR052,34,0.9979,0,0.0433,1,0.9971,0,0,True,LEADING-SIM-V0.1
S‑NOR052,35,0.9747,0,0.0124,0,0.9985,0,0,True,LEADING-SIM-V0.1
S‑NOR052,36,0.9875,0,0.0071,0,0.9979,0,0,True,LEADING-SIM-V0.1
S‑NOR052,37,0.9787,0,0.0345,0,0.9973,0,0,True,LEADING-SIM-V0.1
S‑NOR052,38,0.9793,1,0.0306,0,0.9984,0,0,True,LEADING-SIM-V0.1
S‑NOR052,39,0.9978,0,0.0074,1,0.9976,0,0,True,LEADING-SIM-V0.1
S‑NOR052,40,0.9778,0,0.0204,1,0.9971,0,0,True,LEADING-SIM-V0.1
S‑NOR052,41,0.9741,0,0.0004,0,0.9991,0,0,True,LEADING-SIM-V0.1
S‑NOR052,42,0.9804,0,0.025,0,0.9966,1,0,True,LEADING-SIM-V0.1
S‑NOR052,43,0.9918,0,0.0232,1,0.9973,0,0,True,LEADING-SIM-V0.1
S‑NOR052,44,0.989,0,0.0246,1,0.9919,0,0,True,LEADING-SIM-V0.1
S‑NOR052,45,0.9829,0,0.0429,1,0.9978,0,0,True,LEADING-SIM-V0.1
S‑NOR052,46,1.0,0,0.0348,0,0.9975,0,0,True,LEADING-SIM-V0.1
S‑NOR052,47,0.9869,0,0.0095,0,0.9956,0,0,True,LEADING-SIM-V0.1
S‑NOR052,48,0.9809,0,0.0387,0,0.9972,0,0,True,LEADING-SIM-V0.1
S‑NOR052,49,0.9897,0,0.0393,0,0.9966,0,0,True,LEADING-SIM-V0.1
S‑NOR052,50,0.9881,0,0.0626,1,0.9972,0,0,True,LEADING-SIM-V0.1
S‑NOR052,51,0.988,0,0.0088,0,0.9973,0,0,True,LEADING-SIM-V0.1
S‑NOR052,52,0.9889,1,0.034,0,0.9978,0,0,True,LEADING-SIM-V0.1
S‑NOR053,1,0.9868,0,0.0235,0,0.9963,0,0,True,LEADING-SIM-V0.1
S‑NOR053,2,0.9741,0,0.0045,1,0.9965,0,0,True,LEADING-SIM-V0.1
S‑NOR053,3,0.985,0,0.0066,0,0.998,0,0,True,LEADING-SIM-V0.1
S‑NOR053,4,0.9816,0,0.0376,0,0.9977,0,0,True,LEADING-SIM-V0.1
S‑NOR053,5,0.9864,0,0.0351,0,0.9976,0,0,True,LEADING-SIM-V0.1
S‑NOR053,6,0.9903,0,0.0139,1,0.9984,0,0,True,LEADING-SIM-V0.1
S‑NOR053,7,0.9839,1,0.031,1,0.9978,0,0,True,LEADING-SIM-V0.1
S‑NOR053,8,0.9866,0,0.0168,0,0.9958,0,0,True,LEADING-SIM-V0.1
S‑NOR053,9,0.9932,0,0.0253,0,0.9968,0,0,True,LEADING-SIM-V0.1
S‑NOR053,10,0.9756,0,0.0042,1,0.9969,0,0,True,LEADING-SIM-V0.1
S‑NOR053,11,0.985,0,0.0348,1,0.9973,1,0,True,LEADING-SIM-V0.1
S‑NOR053,12,0.9783,0,0.0045,0,0.9988,0,0,True,LEADING-SIM-V0.1
S‑NOR053,13,0.9774,1,0.0478,0,0.9982,0,0,True,LEADING-SIM-V0.1
S‑NOR053,14,0.9926,0,0.073,1,0.9967,0,0,True,LEADING-SIM-V0.1
S‑NOR053,15,0.987,0,0.025,0,0.9998,0,0,True,LEADING-SIM-V0.1
S‑NOR053,16,0.9873,1,0.0977,0,0.9969,0,0,True,LEADING-SIM-V0.1
S‑NOR053,17,0.9878,0,0.0233,0,0.9953,0,0,True,LEADING-SIM-V0.1
S‑NOR053,18,0.9865,0,0.011,0,0.9954,0,0,True,LEADING-SIM-V0.1
S‑NOR053,19,0.9877,0,0.0379,1,0.9958,0,0,True,LEADING-SIM-V0.1
S‑NOR053,20,0.9819,1,0.04,0,0.9955,0,0,True,LEADING-SIM-V0.1
S‑NOR053,21,0.9904,0,0.0192,0,0.9992,0,0,True,LEADING-SIM-V0.1
S‑NOR053,22,0.9862,0,0.0326,1,0.9981,0,0,True,LEADING-SIM-V0.1
S‑NOR053,23,0.9754,0,0.1081,1,0.9954,0,0,True,LEADING-SIM-V0.1
S‑NOR053,24,0.9825,0,0.06,0,0.9963,0,0,True,LEADING-SIM-V0.1
S‑NOR053,25,0.9864,0,0.0091,1,0.9988,0,0,True,LEADING-SIM-V0.1
S‑NOR053,26,0.9823,0,0.0027,0,0.9995,0,0,True,LEADING-SIM-V0.1
S‑NOR053,27,0.9841,0,0.0016,1,0.9965,0,0,True,LEADING-SIM-V0.1
S‑NOR053,28,0.9842,0,0.018,0,0.9958,0,0,True,LEADING-SIM-V0.1
S‑NOR053,29,0.9863,0,0.0302,0,0.9946,0,0,True,LEADING-SIM-V0.1
S‑NOR053,30,0.9733,1,0.0373,1,0.9959,0,0,True,LEADING-SIM-V0.1
S‑NOR053,31,0.9959,0,0.0237,0,0.9959,0,0,True,LEADING-SIM-V0.1
S‑NOR053,32,0.991,0,0.0403,1,0.9965,0,0,True,LEADING-SIM-V0.1
S‑NOR053,33,0.9977,0,0.0175,0,0.9952,0,0,True,LEADING-SIM-V0.1
S‑NOR053,34,0.9749,0,0.0022,0,0.9956,0,0,True,LEADING-SIM-V0.1
S‑NOR053,35,0.9893,0,0.0194,0,0.9972,0,0,True,LEADING-SIM-V0.1
S‑NOR053,36,0.9928,2,0.0958,0,0.9955,0,0,True,LEADING-SIM-V0.1
S‑NOR053,37,0.9834,1,0.0097,0,0.9978,0,0,True,LEADING-SIM-V0.1
S‑NOR053,38,0.9769,0,0.043,1,0.9992,0,0,True,LEADING-SIM-V0.1
S‑NOR053,39,0.9734,0,0.0275,0,0.9965,0,0,True,LEADING-SIM-V0.1
S‑NOR053,40,0.9866,0,0.0037,0,0.9959,0,0,True,LEADING-SIM-V0.1
S‑NOR053,41,0.9946,0,0.0308,2,0.9954,0,0,True,LEADING-SIM-V0.1
S‑NOR053,42,0.9775,0,0.0478,0,0.9977,0,0,True,LEADING-SIM-V0.1
S‑NOR053,43,0.9821,0,0.0187,1,0.9989,0,0,True,LEADING-SIM-V0.1
S‑NOR053,44,0.9813,0,0.0258,2,0.9966,0,0,True,LEADING-SIM-V0.1
S‑NOR053,45,0.9839,0,0.0443,1,0.9956,0,0,True,LEADING-SIM-V0.1
S‑NOR053,46,0.9916,0,0.0607,0,0.9969,0,0,True,LEADING-SIM-V0.1
S‑NOR053,47,0.9875,0,0.0657,1,0.9979,0,0,True,LEADING-SIM-V0.1
S‑NOR053,48,0.9832,0,0.0237,0,0.9955,0,0,True,LEADING-SIM-V0.1
S‑NOR053,49,0.9809,0,0.0328,1,0.9986,0,0,True,LEADING-SIM-V0.1
S‑NOR053,50,0.9744,0,0.0164,1,0.9976,0,0,True,LEADING-SIM-V0.1
S‑NOR053,51,0.9835,0,0.0284,2,0.997,0,0,True,LEADING-SIM-V0.1
S‑NOR053,52,0.9806,0,0.0122,0,0.9987,0,0,True,LEADING-SIM-V0.1
S‑NOR054,1,0.9875,0,0.0699,2,0.9973,0,0,True,LEADING-SIM-V0.1
S‑NOR054,2,0.9875,0,0.0176,0,0.9963,0,0,True,LEADING-SIM-V0.1
S‑NOR054,3,0.9807,1,0.0159,1,1.0,0,0,True,LEADING-SIM-V0.1
S‑NOR054,4,0.9939,0,0.0184,0,0.9971,0,0,True,LEADING-SIM-V0.1
S‑NOR054,5,0.9814,0,0.0757,1,0.9953,0,0,True,LEADING-SIM-V0.1
S‑NOR054,6,0.986,0,0.006,2,0.9976,0,0,True,LEADING-SIM-V0.1
S‑NOR054,7,0.9851,0,0.0046,1,0.9955,0,0,True,LEADING-SIM-V0.1
S‑NOR054,8,0.9849,0,0.0236,0,0.9983,0,0,True,LEADING-SIM-V0.1
S‑NOR054,9,0.9726,0,0.0249,0,0.9954,0,0,True,LEADING-SIM-V0.1
S‑NOR054,10,0.9755,0,0.0043,0,0.9965,0,1,True,LEADING-SIM-V0.1
S‑NOR054,11,0.983,0,0.0384,0,0.9974,0,0,True,LEADING-SIM-V0.1
S‑NOR054,12,0.9867,0,0.0353,0,0.9983,0,1,True,LEADING-SIM-V0.1
S‑NOR054,13,0.985,0,0.0449,0,0.999,0,0,True,LEADING-SIM-V0.1
S‑NOR054,14,0.9837,0,0.0073,0,0.9982,0,0,True,LEADING-SIM-V0.1
S‑NOR054,15,1.0,1,0.0095,0,0.9973,0,0,True,LEADING-SIM-V0.1
S‑NOR054,16,0.9884,0,0.0098,0,0.9955,0,0,True,LEADING-SIM-V0.1
S‑NOR054,17,0.979,0,0.0029,0,0.9983,0,0,True,LEADING-SIM-V0.1
S‑NOR054,18,0.9859,0,0.0592,1,0.9962,1,0,True,LEADING-SIM-V0.1
S‑NOR054,19,0.9881,1,0.0163,1,0.9961,0,0,True,LEADING-SIM-V0.1
S‑NOR054,20,0.9884,0,0.0149,0,0.9963,0,0,True,LEADING-SIM-V0.1
S‑NOR054,21,0.9857,1,0.0116,0,0.9981,0,0,True,LEADING-SIM-V0.1
S‑NOR054,22,0.9911,0,0.0091,0,0.996,0,0,True,LEADING-SIM-V0.1
S‑NOR054,23,0.9816,0,0.0843,1,0.9975,0,0,True,LEADING-SIM-V0.1
S‑NOR054,24,0.9796,0,0.0184,1,0.9957,0,0,True,LEADING-SIM-V0.1
S‑NOR054,25,0.9753,1,0.0586,0,0.995,0,0,True,LEADING-SIM-V0.1
S‑NOR054,26,0.9857,0,0.0042,0,0.9968,0,0,True,LEADING-SIM-V0.1
S‑NOR054,27,0.9854,0,0.0057,0,0.9957,0,0,True,LEADING-SIM-V0.1
S‑NOR054,28,0.9747,0,0.0275,0,0.9993,0,0,True,LEADING-SIM-V0.1
S‑NOR054,29,0.995,0,0.0043,0,0.9993,0,0,True,LEADING-SIM-V0.1
S‑NOR054,30,0.9735,0,0.0373,0,0.9979,0,0,True,LEADING-SIM-V0.1
S‑NOR054,31,0.9876,0,0.0052,0,0.997,0,0,True,LEADING-SIM-V0.1
S‑NOR054,32,0.9823,0,0.003,0,1.0,0,0,True,LEADING-SIM-V0.1
S‑NOR054,33,0.9907,0,0.0478,0,0.9942,0,0,True,LEADING-SIM-V0.1
S‑NOR054,34,0.987,1,0.015,0,0.9972,1,0,True,LEADING-SIM-V0.1
S‑NOR054,35,0.9801,0,0.0131,0,0.9956,0,0,True,LEADING-SIM-V0.1
S‑NOR054,36,0.9771,0,0.0057,0,0.997,0,0,True,LEADING-SIM-V0.1
S‑NOR054,37,0.9936,0,0.0419,0,0.9943,0,0,True,LEADING-SIM-V0.1
S‑NOR054,38,0.9851,0,0.0295,0,1.0,0,0,True,LEADING-SIM-V0.1
S‑NOR054,39,0.9848,0,0.0089,0,1.0,0,0,True,LEADING-SIM-V0.1
S‑NOR054,40,0.9859,1,0.0139,0,0.9977,0,0,True,LEADING-SIM-V0.1
S‑NOR054,41,0.9859,0,0.0276,0,0.9975,0,0,True,LEADING-SIM-V0.1
S‑NOR054,42,0.9887,0,0.0137,0,0.9997,0,0,True,LEADING-SIM-V0.1
S‑NOR054,43,0.9799,1,0.053,0,0.9969,0,0,True,LEADING-SIM-V0.1
S‑NOR054,44,0.9892,0,0.0321,1,0.9967,0,0,True,LEADING-SIM-V0.1
S‑NOR054,45,0.9842,0,0.0741,0,1.0,0,0,True,LEADING-SIM-V0.1
S‑NOR054,46,0.9844,0,0.0603,1,0.9942,0,0,True,LEADING-SIM-V0.1
S‑NOR054,47,0.9829,0,0.0067,0,0.9945,0,0,True,LEADING-SIM-V0.1
S‑NOR054,48,0.9858,0,0.0852,0,0.9971,0,0,True,LEADING-SIM-V0.1
S‑NOR054,49,0.9894,0,0.0308,0,0.9995,0,0,True,LEADING-SIM-V0.1
S‑NOR054,50,0.9902,0,0.0053,1,0.9942,0,0,True,LEADING-SIM-V0.1
S‑NOR054,51,0.9972,0,0.0405,0,0.9971,0,0,True,LEADING-SIM-V0.1
S‑NOR054,52,0.9778,0,0.0026,1,0.9972,0,0,True,LEADING-SIM-V0.1
S‑NOR055,1,0.9943,0,0.1303,0,0.9959,0,0,True,LEADING-SIM-V0.1
S‑NOR055,2,0.9855,0,0.0468,0,0.9988,0,0,True,LEADING-SIM-V0.1
S‑NOR055,3,0.9776,0,0.0377,1,0.9981,0,0,True,LEADING-SIM-V0.1
S‑NOR055,4,0.9867,0,0.1413,0,0.9942,0,0,True,LEADING-SIM-V0.1
S‑NOR055,5,0.9902,0,0.0268,1,1.0,0,0,True,LEADING-SIM-V0.1
S‑NOR055,6,0.9855,0,0.0196,0,0.9973,0,0,True,LEADING-SIM-V0.1
S‑NOR055,7,0.9878,0,0.0285,0,0.9969,0,0,True,LEADING-SIM-V0.1
S‑NOR055,8,0.9834,0,0.0033,1,0.9992,0,0,True,LEADING-SIM-V0.1
S‑NOR055,9,0.9821,0,0.0188,0,1.0,0,0,True,LEADING-SIM-V0.1
S‑NOR055,10,0.989,0,0.06,0,0.9973,0,0,True,LEADING-SIM-V0.1
S‑NOR055,11,0.9844,0,0.0309,1,0.9955,0,0,True,LEADING-SIM-V0.1
S‑NOR055,12,0.9815,0,0.0272,1,0.9969,0,0,True,LEADING-SIM-V0.1
S‑NOR055,13,0.9896,0,0.0362,0,0.9975,0,0,True,LEADING-SIM-V0.1
S‑NOR055,14,0.9908,0,0.0313,0,0.999,0,0,True,LEADING-SIM-V0.1
S‑NOR055,15,0.9996,0,0.0069,0,0.9979,0,0,True,LEADING-SIM-V0.1
S‑NOR055,16,0.9838,0,0.0251,0,0.9965,0,0,True,LEADING-SIM-V0.1
S‑NOR055,17,0.9796,0,0.1283,0,0.997,0,0,True,LEADING-SIM-V0.1
S‑NOR055,18,0.9823,0,0.006,0,0.9999,0,0,True,LEADING-SIM-V0.1
S‑NOR055,19,0.9805,1,0.0173,0,0.9959,0,0,True,LEADING-SIM-V0.1
S‑NOR055,20,0.973,0,0.0883,0,0.9972,0,0,True,LEADING-SIM-V0.1
S‑NOR055,21,0.9906,0,0.0151,0,0.9968,0,0,True,LEADING-SIM-V0.1
S‑NOR055,22,0.9809,0,0.0095,1,0.9958,0,0,True,LEADING-SIM-V0.1
S‑NOR055,23,0.9859,0,0.0157,3,0.9986,0,0,True,LEADING-SIM-V0.1
S‑NOR055,24,0.9851,0,0.0632,0,0.9984,0,0,True,LEADING-SIM-V0.1
S‑NOR055,25,0.9904,0,0.1116,0,0.9982,0,0,True,LEADING-SIM-V0.1
S‑NOR055,26,0.9717,0,0.0426,0,0.9973,0,0,True,LEADING-SIM-V0.1
S‑NOR055,27,0.9814,0,0.0158,0,0.9992,0,0,True,LEADING-SIM-V0.1
S‑NOR055,28,0.9891,0,0.0138,0,0.9965,0,0,True,LEADING-SIM-V0.1
S‑NOR055,29,0.986,0,0.0682,1,0.9989,0,0,True,LEADING-SIM-V0.1
S‑NOR055,30,0.991,1,0.0258,0,0.9987,0,0,True,LEADING-SIM-V0.1
S‑NOR055,31,0.9742,0,0.0166,0,0.9972,0,0,True,LEADING-SIM-V0.1
S‑NOR055,32,0.9998,0,0.0171,0,1.0,0,0,True,LEADING-SIM-V0.1
S‑NOR055,33,0.9829,0,0.0291,0,0.9985,0,0,True,LEADING-SIM-V0.1
S‑NOR055,34,0.9787,1,0.0768,0,0.9989,0,0,True,LEADING-SIM-V0.1
S‑NOR055,35,0.9926,0,0.0219,0,0.9995,0,0,True,LEADING-SIM-V0.1
S‑NOR055,36,0.9838,0,0.0431,1,0.9962,0,0,True,LEADING-SIM-V0.1
S‑NOR055,37,0.9825,0,0.0155,0,0.9957,0,0,True,LEADING-SIM-V0.1
S‑NOR055,38,0.995,0,0.0144,1,0.9988,0,0,True,LEADING-SIM-V0.1
S‑NOR055,39,0.9818,0,0.0027,0,0.998,0,0,True,LEADING-SIM-V0.1
S‑NOR055,40,0.9879,0,0.018,1,0.9978,1,0,True,LEADING-SIM-V0.1
S‑NOR055,41,0.9873,0,0.0794,1,0.9987,1,0,True,LEADING-SIM-V0.1
S‑NOR055,42,0.9695,0,0.001,0,0.9977,0,0,True,LEADING-SIM-V0.1
S‑NOR055,43,0.9889,1,0.0263,0,0.9959,0,0,True,LEADING-SIM-V0.1
S‑NOR055,44,0.9839,0,0.031,0,0.9977,0,0,True,LEADING-SIM-V0.1
S‑NOR055,45,0.9868,0,0.0995,0,0.9941,0,0,True,LEADING-SIM-V0.1
S‑NOR055,46,0.9856,0,0.0375,0,0.9979,0,0,True,LEADING-SIM-V0.1
S‑NOR055,47,0.9922,0,0.0027,0,0.9965,0,0,True,LEADING-SIM-V0.1
S‑NOR055,48,0.9929,1,0.0035,1,0.9971,0,0,True,LEADING-SIM-V0.1
S‑NOR055,49,0.9841,0,0.1044,0,0.9992,0,0,True,LEADING-SIM-V0.1
S‑NOR055,50,0.976,0,0.0504,0,0.9963,0,0,True,LEADING-SIM-V0.1
S‑NOR055,51,0.9832,0,0.0196,0,0.9967,0,0,True,LEADING-SIM-V0.1
S‑NOR055,52,0.9929,0,0.0115,0,0.996,0,0,True,LEADING-SIM-V0.1
S‑NOR056,1,0.9857,0,0.044,0,0.9969,0,0,True,LEADING-SIM-V0.1
S‑NOR056,2,0.9856,0,0.0023,0,0.9985,0,0,True,LEADING-SIM-V0.1
S‑NOR056,3,0.9841,0,0.0571,0,0.9976,1,0,True,LEADING-SIM-V0.1
S‑NOR056,4,0.9846,1,0.0183,0,0.999,0,0,True,LEADING-SIM-V0.1
S‑NOR056,5,0.993,0,0.0459,0,0.9939,0,0,True,LEADING-SIM-V0.1
S‑NOR056,6,0.9878,1,0.0106,0,0.9995,0,0,True,LEADING-SIM-V0.1
S‑NOR056,7,0.9895,0,0.0084,0,0.9954,0,0,True,LEADING-SIM-V0.1
S‑NOR056,8,0.9858,2,0.0049,0,0.9968,0,0,True,LEADING-SIM-V0.1
S‑NOR056,9,0.9857,0,0.0535,0,0.9959,0,0,True,LEADING-SIM-V0.1
S‑NOR056,10,0.9877,0,0.0117,1,0.9993,0,0,True,LEADING-SIM-V0.1
S‑NOR056,11,0.9878,1,0.0699,1,0.9947,0,0,True,LEADING-SIM-V0.1
S‑NOR056,12,0.9812,2,0.0209,0,0.9968,0,0,True,LEADING-SIM-V0.1
S‑NOR056,13,0.9841,0,0.0266,1,0.9966,0,0,True,LEADING-SIM-V0.1
S‑NOR056,14,0.9954,0,0.0346,1,0.9998,0,0,True,LEADING-SIM-V0.1
S‑NOR056,15,1.0,0,0.0157,0,0.9949,0,0,True,LEADING-SIM-V0.1
S‑NOR056,16,0.9891,1,0.0914,0,0.9958,0,0,True,LEADING-SIM-V0.1
S‑NOR056,17,0.9867,2,0.049,1,0.9955,0,0,True,LEADING-SIM-V0.1
S‑NOR056,18,0.9858,0,0.0326,0,0.9973,0,0,True,LEADING-SIM-V0.1
S‑NOR056,19,0.99,0,0.0219,0,0.9981,0,0,True,LEADING-SIM-V0.1
S‑NOR056,20,0.9863,0,0.025,1,0.9985,0,0,True,LEADING-SIM-V0.1
S‑NOR056,21,0.9922,0,0.067,0,0.9994,0,0,True,LEADING-SIM-V0.1
S‑NOR056,22,0.9857,0,0.0528,1,1.0,0,0,True,LEADING-SIM-V0.1
S‑NOR056,23,0.979,0,0.0753,1,0.9985,0,0,True,LEADING-SIM-V0.1
S‑NOR056,24,0.9873,0,0.0535,0,0.9959,0,0,True,LEADING-SIM-V0.1
S‑NOR056,25,0.986,0,0.056,1,0.9998,0,0,True,LEADING-SIM-V0.1
S‑NOR056,26,0.9829,0,0.0453,1,0.9969,0,0,True,LEADING-SIM-V0.1
S‑NOR056,27,0.9862,0,0.016,2,0.9962,0,0,True,LEADING-SIM-V0.1
S‑NOR056,28,0.993,0,0.0081,0,0.9979,0,0,True,LEADING-SIM-V0.1
S‑NOR056,29,0.9822,0,0.0314,1,0.9965,0,0,True,LEADING-SIM-V0.1
S‑NOR056,30,0.9912,0,0.063,1,0.9948,0,0,True,LEADING-SIM-V0.1
S‑NOR056,31,1.0,0,0.0308,0,0.9959,0,0,True,LEADING-SIM-V0.1
S‑NOR056,32,0.9897,0,0.0332,0,0.9975,0,0,True,LEADING-SIM-V0.1
S‑NOR056,33,0.9726,0,0.0019,0,0.996,0,0,True,LEADING-SIM-V0.1
S‑NOR056,34,0.9988,0,0.0867,1,0.9982,1,0,True,LEADING-SIM-V0.1
S‑NOR056,35,0.9888,0,0.0325,0,0.9979,0,0,True,LEADING-SIM-V0.1
S‑NOR056,36,0.9847,0,0.073,0,0.9974,0,0,True,LEADING-SIM-V0.1
S‑NOR056,37,0.9916,0,0.078,0,0.9968,0,0,True,LEADING-SIM-V0.1
S‑NOR056,38,0.9849,0,0.0149,0,0.995,0,0,True,LEADING-SIM-V0.1
S‑NOR056,39,0.9877,0,0.0634,0,0.9978,0,0,True,LEADING-SIM-V0.1
S‑NOR056,40,0.9844,2,0.0517,1,0.9975,0,0,True,LEADING-SIM-V0.1
S‑NOR056,41,0.9845,0,0.032,0,0.9972,0,0,True,LEADING-SIM-V0.1
S‑NOR056,42,0.9964,0,0.0295,0,0.996,0,0,True,LEADING-SIM-V0.1
S‑NOR056,43,0.9936,0,0.015,0,0.9981,0,0,True,LEADING-SIM-V0.1
S‑NOR056,44,0.9864,0,0.0637,0,0.9956,0,0,True,LEADING-SIM-V0.1
S‑NOR056,45,0.9804,0,0.0428,0,0.9959,0,0,True,LEADING-SIM-V0.1
S‑NOR056,46,0.9843,0,0.0187,0,0.9994,0,0,True,LEADING-SIM-V0.1
S‑NOR056,47,0.9838,0,0.0113,1,0.9982,0,0,True,LEADING-SIM-V0.1
S‑NOR056,48,0.9791,0,0.0077,0,0.9956,0,0,True,LEADING-SIM-V0.1
S‑NOR056,49,0.993,0,0.0019,0,0.9967,0,0,True,LEADING-SIM-V0.1
S‑NOR056,50,0.9773,0,0.1069,0,0.9986,0,0,True,LEADING-SIM-V0.1
S‑NOR056,51,0.9812,0,0.0384,0,0.9987,0,0,True,LEADING-SIM-V0.1
S‑NOR056,52,0.9799,0,0.0718,1,0.9974,0,0,True,LEADING-SIM-V0.1
S‑NOR057,1,0.9866,0,0.013,0,0.9975,0,0,True,LEADING-SIM-V0.1
S‑NOR057,2,0.9837,0,0.039,0,0.9964,0,0,True,LEADING-SIM-V0.1
S‑NOR057,3,0.998,0,0.0453,0,0.9993,0,0,True,LEADING-SIM-V0.1
S‑NOR057,4,0.9827,0,0.0536,0,0.9967,0,0,True,LEADING-SIM-V0.1
S‑NOR057,5,0.9955,0,0.0036,1,0.9977,0,0,True,LEADING-SIM-V0.1
S‑NOR057,6,0.9814,0,0.0122,0,0.999,1,0,True,LEADING-SIM-V0.1
S‑NOR057,7,0.993,0,0.0317,0,0.9954,0,0,True,LEADING-SIM-V0.1
S‑NOR057,8,0.9903,0,0.0448,0,0.9943,0,0,True,LEADING-SIM-V0.1
S‑NOR057,9,0.981,1,0.0466,0,0.9965,0,0,True,LEADING-SIM-V0.1
S‑NOR057,10,0.9841,0,0.0675,0,0.9968,0,0,True,LEADING-SIM-V0.1
S‑NOR057,11,0.9791,0,0.0084,0,0.9968,0,0,True,LEADING-SIM-V0.1
S‑NOR057,12,0.9841,0,0.0439,0,0.9965,0,0,True,LEADING-SIM-V0.1
S‑NOR057,13,0.9745,0,0.0367,1,0.9967,0,0,True,LEADING-SIM-V0.1
S‑NOR057,14,0.9774,0,0.0425,0,0.9964,0,0,True,LEADING-SIM-V0.1
S‑NOR057,15,0.9864,0,0.0208,0,0.9966,0,0,True,LEADING-SIM-V0.1
S‑NOR057,16,0.9884,0,0.0133,1,0.9989,0,0,True,LEADING-SIM-V0.1
S‑NOR057,17,0.9749,1,0.0129,0,0.9981,0,0,True,LEADING-SIM-V0.1
S‑NOR057,18,0.9772,0,0.1271,1,0.9962,0,0,True,LEADING-SIM-V0.1
S‑NOR057,19,0.9907,0,0.0129,0,0.9952,0,0,True,LEADING-SIM-V0.1
S‑NOR057,20,0.9803,0,0.0309,0,0.9986,0,0,True,LEADING-SIM-V0.1
S‑NOR057,21,0.9892,0,0.0326,1,1.0,0,0,True,LEADING-SIM-V0.1
S‑NOR057,22,0.9808,0,0.0119,0,0.9961,0,0,True,LEADING-SIM-V0.1
S‑NOR057,23,0.9903,0,0.0133,0,0.9956,0,0,True,LEADING-SIM-V0.1
S‑NOR057,24,0.9863,0,0.0343,0,0.996,0,0,True,LEADING-SIM-V0.1
S‑NOR057,25,0.9777,0,0.0059,0,0.9975,0,0,True,LEADING-SIM-V0.1
S‑NOR057,26,0.9822,0,0.0758,1,0.9966,0,0,True,LEADING-SIM-V0.1
S‑NOR057,27,0.9821,0,0.0224,1,0.9951,0,0,True,LEADING-SIM-V0.1
S‑NOR057,28,0.9802,1,0.0608,0,0.9958,0,0,True,LEADING-SIM-V0.1
S‑NOR057,29,0.9987,0,0.0287,1,0.9952,0,0,True,LEADING-SIM-V0.1
S‑NOR057,30,0.9928,1,0.0327,2,0.9989,0,0,True,LEADING-SIM-V0.1
S‑NOR057,31,0.9778,1,0.0321,1,0.9954,0,0,True,LEADING-SIM-V0.1
S‑NOR057,32,0.9938,0,0.0052,0,0.9965,0,0,True,LEADING-SIM-V0.1
S‑NOR057,33,0.9843,0,0.0006,0,0.9969,0,0,True,LEADING-SIM-V0.1
S‑NOR057,34,0.9878,0,0.0423,1,0.9999,0,0,True,LEADING-SIM-V0.1
S‑NOR057,35,0.9896,0,0.017,1,0.9966,0,0,True,LEADING-SIM-V0.1
S‑NOR057,36,0.9831,0,0.0874,0,0.9962,0,0,True,LEADING-SIM-V0.1
S‑NOR057,37,0.9807,0,0.0852,1,0.9959,0,0,True,LEADING-SIM-V0.1
S‑NOR057,38,0.9823,0,0.0285,1,0.9952,0,0,True,LEADING-SIM-V0.1
S‑NOR057,39,0.9878,0,0.0055,0,0.9996,0,0,True,LEADING-SIM-V0.1
S‑NOR057,40,0.9854,0,0.0466,0,0.9959,0,0,True,LEADING-SIM-V0.1
S‑NOR057,41,0.9931,0,0.0657,0,0.9972,0,0,True,LEADING-SIM-V0.1
S‑NOR057,42,0.9901,3,0.0069,0,0.9963,0,0,True,LEADING-SIM-V0.1
S‑NOR057,43,0.9808,0,0.0122,0,0.9947,0,0,True,LEADING-SIM-V0.1
S‑NOR057,44,0.9938,0,0.0043,1,0.9992,0,0,True,LEADING-SIM-V0.1
S‑NOR057,45,0.9913,1,0.0026,0,0.9964,0,0,True,LEADING-SIM-V0.1
S‑NOR057,46,0.9754,0,0.0503,2,0.9986,0,0,True,LEADING-SIM-V0.1
S‑NOR057,47,0.9862,0,0.0092,1,0.9972,0,0,True,LEADING-SIM-V0.1
S‑NOR057,48,0.9947,2,0.0163,1,0.9977,0,0,True,LEADING-SIM-V0.1
S‑NOR057,49,0.9832,0,0.0148,0,0.9976,0,0,True,LEADING-SIM-V0.1
S‑NOR057,50,0.9853,0,0.0154,0,0.9964,0,0,True,LEADING-SIM-V0.1
S‑NOR057,51,0.9898,0,0.026,2,0.9965,0,0,True,LEADING-SIM-V0.1
S‑NOR057,52,0.9874,0,0.0352,1,0.9981,0,0,True,LEADING-SIM-V0.1
S‑NOR058,1,0.9889,0,0.0072,0,0.9958,0,0,True,LEADING-SIM-V0.1
S‑NOR058,2,0.9802,0,0.0015,1,0.9983,0,0,True,LEADING-SIM-V0.1
S‑NOR058,3,0.9834,0,0.0105,0,0.9963,0,0,True,LEADING-SIM-V0.1
S‑NOR058,4,0.9907,0,0.0582,1,0.9981,0,0,True,LEADING-SIM-V0.1
S‑NOR058,5,0.9809,0,0.0691,1,0.9962,0,0,True,LEADING-SIM-V0.1
S‑NOR058,6,0.9779,0,0.0542,0,0.9969,0,0,True,LEADING-SIM-V0.1
S‑NOR058,7,0.9846,1,0.057,1,0.9968,0,0,True,LEADING-SIM-V0.1
S‑NOR058,8,0.9835,0,0.0072,0,0.9938,0,0,True,LEADING-SIM-V0.1
S‑NOR058,9,0.9763,0,0.0135,1,0.9985,0,0,True,LEADING-SIM-V0.1
S‑NOR058,10,0.9729,0,0.0562,0,0.9993,0,0,True,LEADING-SIM-V0.1
S‑NOR058,11,0.9831,0,0.0331,0,0.9973,0,0,True,LEADING-SIM-V0.1
S‑NOR058,12,0.981,0,0.0213,0,0.9982,0,0,True,LEADING-SIM-V0.1
S‑NOR058,13,0.9764,0,0.0246,0,0.9991,0,0,True,LEADING-SIM-V0.1
S‑NOR058,14,0.9817,0,0.015,1,0.998,0,0,True,LEADING-SIM-V0.1
S‑NOR058,15,0.9829,0,0.0067,0,0.9984,0,0,True,LEADING-SIM-V0.1
S‑NOR058,16,0.9817,0,0.0103,1,1.0,0,0,True,LEADING-SIM-V0.1
S‑NOR058,17,0.9883,1,0.0092,1,0.9952,0,0,True,LEADING-SIM-V0.1
S‑NOR058,18,0.9881,0,0.0194,0,0.9945,0,0,True,LEADING-SIM-V0.1
S‑NOR058,19,0.9794,0,0.0336,0,0.999,0,0,True,LEADING-SIM-V0.1
S‑NOR058,20,0.986,0,0.0554,0,0.9951,0,0,True,LEADING-SIM-V0.1
S‑NOR058,21,0.9835,0,0.0644,0,0.9976,0,0,True,LEADING-SIM-V0.1
S‑NOR058,22,0.9773,0,0.0326,1,0.9952,0,0,True,LEADING-SIM-V0.1
S‑NOR058,23,0.9999,0,0.0245,0,0.9972,0,0,True,LEADING-SIM-V0.1
S‑NOR058,24,0.982,0,0.0234,0,0.995,0,0,True,LEADING-SIM-V0.1
S‑NOR058,25,0.9803,0,0.0144,1,0.9969,0,0,True,LEADING-SIM-V0.1
S‑NOR058,26,0.9968,0,0.0475,0,0.9967,0,0,True,LEADING-SIM-V0.1
S‑NOR058,27,0.985,0,0.0397,0,0.9984,0,0,True,LEADING-SIM-V0.1
S‑NOR058,28,0.9774,0,0.0223,1,0.9967,1,0,True,LEADING-SIM-V0.1
S‑NOR058,29,0.9768,0,0.0048,2,0.998,0,0,True,LEADING-SIM-V0.1
S‑NOR058,30,0.9876,1,0.0321,1,0.9971,1,0,True,LEADING-SIM-V0.1
S‑NOR058,31,0.9853,0,0.0576,0,0.9962,0,0,True,LEADING-SIM-V0.1
S‑NOR058,32,0.9831,0,0.0084,2,0.9932,0,0,True,LEADING-SIM-V0.1
S‑NOR058,33,0.9843,0,0.0394,0,1.0,0,0,True,LEADING-SIM-V0.1
S‑NOR058,34,0.9895,0,0.0159,1,0.9976,0,0,True,LEADING-SIM-V0.1
S‑NOR058,35,0.9852,0,0.0666,1,0.9962,0,0,True,LEADING-SIM-V0.1
S‑NOR058,36,0.9818,0,0.0333,0,0.9966,0,0,True,LEADING-SIM-V0.1
S‑NOR058,37,0.9821,0,0.0386,1,0.998,0,0,True,LEADING-SIM-V0.1
S‑NOR058,38,0.9845,0,0.1318,0,0.9989,0,0,True,LEADING-SIM-V0.1
S‑NOR058,39,0.9922,0,0.0009,1,0.9989,0,0,True,LEADING-SIM-V0.1
S‑NOR058,40,0.9862,0,0.146,0,0.9943,0,0,True,LEADING-SIM-V0.1
S‑NOR058,41,0.9945,1,0.0113,0,0.999,0,0,True,LEADING-SIM-V0.1
S‑NOR058,42,0.975,0,0.0284,0,0.9957,0,0,True,LEADING-SIM-V0.1
S‑NOR058,43,0.9798,0,0.0248,0,0.9964,0,0,True,LEADING-SIM-V0.1
S‑NOR058,44,0.9832,0,0.063,0,0.9981,0,0,True,LEADING-SIM-V0.1
S‑NOR058,45,0.9878,0,0.0249,0,0.9955,0,0,True,LEADING-SIM-V0.1
S‑NOR058,46,0.9784,0,0.0198,0,0.9958,0,0,True,LEADING-SIM-V0.1
S‑NOR058,47,0.9771,0,0.022,1,0.9985,0,0,True,LEADING-SIM-V0.1
S‑NOR058,48,0.9869,0,0.0847,0,0.9974,0,0,True,LEADING-SIM-V0.1
S‑NOR058,49,0.9947,0,0.0103,2,0.9942,0,0,True,LEADING-SIM-V0.1
S‑NOR058,50,0.9784,0,0.0166,2,0.9961,0,0,True,LEADING-SIM-V0.1
S‑NOR058,51,0.997,0,0.1085,0,0.9963,0,0,True,LEADING-SIM-V0.1
S‑NOR058,52,0.9931,0,0.0636,0,0.9964,0,0,True,LEADING-SIM-V0.1
S‑NOR059,1,0.98,0,0.0291,0,0.9977,0,0,True,LEADING-SIM-V0.1
S‑NOR059,2,0.992,0,0.0053,0,0.9981,0,0,True,LEADING-SIM-V0.1
S‑NOR059,3,0.9805,1,0.0508,0,0.9974,0,0,True,LEADING-SIM-V0.1
S‑NOR059,4,0.9816,0,0.0662,0,0.9971,0,0,True,LEADING-SIM-V0.1
S‑NOR059,5,0.9858,0,0.0048,0,0.9953,0,0,True,LEADING-SIM-V0.1
S‑NOR059,6,0.9799,0,0.0105,0,0.996,0,0,True,LEADING-SIM-V0.1
S‑NOR059,7,0.9841,0,0.0268,0,0.9964,0,0,True,LEADING-SIM-V0.1
S‑NOR059,8,0.9875,0,0.031,1,0.9994,0,0,True,LEADING-SIM-V0.1
S‑NOR059,9,0.9824,1,0.0571,1,0.9984,0,0,True,LEADING-SIM-V0.1
S‑NOR059,10,0.9869,1,0.0101,0,0.9954,0,0,True,LEADING-SIM-V0.1
S‑NOR059,11,0.9909,0,0.0123,0,0.9938,0,0,True,LEADING-SIM-V0.1
S‑NOR059,12,0.9769,0,0.0015,1,0.9972,0,0,True,LEADING-SIM-V0.1
S‑NOR059,13,0.985,0,0.0374,1,0.9964,0,0,True,LEADING-SIM-V0.1
S‑NOR059,14,0.9862,0,0.0084,0,0.9977,0,0,True,LEADING-SIM-V0.1
S‑NOR059,15,0.9855,0,0.09,0,1.0,0,0,True,LEADING-SIM-V0.1
S‑NOR059,16,0.9762,0,0.1418,1,0.9984,0,0,True,LEADING-SIM-V0.1
S‑NOR059,17,0.9854,0,0.0059,0,0.9981,0,0,True,LEADING-SIM-V0.1
S‑NOR059,18,0.9851,0,0.0497,0,0.9944,0,0,True,LEADING-SIM-V0.1
S‑NOR059,19,0.9834,0,0.0335,1,0.9966,0,0,True,LEADING-SIM-V0.1
S‑NOR059,20,0.976,0,0.1008,0,0.9963,1,0,True,LEADING-SIM-V0.1
S‑NOR059,21,0.9928,0,0.0328,0,0.9963,0,0,True,LEADING-SIM-V0.1
S‑NOR059,22,0.9839,0,0.0177,0,0.9961,0,0,True,LEADING-SIM-V0.1
S‑NOR059,23,0.9817,1,0.0129,0,0.9956,1,0,True,LEADING-SIM-V0.1
S‑NOR059,24,0.9898,0,0.0649,1,0.9977,0,1,True,LEADING-SIM-V0.1
S‑NOR059,25,0.9947,0,0.0104,1,0.9974,0,0,True,LEADING-SIM-V0.1
S‑NOR059,26,0.9849,0,0.0141,0,0.9999,0,0,True,LEADING-SIM-V0.1
S‑NOR059,27,0.9819,0,0.0597,1,0.9959,0,0,True,LEADING-SIM-V0.1
S‑NOR059,28,0.9947,0,0.0168,0,0.9979,0,0,True,LEADING-SIM-V0.1
S‑NOR059,29,0.9769,0,0.0042,1,0.9972,0,0,True,LEADING-SIM-V0.1
S‑NOR059,30,0.9852,1,0.0183,1,0.9945,0,0,True,LEADING-SIM-V0.1
S‑NOR059,31,0.9842,0,0.0252,0,0.9988,0,0,True,LEADING-SIM-V0.1
S‑NOR059,32,0.9826,0,0.0068,0,1.0,0,0,True,LEADING-SIM-V0.1
S‑NOR059,33,0.9831,0,0.0256,0,0.9954,1,0,True,LEADING-SIM-V0.1
S‑NOR059,34,0.9888,1,0.0218,0,0.9972,0,0,True,LEADING-SIM-V0.1
S‑NOR059,35,0.9888,0,0.0089,0,0.9965,0,0,True,LEADING-SIM-V0.1
S‑NOR059,36,0.9907,0,0.0088,1,1.0,0,0,True,LEADING-SIM-V0.1
S‑NOR059,37,0.9897,0,0.0207,0,0.9971,1,0,True,LEADING-SIM-V0.1
S‑NOR059,38,0.9836,0,0.0666,0,0.9977,0,0,True,LEADING-SIM-V0.1
S‑NOR059,39,0.9921,1,0.0038,0,0.9956,0,0,True,LEADING-SIM-V0.1
S‑NOR059,40,0.9723,1,0.0089,0,0.9971,1,0,True,LEADING-SIM-V0.1
S‑NOR059,41,0.9906,0,0.0258,0,0.9989,0,1,True,LEADING-SIM-V0.1
S‑NOR059,42,0.9864,0,0.0548,0,0.996,0,0,True,LEADING-SIM-V0.1
S‑NOR059,43,0.991,0,0.0316,0,0.9974,0,0,True,LEADING-SIM-V0.1
S‑NOR059,44,0.9827,0,0.0411,1,0.9956,0,0,True,LEADING-SIM-V0.1
S‑NOR059,45,0.9836,0,0.009,0,0.9999,0,0,True,LEADING-SIM-V0.1
S‑NOR059,46,0.9755,0,0.0637,0,0.9987,0,0,True,LEADING-SIM-V0.1
S‑NOR059,47,0.9929,0,0.0614,0,0.9981,0,0,True,LEADING-SIM-V0.1
S‑NOR059,48,0.9916,0,0.0347,1,0.9957,0,0,True,LEADING-SIM-V0.1
S‑NOR059,49,0.9775,0,0.0214,0,0.9981,0,0,True,LEADING-SIM-V0.1
S‑NOR059,50,0.9907,0,0.0494,0,0.9958,0,0,True,LEADING-SIM-V0.1
S‑NOR059,51,0.9879,0,0.1068,0,0.9973,0,0,True,LEADING-SIM-V0.1
S‑NOR059,52,0.9804,0,0.0659,1,0.9956,0,0,True,LEADING-SIM-V0.1
S‑NOR060,1,0.9774,0,0.0206,0,0.9976,0,0,True,LEADING-SIM-V0.1
S‑NOR060,2,0.9888,1,0.0648,0,0.9985,0,0,True,LEADING-SIM-V0.1
S‑NOR060,3,0.9827,0,0.0188,1,0.9961,0,0,True,LEADING-SIM-V0.1
S‑NOR060,4,0.9959,0,0.0227,2,0.9943,0,0,True,LEADING-SIM-V0.1
S‑NOR060,5,0.9846,0,0.0221,0,0.9938,0,0,True,LEADING-SIM-V0.1
S‑NOR060,6,0.9872,0,0.019,1,0.9986,0,0,True,LEADING-SIM-V0.1
S‑NOR060,7,0.982,0,0.0046,1,0.9947,0,0,True,LEADING-SIM-V0.1
S‑NOR060,8,0.9828,0,0.028,0,0.9988,0,0,True,LEADING-SIM-V0.1
S‑NOR060,9,0.9983,0,0.0752,0,0.9958,0,0,True,LEADING-SIM-V0.1
S‑NOR060,10,0.9874,0,0.0748,0,0.9973,0,0,True,LEADING-SIM-V0.1
S‑NOR060,11,0.9858,0,0.0016,1,0.9939,0,0,True,LEADING-SIM-V0.1
S‑NOR060,12,0.9846,0,0.0168,1,0.9989,0,0,True,LEADING-SIM-V0.1
S‑NOR060,13,0.9875,0,0.0205,0,0.9978,0,0,True,LEADING-SIM-V0.1
S‑NOR060,14,0.9997,1,0.0059,0,0.9954,0,0,True,LEADING-SIM-V0.1
S‑NOR060,15,0.9938,0,0.0377,0,0.9951,0,0,True,LEADING-SIM-V0.1
S‑NOR060,16,0.9857,0,0.0062,0,0.9963,0,0,True,LEADING-SIM-V0.1
S‑NOR060,17,0.9817,1,0.0273,0,0.998,1,0,True,LEADING-SIM-V0.1
S‑NOR060,18,0.9863,0,0.0454,0,0.9972,1,0,True,LEADING-SIM-V0.1
S‑NOR060,19,0.9877,0,0.0448,1,0.998,0,0,True,LEADING-SIM-V0.1
S‑NOR060,20,0.9852,0,0.0438,1,0.9924,0,0,True,LEADING-SIM-V0.1
S‑NOR060,21,0.9958,0,0.0505,1,0.9962,0,0,True,LEADING-SIM-V0.1
S‑NOR060,22,0.9971,0,0.012,0,0.9961,0,0,True,LEADING-SIM-V0.1
S‑NOR060,23,0.9812,0,0.15,0,0.9976,0,0,True,LEADING-SIM-V0.1
S‑NOR060,24,0.9906,0,0.0733,1,0.997,1,0,True,LEADING-SIM-V0.1
S‑NOR060,25,0.9803,1,0.019,0,0.9971,0,0,True,LEADING-SIM-V0.1
S‑NOR060,26,0.9695,0,0.0165,0,0.9962,0,0,True,LEADING-SIM-V0.1
S‑NOR060,27,0.9917,0,0.0214,0,0.9958,0,0,True,LEADING-SIM-V0.1
S‑NOR060,28,0.9805,0,0.0128,0,0.9954,0,0,True,LEADING-SIM-V0.1
S‑NOR060,29,0.9793,0,0.0293,1,0.9976,0,0,True,LEADING-SIM-V0.1
S‑NOR060,30,0.984,0,0.0971,0,0.9964,0,0,True,LEADING-SIM-V0.1
S‑NOR060,31,0.9924,0,0.0311,3,0.9971,0,0,True,LEADING-SIM-V0.1
S‑NOR060,32,0.9806,0,0.059,0,0.9963,0,0,True,LEADING-SIM-V0.1
S‑NOR060,33,0.9915,0,0.0685,1,0.9988,0,0,True,LEADING-SIM-V0.1
S‑NOR060,34,0.9762,0,0.0235,0,0.9989,0,0,True,LEADING-SIM-V0.1
S‑NOR060,35,0.9874,0,0.0369,0,0.9966,0,0,True,LEADING-SIM-V0.1
S‑NOR060,36,0.9755,0,0.0036,0,0.9966,0,0,True,LEADING-SIM-V0.1
S‑NOR060,37,0.9961,0,0.0137,0,0.9976,0,0,True,LEADING-SIM-V0.1
S‑NOR060,38,0.9887,0,0.0269,0,0.9973,0,0,True,LEADING-SIM-V0.1
S‑NOR060,39,0.9825,0,0.0337,0,0.997,0,0,True,LEADING-SIM-V0.1
S‑NOR060,40,0.9925,1,0.0245,0,0.9974,0,0,True,LEADING-SIM-V0.1
S‑NOR060,41,0.9884,0,0.0311,1,0.997,0,0,True,LEADING-SIM-V0.1
S‑NOR060,42,0.9932,0,0.0698,0,0.9955,0,0,True,LEADING-SIM-V0.1
S‑NOR060,43,0.9804,0,0.0144,0,0.9989,0,0,True,LEADING-SIM-V0.1
S‑NOR060,44,0.9841,1,0.013,0,0.9992,0,0,True,LEADING-SIM-V0.1
S‑NOR060,45,0.9822,0,0.0286,1,0.996,0,0,True,LEADING-SIM-V0.1
S‑NOR060,46,0.9784,0,0.0474,1,0.9989,0,0,True,LEADING-SIM-V0.1
S‑NOR060,47,0.9828,0,0.0514,0,0.9985,0,0,True,LEADING-SIM-V0.1
S‑NOR060,48,0.9865,0,0.0464,0,0.9981,0,0,True,LEADING-SIM-V0.1
S‑NOR060,49,0.9929,0,0.0006,0,0.9965,0,0,True,LEADING-SIM-V0.1
S‑NOR060,50,0.9777,0,0.0605,0,0.9966,0,0,True,LEADING-SIM-V0.1
S‑NOR060,51,0.9815,0,0.0053,0,0.9966,0,0,True,LEADING-SIM-V0.1
S‑NOR060,52,0.9958,0,0.013,1,0.9986,0,0,True,LEADING-SIM-V0.1
S‑NOR061,1,0.9826,0,0.0046,1,0.997,0,0,True,LEADING-SIM-V0.1
S‑NOR061,2,0.9847,1,0.0265,0,0.9995,0,0,True,LEADING-SIM-V0.1
S‑NOR061,3,0.996,0,0.0141,0,0.9959,0,0,True,LEADING-SIM-V0.1
S‑NOR061,4,0.9792,0,0.0064,2,0.9967,0,0,True,LEADING-SIM-V0.1
S‑NOR061,5,0.9911,1,0.0116,1,0.9964,0,0,True,LEADING-SIM-V0.1
S‑NOR061,6,0.9966,0,0.0122,0,0.9989,0,0,True,LEADING-SIM-V0.1
S‑NOR061,7,0.9794,0,0.0141,1,0.9967,0,0,True,LEADING-SIM-V0.1
S‑NOR061,8,0.9895,0,0.019,0,0.9955,0,0,True,LEADING-SIM-V0.1
S‑NOR061,9,0.9806,0,0.0193,0,0.9979,0,0,True,LEADING-SIM-V0.1
S‑NOR061,10,0.988,0,0.1106,0,1.0,0,0,True,LEADING-SIM-V0.1
S‑NOR061,11,0.9818,0,0.0056,1,0.9966,0,0,True,LEADING-SIM-V0.1
S‑NOR061,12,0.9885,0,0.0165,0,0.9939,0,0,True,LEADING-SIM-V0.1
S‑NOR061,13,0.9879,0,0.0695,0,0.9956,0,0,True,LEADING-SIM-V0.1
S‑NOR061,14,0.9901,0,0.0147,1,0.9974,0,0,True,LEADING-SIM-V0.1
S‑NOR061,15,0.9795,0,0.0362,0,0.9967,0,0,True,LEADING-SIM-V0.1
S‑NOR061,16,0.9827,0,0.0447,1,0.9991,0,0,True,LEADING-SIM-V0.1
S‑NOR061,17,0.977,0,0.0202,0,0.996,0,0,True,LEADING-SIM-V0.1
S‑NOR061,18,0.984,0,0.0491,0,0.9976,0,0,True,LEADING-SIM-V0.1
S‑NOR061,19,0.9895,0,0.0249,0,0.9992,0,0,True,LEADING-SIM-V0.1
S‑NOR061,20,0.987,0,0.034,0,0.9973,0,0,True,LEADING-SIM-V0.1
S‑NOR061,21,0.9891,0,0.0303,0,0.9977,0,0,True,LEADING-SIM-V0.1
S‑NOR061,22,0.9947,0,0.078,0,0.9962,0,1,True,LEADING-SIM-V0.1
S‑NOR061,23,0.9831,0,0.0149,0,0.993,0,0,True,LEADING-SIM-V0.1
S‑NOR061,24,0.9927,0,0.0321,0,0.9964,0,0,True,LEADING-SIM-V0.1
S‑NOR061,25,0.9875,0,0.0015,0,0.9995,0,0,True,LEADING-SIM-V0.1
S‑NOR061,26,0.9878,0,0.0101,0,0.9958,1,0,True,LEADING-SIM-V0.1
S‑NOR061,27,0.9815,1,0.0311,1,0.9978,0,0,True,LEADING-SIM-V0.1
S‑NOR061,28,0.9784,0,0.0133,0,0.9961,0,0,True,LEADING-SIM-V0.1
S‑NOR061,29,0.9922,0,0.006,0,0.9952,0,0,True,LEADING-SIM-V0.1
S‑NOR061,30,0.9844,0,0.0282,1,0.9996,0,0,True,LEADING-SIM-V0.1
S‑NOR061,31,0.9762,0,0.0299,1,1.0,0,0,True,LEADING-SIM-V0.1
S‑NOR061,32,0.9812,0,0.0333,0,0.9963,0,0,True,LEADING-SIM-V0.1
S‑NOR061,33,0.9822,0,0.0036,0,0.9972,0,0,True,LEADING-SIM-V0.1
S‑NOR061,34,0.9858,0,0.0565,0,0.9984,0,0,True,LEADING-SIM-V0.1
S‑NOR061,35,0.9814,0,0.0328,0,0.999,0,0,True,LEADING-SIM-V0.1
S‑NOR061,36,0.9811,0,0.04,0,0.9966,0,0,True,LEADING-SIM-V0.1
S‑NOR061,37,0.9795,0,0.0276,0,0.9972,0,0,True,LEADING-SIM-V0.1
S‑NOR061,38,0.9907,0,0.0114,0,0.9965,0,0,True,LEADING-SIM-V0.1
S‑NOR061,39,0.9873,1,0.0247,0,0.997,0,0,True,LEADING-SIM-V0.1
S‑NOR061,40,0.978,1,0.0351,2,0.996,0,0,True,LEADING-SIM-V0.1
S‑NOR061,41,0.9871,0,0.0195,1,0.9967,0,0,True,LEADING-SIM-V0.1
S‑NOR061,42,0.9793,0,0.0155,2,0.9969,0,0,True,LEADING-SIM-V0.1
S‑NOR061,43,0.9825,1,0.0023,0,0.9958,0,0,True,LEADING-SIM-V0.1
S‑NOR061,44,0.9877,0,0.15,1,0.9968,0,0,True,LEADING-SIM-V0.1
S‑NOR061,45,0.9872,0,0.0189,2,0.9965,0,0,True,LEADING-SIM-V0.1
S‑NOR061,46,0.99,0,0.0391,0,0.9973,0,0,True,LEADING-SIM-V0.1
S‑NOR061,47,0.9851,0,0.0063,0,0.9991,0,0,True,LEADING-SIM-V0.1
S‑NOR061,48,0.9845,0,0.0112,0,0.9979,0,0,True,LEADING-SIM-V0.1
S‑NOR061,49,0.9853,0,0.0118,0,0.998,0,0,True,LEADING-SIM-V0.1
S‑NOR061,50,0.9898,0,0.0349,0,0.9978,0,0,True,LEADING-SIM-V0.1
S‑NOR061,51,0.992,0,0.0103,0,0.994,0,0,True,LEADING-SIM-V0.1
S‑NOR061,52,0.9814,0,0.0039,0,0.9953,0,0,True,LEADING-SIM-V0.1
S‑NOR062,1,0.9848,0,0.0219,0,0.9954,0,0,True,LEADING-SIM-V0.1
S‑NOR062,2,0.9857,0,0.0022,1,0.9985,0,0,True,LEADING-SIM-V0.1
S‑NOR062,3,0.9885,0,0.0719,0,0.9987,0,0,True,LEADING-SIM-V0.1
S‑NOR062,4,0.9806,0,0.0477,0,0.9986,0,0,True,LEADING-SIM-V0.1
S‑NOR062,5,0.9887,0,0.0131,0,0.9988,0,1,True,LEADING-SIM-V0.1
S‑NOR062,6,0.9814,0,0.009,0,0.9955,0,0,True,LEADING-SIM-V0.1
S‑NOR062,7,0.9857,0,0.0089,2,0.9955,0,0,True,LEADING-SIM-V0.1
S‑NOR062,8,0.9772,0,0.0282,1,0.997,0,0,True,LEADING-SIM-V0.1
S‑NOR062,9,0.9857,0,0.008,0,0.9952,0,0,True,LEADING-SIM-V0.1
S‑NOR062,10,0.9823,0,0.0379,0,0.9948,0,0,True,LEADING-SIM-V0.1
S‑NOR062,11,0.9878,0,0.0156,0,0.9977,0,0,True,LEADING-SIM-V0.1
S‑NOR062,12,0.9859,0,0.0206,0,0.9984,1,0,True,LEADING-SIM-V0.1
S‑NOR062,13,0.9949,1,0.0189,1,0.9976,0,0,True,LEADING-SIM-V0.1
S‑NOR062,14,0.9884,1,0.0534,0,0.9982,0,0,True,LEADING-SIM-V0.1
S‑NOR062,15,0.9795,1,0.0694,1,0.9973,0,0,True,LEADING-SIM-V0.1
S‑NOR062,16,0.9905,0,0.0109,0,0.9975,0,0,True,LEADING-SIM-V0.1
S‑NOR062,17,0.9856,0,0.0198,0,0.9991,0,0,True,LEADING-SIM-V0.1
S‑NOR062,18,0.9865,0,0.0807,0,0.9997,0,1,True,LEADING-SIM-V0.1
S‑NOR062,19,0.9804,0,0.0407,0,0.9995,0,0,True,LEADING-SIM-V0.1
S‑NOR062,20,0.9735,0,0.0587,0,0.9984,0,0,True,LEADING-SIM-V0.1
S‑NOR062,21,0.9917,0,0.012,1,0.9969,0,0,True,LEADING-SIM-V0.1
S‑NOR062,22,0.9819,0,0.0128,1,0.9987,0,0,True,LEADING-SIM-V0.1
S‑NOR062,23,0.9837,1,0.036,0,0.9963,0,0,True,LEADING-SIM-V0.1
S‑NOR062,24,0.9863,0,0.0192,0,0.9959,0,0,True,LEADING-SIM-V0.1
S‑NOR062,25,0.9821,0,0.0442,2,0.9958,0,0,True,LEADING-SIM-V0.1
S‑NOR062,26,0.976,0,0.0224,0,0.9997,0,0,True,LEADING-SIM-V0.1
S‑NOR062,27,0.9843,0,0.0316,0,0.9987,0,0,True,LEADING-SIM-V0.1
S‑NOR062,28,0.9792,0,0.0106,0,0.996,0,0,True,LEADING-SIM-V0.1
S‑NOR062,29,0.9767,0,0.0099,0,0.9962,0,0,True,LEADING-SIM-V0.1
S‑NOR062,30,0.9841,0,0.0111,0,0.9985,0,0,True,LEADING-SIM-V0.1
S‑NOR062,31,0.9839,0,0.0326,0,0.9947,0,0,True,LEADING-SIM-V0.1
S‑NOR062,32,0.9813,0,0.0184,0,0.9992,0,0,True,LEADING-SIM-V0.1
S‑NOR062,33,0.9888,0,0.0544,1,0.9967,1,0,True,LEADING-SIM-V0.1
S‑NOR062,34,0.9775,1,0.0288,1,0.998,0,0,True,LEADING-SIM-V0.1
S‑NOR062,35,0.9823,0,0.0638,0,0.9956,0,0,True,LEADING-SIM-V0.1
S‑NOR062,36,0.9786,0,0.0463,0,0.9978,0,0,True,LEADING-SIM-V0.1
S‑NOR062,37,0.9779,0,0.0284,0,1.0,0,0,True,LEADING-SIM-V0.1
S‑NOR062,38,0.9853,0,0.0031,2,0.9981,0,0,True,LEADING-SIM-V0.1
S‑NOR062,39,0.9931,0,0.0092,1,1.0,0,0,True,LEADING-SIM-V0.1
S‑NOR062,40,0.9856,0,0.0582,1,0.9982,0,0,True,LEADING-SIM-V0.1
S‑NOR062,41,0.9875,0,0.0461,1,0.9972,0,0,True,LEADING-SIM-V0.1
S‑NOR062,42,0.9989,1,0.0398,0,0.9988,0,0,True,LEADING-SIM-V0.1
S‑NOR062,43,0.9782,0,0.0293,0,0.9967,0,0,True,LEADING-SIM-V0.1
S‑NOR062,44,0.9924,0,0.0421,0,0.9977,0,0,True,LEADING-SIM-V0.1
S‑NOR062,45,0.9765,0,0.0241,0,0.9987,0,0,True,LEADING-SIM-V0.1
S‑NOR062,46,0.9895,0,0.0354,0,0.9943,0,0,True,LEADING-SIM-V0.1
S‑NOR062,47,0.9744,0,0.0096,0,0.9964,1,0,True,LEADING-SIM-V0.1
S‑NOR062,48,0.992,0,0.0355,0,0.9969,0,0,True,LEADING-SIM-V0.1
S‑NOR062,49,0.9792,0,0.0639,1,0.9971,0,0,True,LEADING-SIM-V0.1
S‑NOR062,50,0.9901,0,0.04,0,0.9959,0,0,True,LEADING-SIM-V0.1
S‑NOR062,51,0.9925,0,0.0064,0,0.9961,0,0,True,LEADING-SIM-V0.1
S‑NOR062,52,0.9828,0,0.0539,0,0.9974,0,0,True,LEADING-SIM-V0.1
S‑NOR063,1,0.9827,0,0.0133,0,0.9977,0,0,True,LEADING-SIM-V0.1
S‑NOR063,2,0.9815,0,0.0363,0,0.9973,0,0,True,LEADING-SIM-V0.1
S‑NOR063,3,0.9798,0,0.0181,0,0.9975,0,0,True,LEADING-SIM-V0.1
S‑NOR063,4,0.9927,0,0.0057,0,0.9958,0,0,True,LEADING-SIM-V0.1
S‑NOR063,5,0.9747,0,0.0508,0,0.9968,0,0,True,LEADING-SIM-V0.1
S‑NOR063,6,0.9873,0,0.0886,1,0.9983,0,0,True,LEADING-SIM-V0.1
S‑NOR063,7,0.9994,0,0.0127,0,0.9939,1,0,True,LEADING-SIM-V0.1
S‑NOR063,8,0.9863,0,0.1194,0,0.9989,0,0,True,LEADING-SIM-V0.1
S‑NOR063,9,0.977,0,0.048,1,0.9978,0,0,True,LEADING-SIM-V0.1
S‑NOR063,10,0.989,0,0.1066,0,0.9974,0,0,True,LEADING-SIM-V0.1
S‑NOR063,11,0.9878,0,0.0232,0,0.9973,0,0,True,LEADING-SIM-V0.1
S‑NOR063,12,0.9787,0,0.1337,0,0.9981,0,0,True,LEADING-SIM-V0.1
S‑NOR063,13,0.9821,0,0.0773,0,0.998,0,0,True,LEADING-SIM-V0.1
S‑NOR063,14,0.9794,0,0.0286,0,0.998,0,0,True,LEADING-SIM-V0.1
S‑NOR063,15,1.0,0,0.041,0,0.9979,0,0,True,LEADING-SIM-V0.1
S‑NOR063,16,0.979,0,0.0265,1,1.0,0,0,True,LEADING-SIM-V0.1
S‑NOR063,17,0.9835,0,0.0285,0,0.9987,0,0,True,LEADING-SIM-V0.1
S‑NOR063,18,0.9835,0,0.0076,1,0.998,0,0,True,LEADING-SIM-V0.1
S‑NOR063,19,0.9823,0,0.0406,0,0.9995,1,0,True,LEADING-SIM-V0.1
S‑NOR063,20,0.9666,0,0.0261,0,0.9963,0,0,True,LEADING-SIM-V0.1
S‑NOR063,21,0.9869,1,0.003,0,0.9981,0,0,True,LEADING-SIM-V0.1
S‑NOR063,22,0.9939,0,0.0413,1,0.9978,0,1,True,LEADING-SIM-V0.1
S‑NOR063,23,0.9793,0,0.0011,0,0.9967,0,0,True,LEADING-SIM-V0.1
S‑NOR063,24,0.9811,0,0.0341,1,0.9961,1,0,True,LEADING-SIM-V0.1
S‑NOR063,25,0.9827,0,0.0482,0,0.9986,0,0,True,LEADING-SIM-V0.1
S‑NOR063,26,0.9874,0,0.0342,1,0.9982,0,0,True,LEADING-SIM-V0.1
S‑NOR063,27,0.99,0,0.0049,0,0.9961,0,0,True,LEADING-SIM-V0.1
S‑NOR063,28,0.9882,0,0.013,1,0.9961,0,0,True,LEADING-SIM-V0.1
S‑NOR063,29,0.981,2,0.0662,0,0.998,0,0,True,LEADING-SIM-V0.1
S‑NOR063,30,0.9915,0,0.0162,0,0.9992,0,0,True,LEADING-SIM-V0.1
S‑NOR063,31,0.9988,0,0.0238,0,0.9951,0,0,True,LEADING-SIM-V0.1
S‑NOR063,32,0.981,0,0.0317,0,0.9983,0,0,True,LEADING-SIM-V0.1
S‑NOR063,33,0.985,0,0.0048,0,0.9967,0,0,True,LEADING-SIM-V0.1
S‑NOR063,34,0.9857,0,0.0366,0,0.995,0,0,True,LEADING-SIM-V0.1
S‑NOR063,35,0.9774,0,0.0216,0,0.9961,0,0,True,LEADING-SIM-V0.1
S‑NOR063,36,0.9805,0,0.0059,0,0.9988,0,0,True,LEADING-SIM-V0.1
S‑NOR063,37,0.9913,0,0.0679,0,0.997,0,0,True,LEADING-SIM-V0.1
S‑NOR063,38,0.9829,1,0.0655,0,0.9956,0,0,True,LEADING-SIM-V0.1
S‑NOR063,39,0.9761,0,0.028,1,0.9953,0,0,True,LEADING-SIM-V0.1
S‑NOR063,40,0.9886,0,0.0085,0,0.9967,0,0,True,LEADING-SIM-V0.1
S‑NOR063,41,0.9983,0,0.0949,0,0.9976,0,0,True,LEADING-SIM-V0.1
S‑NOR063,42,0.9751,0,0.0114,0,0.997,0,0,True,LEADING-SIM-V0.1
S‑NOR063,43,0.9927,0,0.0557,0,0.9981,0,0,True,LEADING-SIM-V0.1
S‑NOR063,44,0.9829,0,0.0186,0,0.9969,0,0,True,LEADING-SIM-V0.1
S‑NOR063,45,0.9857,0,0.0127,1,0.9962,0,0,True,LEADING-SIM-V0.1
S‑NOR063,46,0.9733,0,0.0114,1,0.997,0,0,True,LEADING-SIM-V0.1
S‑NOR063,47,0.9771,1,0.0123,0,0.9963,0,0,True,LEADING-SIM-V0.1
S‑NOR063,48,0.9887,0,0.0476,1,0.9974,0,0,True,LEADING-SIM-V0.1
S‑NOR063,49,0.979,1,0.0161,1,0.9948,0,0,True,LEADING-SIM-V0.1
S‑NOR063,50,0.9786,0,0.0011,1,0.9972,0,0,True,LEADING-SIM-V0.1
S‑NOR063,51,0.9797,0,0.0117,1,0.9963,0,0,True,LEADING-SIM-V0.1
S‑NOR063,52,0.9773,0,0.0174,1,0.9974,0,0,True,LEADING-SIM-V0.1
S‑NOR064,1,0.9846,0,0.0571,0,0.9974,0,0,True,LEADING-SIM-V0.1
S‑NOR064,2,0.9842,0,0.0155,0,0.9958,0,0,True,LEADING-SIM-V0.1
S‑NOR064,3,0.9998,0,0.0272,1,0.9952,0,0,True,LEADING-SIM-V0.1
S‑NOR064,4,0.9902,0,0.0014,0,0.9984,0,0,True,LEADING-SIM-V0.1
S‑NOR064,5,0.9878,0,0.0619,1,0.9949,0,0,True,LEADING-SIM-V0.1
S‑NOR064,6,0.9798,0,0.1327,0,0.9987,0,0,True,LEADING-SIM-V0.1
S‑NOR064,7,0.9858,1,0.0221,1,0.9937,0,0,True,LEADING-SIM-V0.1
S‑NOR064,8,0.9748,0,0.0171,0,0.9963,0,0,True,LEADING-SIM-V0.1
S‑NOR064,9,0.9837,0,0.0059,1,0.9978,0,0,True,LEADING-SIM-V0.1
S‑NOR064,10,0.9946,0,0.0633,0,0.9979,0,0,True,LEADING-SIM-V0.1
S‑NOR064,11,0.9868,0,0.1169,0,0.9976,0,0,True,LEADING-SIM-V0.1
S‑NOR064,12,0.982,0,0.0703,1,0.996,0,0,True,LEADING-SIM-V0.1
S‑NOR064,13,0.9854,0,0.0928,0,0.9969,0,0,True,LEADING-SIM-V0.1
S‑NOR064,14,0.9886,0,0.0268,0,0.9965,0,0,True,LEADING-SIM-V0.1
S‑NOR064,15,0.9942,0,0.0271,0,0.9983,0,0,True,LEADING-SIM-V0.1
S‑NOR064,16,0.9892,0,0.0319,0,0.9981,0,0,True,LEADING-SIM-V0.1
S‑NOR064,17,0.9813,1,0.0411,0,0.9963,0,0,True,LEADING-SIM-V0.1
S‑NOR064,18,0.9819,1,0.0032,0,0.9954,0,0,True,LEADING-SIM-V0.1
S‑NOR064,19,0.9759,0,0.0548,1,0.9967,0,0,True,LEADING-SIM-V0.1
S‑NOR064,20,0.9882,0,0.0018,1,0.9985,0,0,True,LEADING-SIM-V0.1
S‑NOR064,21,0.9788,0,0.0149,0,0.9968,0,0,True,LEADING-SIM-V0.1
S‑NOR064,22,0.9812,0,0.0589,0,0.9961,0,0,True,LEADING-SIM-V0.1
S‑NOR064,23,0.9827,0,0.0254,0,0.9984,0,0,True,LEADING-SIM-V0.1
S‑NOR064,24,0.9827,0,0.026,0,0.9964,0,0,True,LEADING-SIM-V0.1
S‑NOR064,25,0.9793,0,0.0076,1,0.9976,0,0,True,LEADING-SIM-V0.1
S‑NOR064,26,0.9929,1,0.0613,1,0.9938,0,0,True,LEADING-SIM-V0.1
S‑NOR064,27,0.98,0,0.0134,0,0.9936,1,0,True,LEADING-SIM-V0.1
S‑NOR064,28,0.9953,0,0.059,1,0.9949,0,0,True,LEADING-SIM-V0.1
S‑NOR064,29,0.9848,0,0.0248,1,0.9979,0,0,True,LEADING-SIM-V0.1
S‑NOR064,30,0.9796,0,0.038,0,0.9988,0,0,True,LEADING-SIM-V0.1
S‑NOR064,31,0.9852,0,0.0503,0,0.994,0,0,True,LEADING-SIM-V0.1
S‑NOR064,32,0.9866,0,0.0043,0,0.9981,0,0,True,LEADING-SIM-V0.1
S‑NOR064,33,0.9852,0,0.1008,0,0.9966,1,0,True,LEADING-SIM-V0.1
S‑NOR064,34,0.9821,0,0.0129,1,0.9956,0,0,True,LEADING-SIM-V0.1
S‑NOR064,35,0.9875,0,0.0,0,0.9974,1,0,True,LEADING-SIM-V0.1
S‑NOR064,36,0.9815,0,0.0529,1,0.9969,0,0,True,LEADING-SIM-V0.1
S‑NOR064,37,0.991,0,0.0461,0,0.9959,0,0,True,LEADING-SIM-V0.1
S‑NOR064,38,0.985,0,0.0675,1,0.9947,0,0,True,LEADING-SIM-V0.1
S‑NOR064,39,0.9857,0,0.0436,0,0.9964,1,0,True,LEADING-SIM-V0.1
S‑NOR064,40,0.9832,0,0.0311,1,0.9983,0,0,True,LEADING-SIM-V0.1
S‑NOR064,41,0.9786,0,0.064,1,0.9974,0,0,True,LEADING-SIM-V0.1
S‑NOR064,42,0.9857,0,0.0001,1,0.9979,0,0,True,LEADING-SIM-V0.1
S‑NOR064,43,0.9882,0,0.0417,0,0.9942,0,0,True,LEADING-SIM-V0.1
S‑NOR064,44,0.9852,0,0.0246,0,0.9974,0,0,True,LEADING-SIM-V0.1
S‑NOR064,45,0.9792,0,0.1174,0,0.9986,0,0,True,LEADING-SIM-V0.1
S‑NOR064,46,0.9944,0,0.042,0,0.9959,0,0,True,LEADING-SIM-V0.1
S‑NOR064,47,0.98,0,0.021,0,0.9961,0,0,True,LEADING-SIM-V0.1
S‑NOR064,48,0.9925,0,0.0624,0,0.9972,0,0,True,LEADING-SIM-V0.1
S‑NOR064,49,0.9868,0,0.0879,0,0.9984,0,0,True,LEADING-SIM-V0.1
S‑NOR064,50,0.9901,0,0.0083,0,0.9959,0,0,True,LEADING-SIM-V0.1
S‑NOR064,51,0.9872,0,0.0037,0,1.0,1,0,True,LEADING-SIM-V0.1
S‑NOR064,52,0.9908,0,0.066,0,0.9978,0,0,True,LEADING-SIM-V0.1
S‑NOR065,1,0.9928,0,0.0013,0,0.9968,0,0,True,LEADING-SIM-V0.1
S‑NOR065,2,0.9819,0,0.0243,0,0.9979,0,0,True,LEADING-SIM-V0.1
S‑NOR065,3,0.9865,0,0.0211,0,0.9982,0,0,True,LEADING-SIM-V0.1
S‑NOR065,4,0.9832,0,0.0075,1,0.9986,0,0,True,LEADING-SIM-V0.1
S‑NOR065,5,0.9816,0,0.0327,0,0.9993,0,0,True,LEADING-SIM-V0.1
S‑NOR065,6,0.9806,1,0.0132,0,0.9957,0,0,True,LEADING-SIM-V0.1
S‑NOR065,7,0.9818,0,0.0878,0,0.9959,0,0,True,LEADING-SIM-V0.1
S‑NOR065,8,0.9861,0,0.039,1,0.9958,0,0,True,LEADING-SIM-V0.1
S‑NOR065,9,0.9755,0,0.0455,0,0.9943,0,0,True,LEADING-SIM-V0.1
S‑NOR065,10,0.9813,1,0.0468,0,0.9954,0,0,True,LEADING-SIM-V0.1
S‑NOR065,11,0.9771,0,0.0188,0,0.9984,0,0,True,LEADING-SIM-V0.1
S‑NOR065,12,0.9903,1,0.0846,2,0.9981,0,0,True,LEADING-SIM-V0.1
S‑NOR065,13,0.9846,0,0.0179,0,0.9987,0,0,True,LEADING-SIM-V0.1
S‑NOR065,14,0.9808,0,0.0589,0,0.9989,0,0,True,LEADING-SIM-V0.1
S‑NOR065,15,0.9892,0,0.0024,1,0.9976,0,0,True,LEADING-SIM-V0.1
S‑NOR065,16,0.9778,0,0.021,0,0.9954,0,0,True,LEADING-SIM-V0.1
S‑NOR065,17,0.9823,0,0.0636,0,0.998,0,0,True,LEADING-SIM-V0.1
S‑NOR065,18,0.9773,0,0.1023,0,1.0,0,0,True,LEADING-SIM-V0.1
S‑NOR065,19,0.9872,0,0.0505,0,0.9949,0,0,True,LEADING-SIM-V0.1
S‑NOR065,20,0.9824,0,0.0097,0,0.9967,0,0,True,LEADING-SIM-V0.1
S‑NOR065,21,0.992,0,0.0498,1,0.9972,0,0,True,LEADING-SIM-V0.1
S‑NOR065,22,0.985,0,0.0617,0,0.9986,0,0,True,LEADING-SIM-V0.1
S‑NOR065,23,0.9828,2,0.0008,0,0.9965,0,0,True,LEADING-SIM-V0.1
S‑NOR065,24,0.9732,0,0.0307,0,0.9984,0,0,True,LEADING-SIM-V0.1
S‑NOR065,25,0.9868,0,0.0025,0,0.996,0,0,True,LEADING-SIM-V0.1
S‑NOR065,26,0.9852,0,0.0056,0,0.9959,0,0,True,LEADING-SIM-V0.1
S‑NOR065,27,0.984,0,0.011,0,0.9994,0,0,True,LEADING-SIM-V0.1
S‑NOR065,28,0.9822,0,0.0611,0,0.9955,0,0,True,LEADING-SIM-V0.1
S‑NOR065,29,0.9789,0,0.0609,0,0.9976,0,0,True,LEADING-SIM-V0.1
S‑NOR065,30,0.9886,0,0.0562,0,0.997,0,0,True,LEADING-SIM-V0.1
S‑NOR065,31,0.9953,0,0.0839,0,0.9973,0,0,True,LEADING-SIM-V0.1
S‑NOR065,32,0.9832,0,0.0021,0,0.9966,1,0,True,LEADING-SIM-V0.1
S‑NOR065,33,0.9799,0,0.0079,1,0.9948,0,0,True,LEADING-SIM-V0.1
S‑NOR065,34,0.9969,0,0.0549,0,0.9964,0,0,True,LEADING-SIM-V0.1
S‑NOR065,35,0.9916,0,0.0723,1,0.9989,0,0,True,LEADING-SIM-V0.1
S‑NOR065,36,0.9935,0,0.0447,1,0.996,0,0,True,LEADING-SIM-V0.1
S‑NOR065,37,0.9986,0,0.0085,1,0.9995,0,0,True,LEADING-SIM-V0.1
S‑NOR065,38,0.9922,0,0.0013,0,0.9969,0,0,True,LEADING-SIM-V0.1
S‑NOR065,39,0.9879,0,0.0104,1,0.9973,0,0,True,LEADING-SIM-V0.1
S‑NOR065,40,0.9907,1,0.0541,1,0.9954,0,0,True,LEADING-SIM-V0.1
S‑NOR065,41,0.9848,0,0.0307,1,0.9973,0,0,True,LEADING-SIM-V0.1
S‑NOR065,42,0.9822,0,0.0048,2,0.9982,0,0,True,LEADING-SIM-V0.1
S‑NOR065,43,0.9882,0,0.0166,0,0.996,0,0,True,LEADING-SIM-V0.1
S‑NOR065,44,0.9869,0,0.0461,0,0.994,0,0,True,LEADING-SIM-V0.1
S‑NOR065,45,0.9828,0,0.0194,0,0.9973,0,0,True,LEADING-SIM-V0.1
S‑NOR065,46,0.9889,0,0.0062,0,0.9982,0,0,True,LEADING-SIM-V0.1
S‑NOR065,47,0.9908,0,0.0524,0,0.9959,0,0,True,LEADING-SIM-V0.1
S‑NOR065,48,0.9759,0,0.0049,0,0.9946,0,0,True,LEADING-SIM-V0.1
S‑NOR065,49,0.9899,0,0.0117,0,0.9954,0,0,True,LEADING-SIM-V0.1
S‑NOR065,50,0.9828,0,0.047,0,0.9966,0,0,True,LEADING-SIM-V0.1
S‑NOR065,51,0.9877,0,0.0228,0,0.9962,0,0,True,LEADING-SIM-V0.1
S‑NOR065,52,0.9753,0,0.0522,0,0.9977,0,0,True,LEADING-SIM-V0.1
S‑NOR066,1,0.9777,0,0.0774,2,0.9979,0,0,True,LEADING-SIM-V0.1
S‑NOR066,2,0.9806,0,0.1257,0,0.997,0,0,True,LEADING-SIM-V0.1
S‑NOR066,3,0.9835,2,0.0303,0,0.9975,0,0,True,LEADING-SIM-V0.1
S‑NOR066,4,0.9825,0,0.0086,1,0.9929,0,0,True,LEADING-SIM-V0.1
S‑NOR066,5,0.9816,0,0.0136,0,0.9964,0,0,True,LEADING-SIM-V0.1
S‑NOR066,6,0.9874,0,0.0681,1,0.9975,0,0,True,LEADING-SIM-V0.1
S‑NOR066,7,0.9834,0,0.0043,0,0.9983,0,0,True,LEADING-SIM-V0.1
S‑NOR066,8,0.9825,0,0.0121,0,0.9938,0,0,True,LEADING-SIM-V0.1
S‑NOR066,9,0.9949,0,0.0032,1,0.9993,0,0,True,LEADING-SIM-V0.1
S‑NOR066,10,0.9843,0,0.0153,0,0.9975,0,0,True,LEADING-SIM-V0.1
S‑NOR066,11,0.9875,0,0.1323,0,0.9964,0,0,True,LEADING-SIM-V0.1
S‑NOR066,12,0.9921,0,0.063,0,0.9982,0,0,True,LEADING-SIM-V0.1
S‑NOR066,13,0.9916,1,0.0513,0,0.997,0,0,True,LEADING-SIM-V0.1
S‑NOR066,14,0.9801,0,0.0261,0,0.9952,0,0,True,LEADING-SIM-V0.1
S‑NOR066,15,0.9855,0,0.0421,0,0.9949,0,0,True,LEADING-SIM-V0.1
S‑NOR066,16,0.9802,0,0.0132,0,0.9974,0,0,True,LEADING-SIM-V0.1
S‑NOR066,17,1.0,0,0.0261,0,0.9965,0,0,True,LEADING-SIM-V0.1
S‑NOR066,18,0.9865,0,0.0871,0,0.9962,0,0,True,LEADING-SIM-V0.1
S‑NOR066,19,0.9865,0,0.0071,2,0.9974,0,0,True,LEADING-SIM-V0.1
S‑NOR066,20,0.9876,0,0.0318,0,0.9985,0,0,True,LEADING-SIM-V0.1
S‑NOR066,21,0.9846,0,0.009,0,0.9977,0,0,True,LEADING-SIM-V0.1
S‑NOR066,22,0.9927,0,0.0348,0,0.9982,0,0,True,LEADING-SIM-V0.1
S‑NOR066,23,0.9801,0,0.0604,0,0.9976,0,0,True,LEADING-SIM-V0.1
S‑NOR066,24,0.987,0,0.1188,1,0.9969,0,0,True,LEADING-SIM-V0.1
S‑NOR066,25,0.9884,0,0.0104,1,0.9977,0,0,True,LEADING-SIM-V0.1
S‑NOR066,26,0.9869,0,0.037,0,0.996,0,0,True,LEADING-SIM-V0.1
S‑NOR066,27,0.987,0,0.0312,1,0.9968,0,0,True,LEADING-SIM-V0.1
S‑NOR066,28,0.9855,0,0.0352,0,0.9977,0,0,True,LEADING-SIM-V0.1
S‑NOR066,29,0.9924,0,0.026,0,0.9976,0,0,True,LEADING-SIM-V0.1
S‑NOR066,30,0.9831,0,0.0358,0,0.9962,0,0,True,LEADING-SIM-V0.1
S‑NOR066,31,0.9882,0,0.0277,0,0.994,0,0,True,LEADING-SIM-V0.1
S‑NOR066,32,0.9783,0,0.0074,0,0.998,0,0,True,LEADING-SIM-V0.1
S‑NOR066,33,0.9792,0,0.0136,1,0.9986,0,0,True,LEADING-SIM-V0.1
S‑NOR066,34,0.9929,0,0.0921,0,0.9964,0,0,True,LEADING-SIM-V0.1
S‑NOR066,35,0.9776,0,0.0045,1,0.998,0,0,True,LEADING-SIM-V0.1
S‑NOR066,36,0.9806,1,0.0357,0,0.9953,0,0,True,LEADING-SIM-V0.1
S‑NOR066,37,0.9834,0,0.1115,1,0.9933,0,0,True,LEADING-SIM-V0.1
S‑NOR066,38,0.9826,0,0.0212,0,0.997,0,0,True,LEADING-SIM-V0.1
S‑NOR066,39,0.9823,0,0.024,1,0.9961,0,0,True,LEADING-SIM-V0.1
S‑NOR066,40,0.9873,0,0.008,0,0.9968,0,0,True,LEADING-SIM-V0.1
S‑NOR066,41,0.9871,0,0.071,1,0.9982,0,0,True,LEADING-SIM-V0.1
S‑NOR066,42,0.9854,0,0.0403,0,0.9976,0,0,True,LEADING-SIM-V0.1
S‑NOR066,43,0.981,0,0.0106,0,0.9971,0,0,True,LEADING-SIM-V0.1
S‑NOR066,44,0.9841,0,0.0917,0,0.9978,0,0,True,LEADING-SIM-V0.1
S‑NOR066,45,0.9905,0,0.0114,1,0.996,0,0,True,LEADING-SIM-V0.1
S‑NOR066,46,0.9931,0,0.0091,0,0.9947,0,0,True,LEADING-SIM-V0.1
S‑NOR066,47,0.9776,0,0.0295,0,1.0,0,0,True,LEADING-SIM-V0.1
S‑NOR066,48,0.9814,0,0.0503,0,0.9973,0,0,True,LEADING-SIM-V0.1
S‑NOR066,49,0.9769,0,0.0082,0,0.995,0,0,True,LEADING-SIM-V0.1
S‑NOR066,50,0.9897,0,0.006,0,0.9997,0,0,True,LEADING-SIM-V0.1
S‑NOR066,51,0.9895,0,0.0475,2,0.9962,0,0,True,LEADING-SIM-V0.1
S‑NOR066,52,0.9788,0,0.064,0,0.9952,0,1,True,LEADING-SIM-V0.1
S‑NOR067,1,0.9876,0,0.0219,0,0.9988,0,0,True,LEADING-SIM-V0.1
S‑NOR067,2,0.9801,0,0.1087,0,1.0,0,0,True,LEADING-SIM-V0.1
S‑NOR067,3,0.9832,0,0.02,0,0.9979,0,0,True,LEADING-SIM-V0.1
S‑NOR067,4,0.9905,0,0.011,0,0.9975,0,0,True,LEADING-SIM-V0.1
S‑NOR067,5,0.9911,0,0.0106,0,0.9969,0,0,True,LEADING-SIM-V0.1
S‑NOR067,6,0.9799,0,0.0024,0,0.9968,0,0,True,LEADING-SIM-V0.1
S‑NOR067,7,0.9744,0,0.1363,1,0.9966,0,0,True,LEADING-SIM-V0.1
S‑NOR067,8,0.9873,0,0.0121,0,0.9972,0,0,True,LEADING-SIM-V0.1
S‑NOR067,9,0.9841,0,0.025,1,0.9974,0,0,True,LEADING-SIM-V0.1
S‑NOR067,10,0.9936,0,0.0288,0,0.9965,0,0,True,LEADING-SIM-V0.1
S‑NOR067,11,0.989,0,0.0385,0,0.9977,0,0,True,LEADING-SIM-V0.1
S‑NOR067,12,0.9881,0,0.0208,0,0.9961,0,0,True,LEADING-SIM-V0.1
S‑NOR067,13,0.9837,0,0.0287,1,0.9964,0,0,True,LEADING-SIM-V0.1
S‑NOR067,14,0.9808,0,0.0103,0,0.9959,0,0,True,LEADING-SIM-V0.1
S‑NOR067,15,0.982,0,0.025,1,0.9973,0,0,True,LEADING-SIM-V0.1
S‑NOR067,16,0.99,0,0.0223,0,0.997,0,0,True,LEADING-SIM-V0.1
S‑NOR067,17,0.99,0,0.0022,1,0.9956,0,0,True,LEADING-SIM-V0.1
S‑NOR067,18,0.9854,1,0.007,0,0.9972,1,0,True,LEADING-SIM-V0.1
S‑NOR067,19,0.9909,0,0.0589,1,0.9971,0,0,True,LEADING-SIM-V0.1
S‑NOR067,20,0.9868,0,0.0194,1,0.9941,0,0,True,LEADING-SIM-V0.1
S‑NOR067,21,0.988,1,0.0405,0,0.9948,0,0,True,LEADING-SIM-V0.1
S‑NOR067,22,0.9929,1,0.0499,0,0.9985,0,0,True,LEADING-SIM-V0.1
S‑NOR067,23,0.9873,0,0.0569,0,0.9973,0,0,True,LEADING-SIM-V0.1
S‑NOR067,24,0.9804,0,0.0097,0,0.9979,0,0,True,LEADING-SIM-V0.1
S‑NOR067,25,0.9908,0,0.0209,1,0.9974,0,0,True,LEADING-SIM-V0.1
S‑NOR067,26,0.9931,0,0.1082,0,0.9972,0,0,True,LEADING-SIM-V0.1
S‑NOR067,27,0.9918,0,0.0055,1,0.997,0,0,True,LEADING-SIM-V0.1
S‑NOR067,28,0.9961,1,0.0617,2,0.9969,0,0,True,LEADING-SIM-V0.1
S‑NOR067,29,0.9796,0,0.0183,0,0.9956,0,0,True,LEADING-SIM-V0.1
S‑NOR067,30,0.9725,0,0.0063,0,0.9974,0,1,True,LEADING-SIM-V0.1
S‑NOR067,31,0.9773,0,0.0345,0,0.999,0,0,True,LEADING-SIM-V0.1
S‑NOR067,32,0.9943,0,0.0042,0,0.9984,1,0,True,LEADING-SIM-V0.1
S‑NOR067,33,0.9852,0,0.0068,0,0.9958,0,0,True,LEADING-SIM-V0.1
S‑NOR067,34,0.9894,0,0.0502,0,0.9983,0,0,True,LEADING-SIM-V0.1
S‑NOR067,35,0.9853,0,0.0149,1,0.9949,0,0,True,LEADING-SIM-V0.1
S‑NOR067,36,0.9823,0,0.0043,0,0.9963,0,0,True,LEADING-SIM-V0.1
S‑NOR067,37,0.9897,0,0.0761,0,0.9942,0,0,True,LEADING-SIM-V0.1
S‑NOR067,38,0.9943,0,0.0495,1,0.9979,0,0,True,LEADING-SIM-V0.1
S‑NOR067,39,0.9917,0,0.0769,0,0.9944,0,0,True,LEADING-SIM-V0.1
S‑NOR067,40,0.9822,0,0.0492,0,0.9984,0,0,True,LEADING-SIM-V0.1
S‑NOR067,41,0.9873,0,0.0336,0,0.9952,0,0,True,LEADING-SIM-V0.1
S‑NOR067,42,0.9912,0,0.0158,0,0.9964,0,0,True,LEADING-SIM-V0.1
S‑NOR067,43,0.984,0,0.013,0,0.9961,0,0,True,LEADING-SIM-V0.1
S‑NOR067,44,0.9885,0,0.0011,0,0.9956,0,0,True,LEADING-SIM-V0.1
S‑NOR067,45,0.984,0,0.0324,0,0.9983,0,0,True,LEADING-SIM-V0.1
S‑NOR067,46,0.9893,0,0.0326,2,0.9967,0,0,True,LEADING-SIM-V0.1
S‑NOR067,47,0.993,1,0.0792,0,0.9966,0,0,True,LEADING-SIM-V0.1
S‑NOR067,48,0.9865,0,0.009,0,0.9958,0,0,True,LEADING-SIM-V0.1
S‑NOR067,49,0.9969,0,0.0688,0,0.9973,0,0,True,LEADING-SIM-V0.1
S‑NOR067,50,0.9902,1,0.0206,1,0.9987,0,0,True,LEADING-SIM-V0.1
S‑NOR067,51,0.981,0,0.0104,0,0.9944,0,0,True,LEADING-SIM-V0.1
S‑NOR067,52,0.9875,1,0.0462,0,0.9959,0,0,True,LEADING-SIM-V0.1
S‑NOR068,1,0.9707,0,0.0897,2,0.9974,0,0,True,LEADING-SIM-V0.1
S‑NOR068,2,0.9852,0,0.0434,0,0.9926,0,0,True,LEADING-SIM-V0.1
S‑NOR068,3,0.9859,0,0.0153,0,0.9982,0,0,True,LEADING-SIM-V0.1
S‑NOR068,4,0.9861,0,0.0006,0,0.9989,0,0,True,LEADING-SIM-V0.1
S‑NOR068,5,0.9739,0,0.0196,0,0.9982,0,0,True,LEADING-SIM-V0.1
S‑NOR068,6,0.9929,1,0.005,0,0.9994,0,0,True,LEADING-SIM-V0.1
S‑NOR068,7,0.9695,0,0.0609,0,0.9981,0,0,True,LEADING-SIM-V0.1
S‑NOR068,8,0.9756,0,0.001,0,0.9961,0,1,True,LEADING-SIM-V0.1
S‑NOR068,9,0.9834,0,0.0516,0,0.9969,0,0,True,LEADING-SIM-V0.1
S‑NOR068,10,0.9761,0,0.0355,0,0.9953,1,0,True,LEADING-SIM-V0.1
S‑NOR068,11,0.9818,0,0.0582,1,0.9952,0,0,True,LEADING-SIM-V0.1
S‑NOR068,12,0.9868,0,0.0969,0,0.9962,0,0,True,LEADING-SIM-V0.1
S‑NOR068,13,0.9862,0,0.0041,0,0.9958,0,0,True,LEADING-SIM-V0.1
S‑NOR068,14,0.9923,0,0.0572,0,0.9983,0,0,True,LEADING-SIM-V0.1
S‑NOR068,15,0.9955,0,0.0232,0,0.9967,0,0,True,LEADING-SIM-V0.1
S‑NOR068,16,0.9869,0,0.058,0,0.9969,0,0,True,LEADING-SIM-V0.1
S‑NOR068,17,0.9901,0,0.0181,1,0.9992,0,0,True,LEADING-SIM-V0.1
S‑NOR068,18,0.9889,0,0.0307,0,0.9965,0,0,True,LEADING-SIM-V0.1
S‑NOR068,19,0.9861,0,0.0536,1,0.9977,0,0,True,LEADING-SIM-V0.1
S‑NOR068,20,0.9872,0,0.038,0,0.9962,0,0,True,LEADING-SIM-V0.1
S‑NOR068,21,0.9907,0,0.0722,0,0.9963,0,0,True,LEADING-SIM-V0.1
S‑NOR068,22,0.9822,0,0.0802,0,1.0,0,0,True,LEADING-SIM-V0.1
S‑NOR068,23,0.9855,1,0.012,0,0.9993,0,0,True,LEADING-SIM-V0.1
S‑NOR068,24,0.9894,1,0.0242,0,0.9949,0,0,True,LEADING-SIM-V0.1
S‑NOR068,25,0.9944,0,0.0418,1,0.998,0,0,True,LEADING-SIM-V0.1
S‑NOR068,26,0.9724,0,0.0189,0,0.9984,0,0,True,LEADING-SIM-V0.1
S‑NOR068,27,0.9831,0,0.0106,1,0.996,0,0,True,LEADING-SIM-V0.1
S‑NOR068,28,0.9803,2,0.0115,0,0.9969,0,0,True,LEADING-SIM-V0.1
S‑NOR068,29,0.9847,0,0.0634,1,0.9973,0,0,True,LEADING-SIM-V0.1
S‑NOR068,30,0.9819,0,0.0089,1,0.994,0,0,True,LEADING-SIM-V0.1
S‑NOR068,31,0.9909,0,0.025,0,0.9967,0,0,True,LEADING-SIM-V0.1
S‑NOR068,32,0.9922,0,0.0015,1,0.9983,0,0,True,LEADING-SIM-V0.1
S‑NOR068,33,0.9893,1,0.0472,3,0.9958,0,0,True,LEADING-SIM-V0.1
S‑NOR068,34,0.9852,0,0.0331,0,0.9952,0,0,True,LEADING-SIM-V0.1
S‑NOR068,35,0.9818,0,0.117,1,0.9976,0,0,True,LEADING-SIM-V0.1
S‑NOR068,36,0.9816,0,0.0117,0,0.996,0,0,True,LEADING-SIM-V0.1
S‑NOR068,37,0.9973,0,0.0218,1,0.997,0,0,True,LEADING-SIM-V0.1
S‑NOR068,38,0.99,0,0.021,0,0.9973,0,0,True,LEADING-SIM-V0.1
S‑NOR068,39,0.9798,1,0.0404,1,0.9964,0,0,True,LEADING-SIM-V0.1
S‑NOR068,40,0.9885,0,0.0324,1,0.9988,0,0,True,LEADING-SIM-V0.1
S‑NOR068,41,0.9849,0,0.0195,1,0.9977,0,0,True,LEADING-SIM-V0.1
S‑NOR068,42,0.9921,1,0.0068,0,0.9982,0,0,True,LEADING-SIM-V0.1
S‑NOR068,43,0.9885,0,0.0861,1,0.9993,0,0,True,LEADING-SIM-V0.1
S‑NOR068,44,0.9833,0,0.0165,0,0.9922,0,0,True,LEADING-SIM-V0.1
S‑NOR068,45,0.9926,1,0.0223,0,1.0,0,0,True,LEADING-SIM-V0.1
S‑NOR068,46,0.9938,0,0.0147,1,0.9968,0,0,True,LEADING-SIM-V0.1
S‑NOR068,47,0.9866,1,0.0253,1,0.9963,0,0,True,LEADING-SIM-V0.1
S‑NOR068,48,0.9938,0,0.0361,2,0.9923,0,0,True,LEADING-SIM-V0.1
S‑NOR068,49,0.976,0,0.0256,0,0.998,0,0,True,LEADING-SIM-V0.1
S‑NOR068,50,0.9746,1,0.0817,0,0.995,0,0,True,LEADING-SIM-V0.1
S‑NOR068,51,0.9928,0,0.0234,0,0.9952,0,0,True,LEADING-SIM-V0.1
S‑NOR068,52,0.9923,0,0.0113,1,0.9969,0,0,True,LEADING-SIM-V0.1
S‑NOR069,1,0.987,0,0.0264,1,0.9986,0,0,True,LEADING-SIM-V0.1
S‑NOR069,2,0.9845,0,0.0975,1,0.9986,0,0,True,LEADING-SIM-V0.1
S‑NOR069,3,0.9841,0,0.0183,0,0.9956,0,0,True,LEADING-SIM-V0.1
S‑NOR069,4,0.9768,0,0.0336,1,0.9986,0,0,True,LEADING-SIM-V0.1
S‑NOR069,5,0.9766,0,0.0114,1,0.9965,0,0,True,LEADING-SIM-V0.1
S‑NOR069,6,0.9828,1,0.1109,0,0.9983,0,0,True,LEADING-SIM-V0.1
S‑NOR069,7,0.9857,0,0.0197,1,0.9982,0,0,True,LEADING-SIM-V0.1
S‑NOR069,8,0.9814,0,0.0057,0,0.9958,0,0,True,LEADING-SIM-V0.1
S‑NOR069,9,0.977,0,0.005,1,0.9955,0,0,True,LEADING-SIM-V0.1
S‑NOR069,10,0.9831,0,0.067,0,0.9983,0,0,True,LEADING-SIM-V0.1
S‑NOR069,11,0.9831,0,0.011,1,0.9955,0,0,True,LEADING-SIM-V0.1
S‑NOR069,12,0.9791,0,0.0157,0,0.9967,0,0,True,LEADING-SIM-V0.1
S‑NOR069,13,0.9833,0,0.0062,0,0.9982,0,0,True,LEADING-SIM-V0.1
S‑NOR069,14,0.9887,0,0.0733,0,0.999,0,0,True,LEADING-SIM-V0.1
S‑NOR069,15,0.9853,0,0.0222,0,0.9983,0,0,True,LEADING-SIM-V0.1
S‑NOR069,16,0.9833,0,0.0307,0,0.9962,0,0,True,LEADING-SIM-V0.1
S‑NOR069,17,0.9894,0,0.0586,1,0.9971,0,0,True,LEADING-SIM-V0.1
S‑NOR069,18,0.9736,0,0.0067,0,0.9982,0,0,True,LEADING-SIM-V0.1
S‑NOR069,19,0.9869,0,0.0093,0,0.9937,0,0,True,LEADING-SIM-V0.1
S‑NOR069,20,0.9878,1,0.0381,2,0.9979,0,0,True,LEADING-SIM-V0.1
S‑NOR069,21,0.9923,0,0.0296,0,0.9972,1,0,True,LEADING-SIM-V0.1
S‑NOR069,22,0.9863,0,0.0028,1,0.9996,0,0,True,LEADING-SIM-V0.1
S‑NOR069,23,0.9893,0,0.0073,0,0.9962,0,0,True,LEADING-SIM-V0.1
S‑NOR069,24,0.9695,1,0.0253,1,0.9966,0,0,True,LEADING-SIM-V0.1
S‑NOR069,25,0.9838,0,0.0253,1,0.9958,0,0,True,LEADING-SIM-V0.1
S‑NOR069,26,0.9978,0,0.0028,0,0.997,0,0,True,LEADING-SIM-V0.1
S‑NOR069,27,0.9859,0,0.0166,2,0.9983,0,0,True,LEADING-SIM-V0.1
S‑NOR069,28,0.9899,0,0.0172,1,0.9965,0,0,True,LEADING-SIM-V0.1
S‑NOR069,29,0.9959,1,0.0241,1,0.9951,0,0,True,LEADING-SIM-V0.1
S‑NOR069,30,0.9856,0,0.0034,0,0.9973,0,0,True,LEADING-SIM-V0.1
S‑NOR069,31,0.9789,1,0.0065,1,0.9966,0,0,True,LEADING-SIM-V0.1
S‑NOR069,32,0.9802,0,0.0122,0,0.9952,0,0,True,LEADING-SIM-V0.1
S‑NOR069,33,0.9777,0,0.0275,0,0.9939,0,0,True,LEADING-SIM-V0.1
S‑NOR069,34,0.9827,0,0.0028,0,0.9961,0,0,True,LEADING-SIM-V0.1
S‑NOR069,35,0.9764,0,0.06,1,0.9973,0,0,True,LEADING-SIM-V0.1
S‑NOR069,36,0.9899,1,0.0323,2,0.9971,0,0,True,LEADING-SIM-V0.1
S‑NOR069,37,0.9847,1,0.0541,0,0.9956,0,0,True,LEADING-SIM-V0.1
S‑NOR069,38,0.9669,0,0.0986,1,0.9965,0,1,True,LEADING-SIM-V0.1
S‑NOR069,39,0.9894,0,0.0013,1,0.9952,0,0,True,LEADING-SIM-V0.1
S‑NOR069,40,0.977,0,0.0279,0,0.9995,0,0,True,LEADING-SIM-V0.1
S‑NOR069,41,0.9866,0,0.0624,1,0.998,0,0,True,LEADING-SIM-V0.1
S‑NOR069,42,0.9797,1,0.0323,0,0.9977,0,0,True,LEADING-SIM-V0.1
S‑NOR069,43,0.9888,0,0.0466,1,0.9964,0,0,True,LEADING-SIM-V0.1
S‑NOR069,44,0.9888,0,0.0153,0,0.9929,0,0,True,LEADING-SIM-V0.1
S‑NOR069,45,0.9912,0,0.0183,3,0.9976,0,0,True,LEADING-SIM-V0.1
S‑NOR069,46,0.9835,0,0.0032,0,0.9978,0,0,True,LEADING-SIM-V0.1
S‑NOR069,47,0.9902,0,0.0265,0,0.9965,0,0,True,LEADING-SIM-V0.1
S‑NOR069,48,0.9866,0,0.0023,0,0.9965,0,0,True,LEADING-SIM-V0.1
S‑NOR069,49,0.9826,0,0.0187,0,0.9974,0,0,True,LEADING-SIM-V0.1
S‑NOR069,50,0.9873,0,0.0364,1,0.9962,0,0,True,LEADING-SIM-V0.1
S‑NOR069,51,0.9817,0,0.0199,1,0.9964,0,0,True,LEADING-SIM-V0.1
S‑NOR069,52,0.9953,0,0.0013,0,0.9977,0,0,True,LEADING-SIM-V0.1
S‑NOR070,1,0.9745,0,0.0201,0,0.9994,0,0,True,LEADING-SIM-V0.1
S‑NOR070,2,0.9847,0,0.024,0,0.9977,0,0,True,LEADING-SIM-V0.1
S‑NOR070,3,0.9847,0,0.0372,0,0.9952,0,0,True,LEADING-SIM-V0.1
S‑NOR070,4,0.9743,0,0.021,1,0.9966,0,0,True,LEADING-SIM-V0.1
S‑NOR070,5,0.9824,0,0.0296,0,0.998,0,0,True,LEADING-SIM-V0.1
S‑NOR070,6,0.9904,1,0.0101,1,0.9935,1,0,True,LEADING-SIM-V0.1
S‑NOR070,7,0.9854,0,0.0686,0,0.995,0,0,True,LEADING-SIM-V0.1
S‑NOR070,8,0.9892,0,0.0809,1,0.9982,0,0,True,LEADING-SIM-V0.1
S‑NOR070,9,0.9856,0,0.0523,1,0.9956,0,0,True,LEADING-SIM-V0.1
S‑NOR070,10,0.9744,0,0.0049,0,0.9954,0,0,True,LEADING-SIM-V0.1
S‑NOR070,11,0.9809,0,0.0834,0,0.9944,0,0,True,LEADING-SIM-V0.1
S‑NOR070,12,0.9924,0,0.0248,1,0.9954,0,0,True,LEADING-SIM-V0.1
S‑NOR070,13,0.9836,0,0.01,0,0.9957,0,0,True,LEADING-SIM-V0.1
S‑NOR070,14,0.9801,0,0.0233,0,0.9996,0,0,True,LEADING-SIM-V0.1
S‑NOR070,15,0.9831,0,0.0144,0,0.9964,0,0,True,LEADING-SIM-V0.1
S‑NOR070,16,0.9855,0,0.0134,0,0.9971,0,0,True,LEADING-SIM-V0.1
S‑NOR070,17,0.9755,0,0.0659,0,0.9958,0,0,True,LEADING-SIM-V0.1
S‑NOR070,18,0.9879,0,0.0475,0,0.9982,0,0,True,LEADING-SIM-V0.1
S‑NOR070,19,0.9803,0,0.0173,1,0.9963,0,0,True,LEADING-SIM-V0.1
S‑NOR070,20,0.985,1,0.0081,0,0.9943,0,0,True,LEADING-SIM-V0.1
S‑NOR070,21,0.9882,0,0.0417,0,0.9993,0,0,True,LEADING-SIM-V0.1
S‑NOR070,22,0.9867,0,0.0089,0,0.9961,0,0,True,LEADING-SIM-V0.1
S‑NOR070,23,1.0,0,0.0022,0,0.9971,0,0,True,LEADING-SIM-V0.1
S‑NOR070,24,0.9861,0,0.0334,0,0.9984,0,0,True,LEADING-SIM-V0.1
S‑NOR070,25,0.9756,0,0.01,0,0.9983,0,0,True,LEADING-SIM-V0.1
S‑NOR070,26,0.984,0,0.0195,0,0.9964,0,0,True,LEADING-SIM-V0.1
S‑NOR070,27,0.9994,0,0.0118,0,0.9941,0,0,True,LEADING-SIM-V0.1
S‑NOR070,28,0.9878,0,0.0253,0,0.9958,0,0,True,LEADING-SIM-V0.1
S‑NOR070,29,0.9868,1,0.0236,0,0.9959,0,0,True,LEADING-SIM-V0.1
S‑NOR070,30,0.9794,0,0.0049,0,0.9951,0,0,True,LEADING-SIM-V0.1
S‑NOR070,31,0.9826,1,0.0808,0,0.9964,0,0,True,LEADING-SIM-V0.1
S‑NOR070,32,0.9825,0,0.0153,0,0.9962,0,0,True,LEADING-SIM-V0.1
S‑NOR070,33,0.9889,0,0.0276,1,0.999,0,0,True,LEADING-SIM-V0.1
S‑NOR070,34,0.9905,0,0.0742,0,0.9943,0,0,True,LEADING-SIM-V0.1
S‑NOR070,35,0.9774,0,0.0144,0,0.9971,1,0,True,LEADING-SIM-V0.1
S‑NOR070,36,0.9784,0,0.0218,0,0.9973,0,0,True,LEADING-SIM-V0.1
S‑NOR070,37,0.9686,0,0.0167,1,0.9986,0,0,True,LEADING-SIM-V0.1
S‑NOR070,38,0.9888,0,0.0006,0,0.9996,0,0,True,LEADING-SIM-V0.1
S‑NOR070,39,0.9814,0,0.0187,0,0.9954,0,0,True,LEADING-SIM-V0.1
S‑NOR070,40,0.9957,0,0.0164,0,0.9975,0,0,True,LEADING-SIM-V0.1
S‑NOR070,41,0.9757,0,0.0111,0,0.9967,0,0,True,LEADING-SIM-V0.1
S‑NOR070,42,0.9851,0,0.0498,0,0.9985,0,0,True,LEADING-SIM-V0.1
S‑NOR070,43,0.9863,0,0.0166,0,0.9966,0,0,True,LEADING-SIM-V0.1
S‑NOR070,44,0.9952,0,0.0351,0,0.9974,0,0,True,LEADING-SIM-V0.1
S‑NOR070,45,0.983,0,0.0194,1,0.9966,0,0,True,LEADING-SIM-V0.1
S‑NOR070,46,0.9769,1,0.0133,0,0.9968,0,0,True,LEADING-SIM-V0.1
S‑NOR070,47,0.9811,0,0.0064,0,0.998,0,0,True,LEADING-SIM-V0.1
S‑NOR070,48,0.9918,1,0.0346,0,0.9965,0,0,True,LEADING-SIM-V0.1
S‑NOR070,49,0.9822,0,0.0311,0,0.9963,0,0,True,LEADING-SIM-V0.1
S‑NOR070,50,0.987,0,0.0292,3,0.9969,0,0,True,LEADING-SIM-V0.1
S‑NOR070,51,0.9817,1,0.025,0,0.9943,0,0,True,LEADING-SIM-V0.1
S‑NOR070,52,0.9842,0,0.0141,1,0.9979,0,0,True,LEADING-SIM-V0.1
S‑NOR071,1,0.9862,1,0.0456,1,0.9966,0,0,True,LEADING-SIM-V0.1
S‑NOR071,2,0.9699,0,0.0054,1,0.9992,0,0,True,LEADING-SIM-V0.1
S‑NOR071,3,0.9937,0,0.0224,0,0.999,0,0,True,LEADING-SIM-V0.1
S‑NOR071,4,0.9839,1,0.0693,0,0.9945,0,0,True,LEADING-SIM-V0.1
S‑NOR071,5,0.9888,0,0.0342,0,0.9974,0,0,True,LEADING-SIM-V0.1
S‑NOR071,6,0.9811,0,0.011,0,0.9975,0,0,True,LEADING-SIM-V0.1
S‑NOR071,7,0.988,1,0.0618,0,0.9974,1,0,True,LEADING-SIM-V0.1
S‑NOR071,8,0.9834,0,0.0173,0,0.9973,0,0,True,LEADING-SIM-V0.1
S‑NOR071,9,0.997,0,0.0406,0,0.9958,0,0,True,LEADING-SIM-V0.1
S‑NOR071,10,0.9847,0,0.0011,1,0.9995,0,0,True,LEADING-SIM-V0.1
S‑NOR071,11,0.9845,0,0.0012,0,0.9999,0,0,True,LEADING-SIM-V0.1
S‑NOR071,12,0.9837,0,0.0267,1,0.997,0,0,True,LEADING-SIM-V0.1
S‑NOR071,13,0.9904,1,0.0226,0,0.9964,0,0,True,LEADING-SIM-V0.1
S‑NOR071,14,0.9843,0,0.0135,0,0.9958,0,0,True,LEADING-SIM-V0.1
S‑NOR071,15,0.9911,1,0.0149,0,0.9979,0,0,True,LEADING-SIM-V0.1
S‑NOR071,16,0.994,0,0.0122,0,0.9975,0,0,True,LEADING-SIM-V0.1
S‑NOR071,17,0.9879,0,0.0645,0,0.9972,0,0,True,LEADING-SIM-V0.1
S‑NOR071,18,0.9824,0,0.0214,1,0.9964,0,0,True,LEADING-SIM-V0.1
S‑NOR071,19,0.9839,1,0.0069,0,0.9949,0,0,True,LEADING-SIM-V0.1
S‑NOR071,20,0.9827,0,0.0371,0,0.9964,0,0,True,LEADING-SIM-V0.1
S‑NOR071,21,0.9845,0,0.047,0,0.9971,0,0,True,LEADING-SIM-V0.1
S‑NOR071,22,0.9943,0,0.0082,0,0.9979,0,0,True,LEADING-SIM-V0.1
S‑NOR071,23,0.9734,0,0.15,0,0.9992,0,0,True,LEADING-SIM-V0.1
S‑NOR071,24,0.9808,0,0.0628,0,0.9962,0,0,True,LEADING-SIM-V0.1
S‑NOR071,25,0.9839,0,0.0435,1,0.9972,0,0,True,LEADING-SIM-V0.1
S‑NOR071,26,0.9831,0,0.0456,0,0.9947,0,0,True,LEADING-SIM-V0.1
S‑NOR071,27,0.9704,0,0.0246,0,0.9963,0,0,True,LEADING-SIM-V0.1
S‑NOR071,28,0.9824,0,0.0304,0,0.9969,0,0,True,LEADING-SIM-V0.1
S‑NOR071,29,0.9986,0,0.0196,2,0.9981,0,0,True,LEADING-SIM-V0.1
S‑NOR071,30,0.9844,0,0.0104,0,0.9981,0,0,True,LEADING-SIM-V0.1
S‑NOR071,31,0.9789,0,0.0762,0,1.0,1,0,True,LEADING-SIM-V0.1
S‑NOR071,32,0.9947,0,0.0378,1,0.9953,1,0,True,LEADING-SIM-V0.1
S‑NOR071,33,0.9884,0,0.0139,0,0.9994,0,0,True,LEADING-SIM-V0.1
S‑NOR071,34,0.9838,0,0.0456,0,0.9976,1,0,True,LEADING-SIM-V0.1
S‑NOR071,35,0.9868,0,0.0359,0,0.9982,0,0,True,LEADING-SIM-V0.1
S‑NOR071,36,0.9958,0,0.0099,0,0.9946,0,0,True,LEADING-SIM-V0.1
S‑NOR071,37,0.9869,0,0.0172,0,0.996,0,0,True,LEADING-SIM-V0.1
S‑NOR071,38,0.983,0,0.0165,0,0.9967,0,0,True,LEADING-SIM-V0.1
S‑NOR071,39,0.9881,0,0.013,0,0.9932,0,0,True,LEADING-SIM-V0.1
S‑NOR071,40,0.9741,0,0.0187,1,0.9973,0,0,True,LEADING-SIM-V0.1
S‑NOR071,41,0.9938,0,0.0116,0,0.9955,0,0,True,LEADING-SIM-V0.1
S‑NOR071,42,0.9713,0,0.0424,0,0.9963,0,0,True,LEADING-SIM-V0.1
S‑NOR071,43,0.9807,0,0.0475,0,0.9969,0,0,True,LEADING-SIM-V0.1
S‑NOR071,44,0.989,1,0.0063,1,0.9966,0,0,True,LEADING-SIM-V0.1
S‑NOR071,45,0.983,0,0.0142,0,0.9988,0,0,True,LEADING-SIM-V0.1
S‑NOR071,46,0.9965,0,0.0695,0,0.9988,0,0,True,LEADING-SIM-V0.1
S‑NOR071,47,0.9831,0,0.0146,0,0.9934,0,0,True,LEADING-SIM-V0.1
S‑NOR071,48,0.9785,0,0.0326,0,0.9992,0,0,True,LEADING-SIM-V0.1
S‑NOR071,49,0.9836,0,0.0032,0,0.9973,0,0,True,LEADING-SIM-V0.1
S‑NOR071,50,0.9835,0,0.0154,0,0.9955,0,0,True,LEADING-SIM-V0.1
S‑NOR071,51,0.9869,1,0.025,0,0.9956,0,0,True,LEADING-SIM-V0.1
S‑NOR071,52,0.9752,0,0.0164,2,1.0,0,0,True,LEADING-SIM-V0.1
S‑NOR072,1,0.9949,1,0.0357,0,1.0,0,0,True,LEADING-SIM-V0.1
S‑NOR072,2,0.9759,0,0.0347,1,0.9961,0,0,True,LEADING-SIM-V0.1
S‑NOR072,3,0.9808,0,0.005,2,0.9979,0,0,True,LEADING-SIM-V0.1
S‑NOR072,4,0.9781,0,0.0427,0,0.9968,0,0,True,LEADING-SIM-V0.1
S‑NOR072,5,0.9931,0,0.0252,0,0.9981,0,0,True,LEADING-SIM-V0.1
S‑NOR072,6,0.9811,1,0.0333,0,0.9963,0,0,True,LEADING-SIM-V0.1
S‑NOR072,7,0.9959,0,0.0108,0,0.9989,0,0,True,LEADING-SIM-V0.1
S‑NOR072,8,0.9853,0,0.0088,0,0.9954,0,0,True,LEADING-SIM-V0.1
S‑NOR072,9,0.9804,0,0.017,0,0.9951,0,0,True,LEADING-SIM-V0.1
S‑NOR072,10,0.9756,0,0.0048,0,0.9968,0,0,True,LEADING-SIM-V0.1
S‑NOR072,11,0.9982,0,0.0152,0,0.9968,0,0,True,LEADING-SIM-V0.1
S‑NOR072,12,0.9897,0,0.0629,2,0.9968,0,0,True,LEADING-SIM-V0.1
S‑NOR072,13,0.9833,1,0.0558,1,0.9959,0,0,True,LEADING-SIM-V0.1
S‑NOR072,14,0.9801,1,0.0433,1,0.9959,0,0,True,LEADING-SIM-V0.1
S‑NOR072,15,0.9887,0,0.001,0,0.9987,0,0,True,LEADING-SIM-V0.1
S‑NOR072,16,0.9812,0,0.0095,1,0.9988,0,0,True,LEADING-SIM-V0.1
S‑NOR072,17,0.9924,0,0.0033,0,0.9984,0,0,True,LEADING-SIM-V0.1
S‑NOR072,18,0.9867,0,0.008,1,0.9968,0,0,True,LEADING-SIM-V0.1
S‑NOR072,19,0.9903,0,0.034,1,0.9975,0,0,True,LEADING-SIM-V0.1
S‑NOR072,20,0.9847,0,0.0518,0,0.9971,0,0,True,LEADING-SIM-V0.1
S‑NOR072,21,0.9861,0,0.0726,2,0.996,0,0,True,LEADING-SIM-V0.1
S‑NOR072,22,0.9927,0,0.0741,0,0.9979,0,0,True,LEADING-SIM-V0.1
S‑NOR072,23,0.9798,0,0.0075,0,0.9949,0,0,True,LEADING-SIM-V0.1
S‑NOR072,24,0.9796,0,0.064,0,0.998,0,0,True,LEADING-SIM-V0.1
S‑NOR072,25,0.9914,0,0.0016,1,0.9968,0,0,True,LEADING-SIM-V0.1
S‑NOR072,26,0.985,0,0.0374,2,0.9963,0,0,True,LEADING-SIM-V0.1
S‑NOR072,27,0.9906,0,0.0357,0,0.9996,0,0,True,LEADING-SIM-V0.1
S‑NOR072,28,0.9855,0,0.0622,0,0.9982,0,0,True,LEADING-SIM-V0.1
S‑NOR072,29,0.9866,0,0.0276,2,0.9972,0,0,True,LEADING-SIM-V0.1
S‑NOR072,30,0.9862,1,0.0943,1,0.9962,0,0,True,LEADING-SIM-V0.1
S‑NOR072,31,0.9881,0,0.051,1,0.9992,0,0,True,LEADING-SIM-V0.1
S‑NOR072,32,0.9839,0,0.0574,0,0.9934,0,0,True,LEADING-SIM-V0.1
S‑NOR072,33,0.9812,0,0.0245,0,0.9976,0,0,True,LEADING-SIM-V0.1
S‑NOR072,34,0.9808,0,0.0162,0,0.9973,0,0,True,LEADING-SIM-V0.1
S‑NOR072,35,0.9782,0,0.0494,0,0.996,0,0,True,LEADING-SIM-V0.1
S‑NOR072,36,0.9881,0,0.0863,0,0.9992,0,0,True,LEADING-SIM-V0.1
S‑NOR072,37,0.9865,1,0.0435,0,0.9956,0,1,True,LEADING-SIM-V0.1
S‑NOR072,38,0.9833,0,0.0932,0,0.9966,0,0,True,LEADING-SIM-V0.1
S‑NOR072,39,0.9965,0,0.0524,0,0.9978,0,0,True,LEADING-SIM-V0.1
S‑NOR072,40,0.9845,0,0.0077,1,0.996,0,0,True,LEADING-SIM-V0.1
S‑NOR072,41,0.9756,0,0.0083,0,0.9951,0,0,True,LEADING-SIM-V0.1
S‑NOR072,42,0.9842,0,0.0282,0,0.9976,0,0,True,LEADING-SIM-V0.1
S‑NOR072,43,0.9744,0,0.0028,0,0.9972,0,0,True,LEADING-SIM-V0.1
S‑NOR072,44,0.9867,0,0.0582,0,0.9976,0,0,True,LEADING-SIM-V0.1
S‑NOR072,45,0.9912,0,0.0391,0,0.9998,0,0,True,LEADING-SIM-V0.1
S‑NOR072,46,0.9889,0,0.025,0,0.9957,0,0,True,LEADING-SIM-V0.1
S‑NOR072,47,0.9728,0,0.0291,1,0.9981,0,0,True,LEADING-SIM-V0.1
S‑NOR072,48,0.9844,0,0.0418,0,0.9961,0,0,True,LEADING-SIM-V0.1
S‑NOR072,49,0.9816,0,0.0045,0,0.9957,0,0,True,LEADING-SIM-V0.1
S‑NOR072,50,0.9864,0,0.0396,1,0.9979,0,0,True,LEADING-SIM-V0.1
S‑NOR072,51,0.9829,2,0.0156,0,0.9973,0,0,True,LEADING-SIM-V0.1
S‑NOR072,52,0.9912,0,0.0112,0,0.9967,0,0,True,LEADING-SIM-V0.1
S‑NOR073,1,0.9904,1,0.0943,1,0.9967,0,0,True,LEADING-SIM-V0.1
S‑NOR073,2,1.0,0,0.0406,0,0.9959,0,0,True,LEADING-SIM-V0.1
S‑NOR073,3,0.9904,0,0.0211,2,0.9959,0,0,True,LEADING-SIM-V0.1
S‑NOR073,4,0.997,0,0.0491,0,0.9963,0,0,True,LEADING-SIM-V0.1
S‑NOR073,5,0.9908,0,0.0002,0,0.9974,0,0,True,LEADING-SIM-V0.1
S‑NOR073,6,0.9837,0,0.0458,0,0.9995,0,0,True,LEADING-SIM-V0.1
S‑NOR073,7,0.9924,1,0.0479,0,0.9971,0,0,True,LEADING-SIM-V0.1
S‑NOR073,8,0.9796,1,0.0075,0,0.9965,0,0,True,LEADING-SIM-V0.1
S‑NOR073,9,0.9819,0,0.0303,1,1.0,0,0,True,LEADING-SIM-V0.1
S‑NOR073,10,0.9949,0,0.061,2,0.9982,0,0,True,LEADING-SIM-V0.1
S‑NOR073,11,0.9834,0,0.0501,1,0.9992,0,0,True,LEADING-SIM-V0.1
S‑NOR073,12,0.9881,0,0.0606,1,0.9968,0,0,True,LEADING-SIM-V0.1
S‑NOR073,13,0.9918,1,0.0022,0,0.9979,0,0,True,LEADING-SIM-V0.1
S‑NOR073,14,0.9901,1,0.0108,0,0.9978,0,0,True,LEADING-SIM-V0.1
S‑NOR073,15,0.9853,0,0.0271,0,0.9976,0,0,True,LEADING-SIM-V0.1
S‑NOR073,16,0.9863,0,0.0029,0,0.997,0,0,True,LEADING-SIM-V0.1
S‑NOR073,17,0.9986,0,0.0007,0,0.9951,0,0,True,LEADING-SIM-V0.1
S‑NOR073,18,0.9836,0,0.0513,0,0.9979,0,0,True,LEADING-SIM-V0.1
S‑NOR073,19,0.9895,0,0.0116,1,0.9943,0,0,True,LEADING-SIM-V0.1
S‑NOR073,20,0.9886,0,0.0396,0,0.9959,0,0,True,LEADING-SIM-V0.1
S‑NOR073,21,0.9788,0,0.1111,0,0.9961,0,0,True,LEADING-SIM-V0.1
S‑NOR073,22,0.986,1,0.0804,0,0.9988,1,0,True,LEADING-SIM-V0.1
S‑NOR073,23,0.9838,1,0.0078,1,0.9971,0,0,True,LEADING-SIM-V0.1
S‑NOR073,24,0.9878,0,0.0008,0,0.9983,0,0,True,LEADING-SIM-V0.1
S‑NOR073,25,0.9842,0,0.0157,0,0.9978,0,0,True,LEADING-SIM-V0.1
S‑NOR073,26,0.9903,1,0.0208,0,0.994,0,0,True,LEADING-SIM-V0.1
S‑NOR073,27,0.9803,0,0.0032,0,0.9992,0,0,True,LEADING-SIM-V0.1
S‑NOR073,28,0.9766,0,0.0021,1,0.9951,0,0,True,LEADING-SIM-V0.1
S‑NOR073,29,0.9865,0,0.0154,0,0.9993,0,0,True,LEADING-SIM-V0.1
S‑NOR073,30,0.9788,0,0.0879,0,0.9965,0,0,True,LEADING-SIM-V0.1
S‑NOR073,31,0.9858,0,0.0105,0,0.9974,0,0,True,LEADING-SIM-V0.1
S‑NOR073,32,0.9915,0,0.0145,0,0.9973,0,0,True,LEADING-SIM-V0.1
S‑NOR073,33,0.9885,0,0.0632,1,0.9969,0,0,True,LEADING-SIM-V0.1
S‑NOR073,34,0.984,0,0.0071,1,0.9973,0,0,True,LEADING-SIM-V0.1
S‑NOR073,35,0.9889,0,0.09,0,0.9978,0,0,True,LEADING-SIM-V0.1
S‑NOR073,36,0.99,1,0.0188,0,0.9996,0,0,True,LEADING-SIM-V0.1
S‑NOR073,37,0.9907,1,0.0406,0,0.9956,0,0,True,LEADING-SIM-V0.1
S‑NOR073,38,0.9768,1,0.0118,2,0.9971,0,0,True,LEADING-SIM-V0.1
S‑NOR073,39,0.9995,0,0.0237,0,0.9929,0,0,True,LEADING-SIM-V0.1
S‑NOR073,40,0.9832,0,0.024,0,0.996,0,0,True,LEADING-SIM-V0.1
S‑NOR073,41,0.9775,0,0.0436,0,0.9974,0,0,True,LEADING-SIM-V0.1
S‑NOR073,42,0.9861,0,0.0269,0,0.9949,0,0,True,LEADING-SIM-V0.1
S‑NOR073,43,0.9788,0,0.0018,1,0.9966,0,0,True,LEADING-SIM-V0.1
S‑NOR073,44,0.9836,0,0.12,0,0.9971,0,1,True,LEADING-SIM-V0.1
S‑NOR073,45,0.9812,0,0.0273,0,0.997,0,1,True,LEADING-SIM-V0.1
S‑NOR073,46,0.9825,0,0.0407,0,0.9967,0,0,True,LEADING-SIM-V0.1
S‑NOR073,47,0.9847,1,0.0403,1,0.9977,0,0,True,LEADING-SIM-V0.1
S‑NOR073,48,0.9867,1,0.0171,0,0.9963,0,0,True,LEADING-SIM-V0.1
S‑NOR073,49,0.9811,1,0.0072,0,0.9988,0,0,True,LEADING-SIM-V0.1
S‑NOR073,50,0.9821,0,0.0301,1,0.9979,0,0,True,LEADING-SIM-V0.1
S‑NOR073,51,0.9814,0,0.0406,0,0.9993,0,0,True,LEADING-SIM-V0.1
S‑NOR073,52,0.9862,1,0.0132,0,0.9993,0,0,True,LEADING-SIM-V0.1
S‑NOR074,1,0.9889,0,0.0003,1,0.9946,0,0,True,LEADING-SIM-V0.1
S‑NOR074,2,0.9825,0,0.0399,0,0.9952,0,0,True,LEADING-SIM-V0.1
S‑NOR074,3,0.9914,0,0.0014,0,0.9949,0,0,True,LEADING-SIM-V0.1
S‑NOR074,4,0.986,0,0.015,1,0.997,1,0,True,LEADING-SIM-V0.1
S‑NOR074,5,0.9794,0,0.0238,0,0.9988,0,0,True,LEADING-SIM-V0.1
S‑NOR074,6,0.9851,1,0.0077,1,0.9956,0,0,True,LEADING-SIM-V0.1
S‑NOR074,7,0.9765,0,0.0224,0,0.996,0,0,True,LEADING-SIM-V0.1
S‑NOR074,8,0.9902,0,0.0967,0,0.996,0,0,True,LEADING-SIM-V0.1
S‑NOR074,9,0.9907,0,0.0145,1,0.995,0,0,True,LEADING-SIM-V0.1
S‑NOR074,10,0.9923,0,0.0042,0,0.9951,0,0,True,LEADING-SIM-V0.1
S‑NOR074,11,0.976,0,0.0262,0,0.996,0,0,True,LEADING-SIM-V0.1
S‑NOR074,12,0.9835,1,0.0147,0,0.9969,0,0,True,LEADING-SIM-V0.1
S‑NOR074,13,0.9863,0,0.0202,0,0.998,0,0,True,LEADING-SIM-V0.1
S‑NOR074,14,0.9913,0,0.0182,0,0.9987,0,0,True,LEADING-SIM-V0.1
S‑NOR074,15,0.9827,0,0.0066,1,0.9949,0,0,True,LEADING-SIM-V0.1
S‑NOR074,16,0.983,0,0.0463,0,0.9967,0,0,True,LEADING-SIM-V0.1
S‑NOR074,17,0.9888,1,0.0532,1,0.9938,0,0,True,LEADING-SIM-V0.1
S‑NOR074,18,0.9918,1,0.0238,0,0.9985,0,0,True,LEADING-SIM-V0.1
S‑NOR074,19,0.9748,1,0.0212,0,0.9966,0,0,True,LEADING-SIM-V0.1
S‑NOR074,20,0.987,0,0.0021,0,0.9951,0,0,True,LEADING-SIM-V0.1
S‑NOR074,21,0.9798,0,0.0469,0,0.9991,0,0,True,LEADING-SIM-V0.1
S‑NOR074,22,0.9858,0,0.0303,1,0.9974,0,0,True,LEADING-SIM-V0.1
S‑NOR074,23,0.9734,0,0.0027,0,0.996,0,0,True,LEADING-SIM-V0.1
S‑NOR074,24,0.9929,0,0.0342,1,0.9953,0,0,True,LEADING-SIM-V0.1
S‑NOR074,25,0.9787,0,0.0153,0,0.9989,0,0,True,LEADING-SIM-V0.1
S‑NOR074,26,0.9761,0,0.062,1,0.9971,0,0,True,LEADING-SIM-V0.1
S‑NOR074,27,0.9792,0,0.0077,1,0.9998,0,0,True,LEADING-SIM-V0.1
S‑NOR074,28,0.9872,0,0.0144,0,0.9985,0,0,True,LEADING-SIM-V0.1
S‑NOR074,29,0.9704,0,0.0405,1,0.9946,0,0,True,LEADING-SIM-V0.1
S‑NOR074,30,0.9895,0,0.0256,2,0.9956,0,0,True,LEADING-SIM-V0.1
S‑NOR074,31,0.9833,1,0.0375,0,0.9962,0,0,True,LEADING-SIM-V0.1
S‑NOR074,32,0.986,0,0.0124,0,0.9972,0,0,True,LEADING-SIM-V0.1
S‑NOR074,33,0.9875,0,0.0198,0,0.9979,0,1,True,LEADING-SIM-V0.1
S‑NOR074,34,0.9841,0,0.0152,0,0.995,0,0,True,LEADING-SIM-V0.1
S‑NOR074,35,0.9868,0,0.0052,0,0.9973,0,0,True,LEADING-SIM-V0.1
S‑NOR074,36,0.9848,0,0.0285,0,0.9983,0,0,True,LEADING-SIM-V0.1
S‑NOR074,37,0.9808,0,0.0303,0,0.9966,0,0,True,LEADING-SIM-V0.1
S‑NOR074,38,0.9732,0,0.0248,1,0.9975,0,0,True,LEADING-SIM-V0.1
S‑NOR074,39,0.9912,0,0.0157,0,0.9958,0,0,True,LEADING-SIM-V0.1
S‑NOR074,40,0.9808,0,0.064,1,0.9943,0,0,True,LEADING-SIM-V0.1
S‑NOR074,41,0.9773,1,0.0556,0,0.9948,0,0,True,LEADING-SIM-V0.1
S‑NOR074,42,0.9839,1,0.0043,0,0.9996,0,0,True,LEADING-SIM-V0.1
S‑NOR074,43,0.9845,0,0.0301,0,0.9983,1,0,True,LEADING-SIM-V0.1
S‑NOR074,44,0.9828,0,0.035,0,0.9982,1,0,True,LEADING-SIM-V0.1
S‑NOR074,45,0.9863,0,0.0234,0,0.9961,0,0,True,LEADING-SIM-V0.1
S‑NOR074,46,0.9831,0,0.0762,0,0.9963,0,0,True,LEADING-SIM-V0.1
S‑NOR074,47,0.983,0,0.0269,0,0.9971,0,0,True,LEADING-SIM-V0.1
S‑NOR074,48,0.9759,0,0.0719,0,0.9946,0,0,True,LEADING-SIM-V0.1
S‑NOR074,49,0.9869,0,0.0516,0,0.9967,0,0,True,LEADING-SIM-V0.1
S‑NOR074,50,0.9883,0,0.0009,0,0.9964,0,0,True,LEADING-SIM-V0.1
S‑NOR074,51,0.9827,0,0.0529,0,0.9961,0,0,True,LEADING-SIM-V0.1
S‑NOR074,52,0.987,0,0.0093,0,0.9987,0,0,True,LEADING-SIM-V0.1
S‑NOR075,1,0.9934,1,0.0192,0,0.9979,0,0,True,LEADING-SIM-V0.1
S‑NOR075,2,0.9891,0,0.0103,1,0.9952,0,0,True,LEADING-SIM-V0.1
S‑NOR075,3,0.9857,0,0.0268,1,0.995,0,0,True,LEADING-SIM-V0.1
S‑NOR075,4,0.9811,0,0.0234,1,0.9959,0,0,True,LEADING-SIM-V0.1
S‑NOR075,5,0.9797,0,0.0082,0,0.9983,0,0,True,LEADING-SIM-V0.1
S‑NOR075,6,0.9894,0,0.0101,0,0.9963,0,0,True,LEADING-SIM-V0.1
S‑NOR075,7,0.9826,0,0.005,1,0.9986,0,0,True,LEADING-SIM-V0.1
S‑NOR075,8,0.9803,0,0.005,1,0.9983,0,0,True,LEADING-SIM-V0.1
S‑NOR075,9,0.9797,0,0.0091,1,0.9967,0,0,True,LEADING-SIM-V0.1
S‑NOR075,10,0.996,0,0.0112,0,0.9975,1,0,True,LEADING-SIM-V0.1
S‑NOR075,11,0.9892,0,0.0022,0,0.998,0,0,True,LEADING-SIM-V0.1
S‑NOR075,12,0.978,0,0.05,1,0.9981,0,0,True,LEADING-SIM-V0.1
S‑NOR075,13,0.9933,0,0.0006,0,0.9982,0,0,True,LEADING-SIM-V0.1
S‑NOR075,14,0.9833,0,0.0311,1,0.9967,0,0,True,LEADING-SIM-V0.1
S‑NOR075,15,0.9913,0,0.0684,0,0.9989,0,0,True,LEADING-SIM-V0.1
S‑NOR075,16,0.9784,0,0.0343,0,0.9972,0,0,True,LEADING-SIM-V0.1
S‑NOR075,17,0.9832,0,0.0893,0,0.9948,0,0,True,LEADING-SIM-V0.1
S‑NOR075,18,0.9952,1,0.0239,0,0.996,0,0,True,LEADING-SIM-V0.1
S‑NOR075,19,0.9819,0,0.0246,0,0.9952,0,0,True,LEADING-SIM-V0.1
S‑NOR075,20,0.9738,0,0.0494,0,0.9966,0,0,True,LEADING-SIM-V0.1
S‑NOR075,21,0.9761,0,0.0782,0,0.9963,0,0,True,LEADING-SIM-V0.1
S‑NOR075,22,0.9902,0,0.0147,0,0.9977,0,0,True,LEADING-SIM-V0.1
S‑NOR075,23,0.9811,1,0.0526,2,0.997,0,0,True,LEADING-SIM-V0.1
S‑NOR075,24,0.9844,0,0.0067,1,0.9968,0,0,True,LEADING-SIM-V0.1
S‑NOR075,25,0.9951,0,0.0149,0,0.9988,0,0,True,LEADING-SIM-V0.1
S‑NOR075,26,0.9859,1,0.0002,1,0.9972,0,0,True,LEADING-SIM-V0.1
S‑NOR075,27,0.9724,0,0.0049,1,0.9993,0,0,True,LEADING-SIM-V0.1
S‑NOR075,28,0.9882,0,0.0712,1,0.9956,1,0,True,LEADING-SIM-V0.1
S‑NOR075,29,0.9939,0,0.0041,1,0.9973,0,0,True,LEADING-SIM-V0.1
S‑NOR075,30,0.9836,1,0.0199,1,0.996,0,0,True,LEADING-SIM-V0.1
S‑NOR075,31,0.9832,0,0.0911,0,1.0,0,0,True,LEADING-SIM-V0.1
S‑NOR075,32,0.9905,0,0.0773,0,0.9972,0,0,True,LEADING-SIM-V0.1
S‑NOR075,33,0.9901,0,0.0619,0,0.9946,0,0,True,LEADING-SIM-V0.1
S‑NOR075,34,0.9853,0,0.0779,0,0.9974,0,0,True,LEADING-SIM-V0.1
S‑NOR075,35,0.9811,0,0.0446,1,0.9946,0,0,True,LEADING-SIM-V0.1
S‑NOR075,36,0.9813,0,0.0032,1,0.9988,0,0,True,LEADING-SIM-V0.1
S‑NOR075,37,0.9814,0,0.0232,1,0.9989,0,0,True,LEADING-SIM-V0.1
S‑NOR075,38,0.9918,0,0.0044,0,0.997,0,0,True,LEADING-SIM-V0.1
S‑NOR075,39,0.9816,0,0.0304,0,0.9968,0,0,True,LEADING-SIM-V0.1
S‑NOR075,40,0.9909,0,0.0115,0,0.9989,0,0,True,LEADING-SIM-V0.1
S‑NOR075,41,0.9831,0,0.0128,0,0.9963,0,0,True,LEADING-SIM-V0.1
S‑NOR075,42,0.9763,0,0.0148,0,0.9966,0,0,True,LEADING-SIM-V0.1
S‑NOR075,43,0.9872,0,0.0361,0,0.9946,0,0,True,LEADING-SIM-V0.1
S‑NOR075,44,0.9986,0,0.0005,0,0.9986,0,0,True,LEADING-SIM-V0.1
S‑NOR075,45,0.992,0,0.0088,1,0.9943,0,0,True,LEADING-SIM-V0.1
S‑NOR075,46,0.9902,0,0.0132,0,0.9965,0,0,True,LEADING-SIM-V0.1
S‑NOR075,47,0.9876,1,0.0293,0,0.9969,0,0,True,LEADING-SIM-V0.1
S‑NOR075,48,0.9835,0,0.0412,0,0.9941,0,0,True,LEADING-SIM-V0.1
S‑NOR075,49,0.9906,0,0.0188,0,1.0,0,0,True,LEADING-SIM-V0.1
S‑NOR075,50,0.9735,0,0.0667,0,0.9952,0,0,True,LEADING-SIM-V0.1
S‑NOR075,51,0.9917,0,0.0102,0,0.9981,0,0,True,LEADING-SIM-V0.1
S‑NOR075,52,0.9848,0,0.0116,0,0.9979,0,0,True,LEADING-SIM-V0.1
S‑NOR076,1,0.9842,0,0.0775,0,0.9977,1,0,True,LEADING-SIM-V0.1
S‑NOR076,2,0.9905,0,0.0605,0,0.9969,0,0,True,LEADING-SIM-V0.1
S‑NOR076,3,0.986,0,0.0102,0,0.9949,0,0,True,LEADING-SIM-V0.1
S‑NOR076,4,0.9941,0,0.0125,1,0.9951,0,1,True,LEADING-SIM-V0.1
S‑NOR076,5,0.9892,0,0.0085,0,0.9961,0,0,True,LEADING-SIM-V0.1
S‑NOR076,6,0.9655,0,0.0145,0,0.9982,0,0,True,LEADING-SIM-V0.1
S‑NOR076,7,0.97,0,0.0109,1,0.9965,0,0,True,LEADING-SIM-V0.1
S‑NOR076,8,0.9831,0,0.0034,0,0.9995,0,0,True,LEADING-SIM-V0.1
S‑NOR076,9,0.9804,0,0.0606,0,0.9963,0,0,True,LEADING-SIM-V0.1
S‑NOR076,10,0.974,0,0.0503,1,0.9963,0,0,True,LEADING-SIM-V0.1
S‑NOR076,11,0.9903,0,0.015,0,0.9973,0,0,True,LEADING-SIM-V0.1
S‑NOR076,12,0.9914,0,0.0065,0,0.998,0,0,True,LEADING-SIM-V0.1
S‑NOR076,13,0.9879,0,0.0019,0,0.9961,0,0,True,LEADING-SIM-V0.1
S‑NOR076,14,0.9862,0,0.0272,0,0.997,0,0,True,LEADING-SIM-V0.1
S‑NOR076,15,0.978,0,0.0681,0,0.9973,0,0,True,LEADING-SIM-V0.1
S‑NOR076,16,0.9898,0,0.0097,0,0.997,0,0,True,LEADING-SIM-V0.1
S‑NOR076,17,0.9923,0,0.0295,0,0.9995,0,0,True,LEADING-SIM-V0.1
S‑NOR076,18,0.9846,0,0.0213,3,0.9957,0,0,True,LEADING-SIM-V0.1
S‑NOR076,19,0.9919,1,0.0056,1,1.0,0,0,True,LEADING-SIM-V0.1
S‑NOR076,20,0.9805,0,0.0393,0,0.9995,0,0,True,LEADING-SIM-V0.1
S‑NOR076,21,0.9718,0,0.0765,0,0.9957,0,0,True,LEADING-SIM-V0.1
S‑NOR076,22,0.9875,1,0.0524,2,0.9962,0,0,True,LEADING-SIM-V0.1
S‑NOR076,23,0.9855,0,0.0068,1,0.9956,0,0,True,LEADING-SIM-V0.1
S‑NOR076,24,0.9793,0,0.0008,1,0.9966,0,0,True,LEADING-SIM-V0.1
S‑NOR076,25,0.9863,0,0.005,0,0.9968,0,0,True,LEADING-SIM-V0.1
S‑NOR076,26,0.9822,0,0.0109,0,0.9954,0,0,True,LEADING-SIM-V0.1
S‑NOR076,27,0.9962,0,0.066,0,0.9978,0,0,True,LEADING-SIM-V0.1
S‑NOR076,28,0.9923,0,0.025,0,0.9976,0,0,True,LEADING-SIM-V0.1
S‑NOR076,29,0.9812,0,0.118,0,0.9958,0,0,True,LEADING-SIM-V0.1
S‑NOR076,30,0.9901,0,0.0044,1,0.9974,0,0,True,LEADING-SIM-V0.1
S‑NOR076,31,0.9848,0,0.0291,0,0.9961,0,0,True,LEADING-SIM-V0.1
S‑NOR076,32,0.9919,0,0.0367,0,0.9998,0,0,True,LEADING-SIM-V0.1
S‑NOR076,33,0.9944,0,0.0273,0,0.9948,0,1,True,LEADING-SIM-V0.1
S‑NOR076,34,0.9796,0,0.0063,0,0.9938,0,0,True,LEADING-SIM-V0.1
S‑NOR076,35,0.9797,0,0.0084,0,0.9965,0,0,True,LEADING-SIM-V0.1
S‑NOR076,36,0.9933,0,0.0295,0,0.9977,0,0,True,LEADING-SIM-V0.1
S‑NOR076,37,0.9884,1,0.0335,1,0.9979,0,0,True,LEADING-SIM-V0.1
S‑NOR076,38,0.9966,0,0.0187,0,0.9963,0,0,True,LEADING-SIM-V0.1
S‑NOR076,39,0.9795,0,0.0593,0,0.9975,0,0,True,LEADING-SIM-V0.1
S‑NOR076,40,0.9903,0,0.003,0,0.9939,0,0,True,LEADING-SIM-V0.1
S‑NOR076,41,0.9794,0,0.0014,0,0.9968,0,0,True,LEADING-SIM-V0.1
S‑NOR076,42,0.9765,0,0.0092,0,0.997,0,0,True,LEADING-SIM-V0.1
S‑NOR076,43,0.9838,0,0.0123,1,0.9954,0,0,True,LEADING-SIM-V0.1
S‑NOR076,44,0.9884,0,0.0121,2,0.9974,0,0,True,LEADING-SIM-V0.1
S‑NOR076,45,0.9866,0,0.0051,0,1.0,0,0,True,LEADING-SIM-V0.1
S‑NOR076,46,0.988,0,0.114,0,0.9959,0,0,True,LEADING-SIM-V0.1
S‑NOR076,47,0.9838,0,0.0162,0,0.997,0,0,True,LEADING-SIM-V0.1
S‑NOR076,48,0.995,0,0.1242,1,0.9967,0,0,True,LEADING-SIM-V0.1
S‑NOR076,49,0.9836,0,0.0076,0,0.9995,0,0,True,LEADING-SIM-V0.1
S‑NOR076,50,0.987,0,0.0026,1,0.9998,0,0,True,LEADING-SIM-V0.1
S‑NOR076,51,0.9775,0,0.0659,0,0.9954,0,0,True,LEADING-SIM-V0.1
S‑NOR076,52,0.9947,0,0.0097,0,0.9974,0,0,True,LEADING-SIM-V0.1
S‑NOR077,1,0.9867,0,0.0078,1,0.9979,0,0,True,LEADING-SIM-V0.1
S‑NOR077,2,0.9779,0,0.0643,0,0.9982,0,0,True,LEADING-SIM-V0.1
S‑NOR077,3,0.9837,0,0.0517,0,0.9949,0,0,True,LEADING-SIM-V0.1
S‑NOR077,4,0.9877,0,0.0472,0,0.9926,0,0,True,LEADING-SIM-V0.1
S‑NOR077,5,0.9804,0,0.0135,0,0.9961,0,0,True,LEADING-SIM-V0.1
S‑NOR077,6,0.9901,0,0.0608,0,0.9982,0,0,True,LEADING-SIM-V0.1
S‑NOR077,7,0.9819,0,0.0174,0,0.9975,0,0,True,LEADING-SIM-V0.1
S‑NOR077,8,0.9963,0,0.0034,0,0.9937,0,0,True,LEADING-SIM-V0.1
S‑NOR077,9,0.9956,0,0.0289,0,0.9966,0,0,True,LEADING-SIM-V0.1
S‑NOR077,10,0.9869,0,0.0468,0,0.9952,0,1,True,LEADING-SIM-V0.1
S‑NOR077,11,0.9856,0,0.0039,0,0.997,0,0,True,LEADING-SIM-V0.1
S‑NOR077,12,0.9825,0,0.0381,0,0.998,1,0,True,LEADING-SIM-V0.1
S‑NOR077,13,0.9869,0,0.0124,1,0.9983,0,0,True,LEADING-SIM-V0.1
S‑NOR077,14,0.9909,0,0.011,2,0.996,0,0,True,LEADING-SIM-V0.1
S‑NOR077,15,0.9905,0,0.0465,1,0.9962,0,0,True,LEADING-SIM-V0.1
S‑NOR077,16,0.9806,0,0.0424,0,0.9975,0,0,True,LEADING-SIM-V0.1
S‑NOR077,17,0.986,1,0.0118,0,0.9983,0,0,True,LEADING-SIM-V0.1
S‑NOR077,18,0.989,0,0.0372,1,0.9979,0,0,True,LEADING-SIM-V0.1
S‑NOR077,19,0.9845,0,0.0164,1,0.9974,0,0,True,LEADING-SIM-V0.1
S‑NOR077,20,0.9739,0,0.0409,0,0.9982,0,0,True,LEADING-SIM-V0.1
S‑NOR077,21,0.9911,0,0.0094,0,0.9944,0,0,True,LEADING-SIM-V0.1
S‑NOR077,22,0.9786,0,0.0044,0,0.9976,0,0,True,LEADING-SIM-V0.1
S‑NOR077,23,0.9885,0,0.0348,1,0.9976,1,0,True,LEADING-SIM-V0.1
S‑NOR077,24,0.9826,0,0.0044,0,0.9965,0,0,True,LEADING-SIM-V0.1
S‑NOR077,25,0.9965,1,0.0112,0,0.9987,1,0,True,LEADING-SIM-V0.1
S‑NOR077,26,0.9855,0,0.0358,0,0.9952,0,0,True,LEADING-SIM-V0.1
S‑NOR077,27,0.9774,0,0.0149,0,0.9978,0,0,True,LEADING-SIM-V0.1
S‑NOR077,28,0.9791,0,0.0065,1,0.9966,0,0,True,LEADING-SIM-V0.1
S‑NOR077,29,0.9807,1,0.0237,1,0.9942,0,0,True,LEADING-SIM-V0.1
S‑NOR077,30,0.9846,0,0.0144,0,0.994,0,0,True,LEADING-SIM-V0.1
S‑NOR077,31,0.9795,0,0.0074,0,0.9974,0,0,True,LEADING-SIM-V0.1
S‑NOR077,32,0.9828,0,0.0322,1,0.9956,0,0,True,LEADING-SIM-V0.1
S‑NOR077,33,0.9862,1,0.0369,0,0.9956,0,0,True,LEADING-SIM-V0.1
S‑NOR077,34,0.984,0,0.0421,0,0.9969,0,0,True,LEADING-SIM-V0.1
S‑NOR077,35,0.9765,0,0.029,0,0.9967,0,0,True,LEADING-SIM-V0.1
S‑NOR077,36,0.9816,0,0.0088,0,0.9974,0,0,True,LEADING-SIM-V0.1
S‑NOR077,37,0.984,0,0.0087,1,0.9953,0,0,True,LEADING-SIM-V0.1
S‑NOR077,38,0.9961,1,0.1027,1,0.9972,0,0,True,LEADING-SIM-V0.1
S‑NOR077,39,0.9828,0,0.0358,0,0.9959,0,0,True,LEADING-SIM-V0.1
S‑NOR077,40,0.9852,0,0.0105,0,0.996,0,0,True,LEADING-SIM-V0.1
S‑NOR077,41,0.984,0,0.0424,0,0.9973,0,0,True,LEADING-SIM-V0.1
S‑NOR077,42,0.9913,0,0.0212,0,0.996,0,0,True,LEADING-SIM-V0.1
S‑NOR077,43,0.9805,1,0.09,0,0.9964,0,0,True,LEADING-SIM-V0.1
S‑NOR077,44,0.9876,0,0.0082,0,0.9975,0,0,True,LEADING-SIM-V0.1
S‑NOR077,45,0.9787,0,0.0202,0,0.9976,0,0,True,LEADING-SIM-V0.1
S‑NOR077,46,0.9854,0,0.0432,0,0.9968,0,0,True,LEADING-SIM-V0.1
S‑NOR077,47,0.9974,0,0.0138,1,0.9979,0,0,True,LEADING-SIM-V0.1
S‑NOR077,48,0.988,0,0.0239,1,0.9989,0,0,True,LEADING-SIM-V0.1
S‑NOR077,49,0.9883,0,0.0474,0,0.9964,0,0,True,LEADING-SIM-V0.1
S‑NOR077,50,0.9758,0,0.0149,0,0.9954,0,0,True,LEADING-SIM-V0.1
S‑NOR077,51,0.9786,0,0.088,0,0.9984,0,0,True,LEADING-SIM-V0.1
S‑NOR077,52,0.981,0,0.0359,0,0.9972,0,0,True,LEADING-SIM-V0.1
S‑NOR078,1,0.9821,0,0.0584,0,0.9967,0,0,True,LEADING-SIM-V0.1
S‑NOR078,2,0.9852,1,0.0125,1,0.9968,0,0,True,LEADING-SIM-V0.1
S‑NOR078,3,0.9886,0,0.0392,0,0.9965,0,0,True,LEADING-SIM-V0.1
S‑NOR078,4,0.9886,0,0.0096,1,0.998,0,0,True,LEADING-SIM-V0.1
S‑NOR078,5,0.9868,0,0.0336,0,0.9983,0,0,True,LEADING-SIM-V0.1
S‑NOR078,6,0.9807,1,0.0317,0,0.9956,0,0,True,LEADING-SIM-V0.1
S‑NOR078,7,0.9879,0,0.0391,1,0.9963,0,0,True,LEADING-SIM-V0.1
S‑NOR078,8,0.9973,0,0.0248,2,0.9975,0,0,True,LEADING-SIM-V0.1
S‑NOR078,9,0.993,0,0.0052,0,0.997,0,0,True,LEADING-SIM-V0.1
S‑NOR078,10,0.9849,0,0.0269,0,0.9955,0,0,True,LEADING-SIM-V0.1
S‑NOR078,11,0.9778,0,0.1269,1,0.9967,0,0,True,LEADING-SIM-V0.1
S‑NOR078,12,0.986,0,0.0166,2,0.9947,0,0,True,LEADING-SIM-V0.1
S‑NOR078,13,0.9778,0,0.0332,0,0.9984,0,0,True,LEADING-SIM-V0.1
S‑NOR078,14,0.9885,0,0.0282,0,0.9975,0,0,True,LEADING-SIM-V0.1
S‑NOR078,15,0.9869,0,0.0269,1,0.9951,0,0,True,LEADING-SIM-V0.1
S‑NOR078,16,0.9898,0,0.0226,0,0.996,0,0,True,LEADING-SIM-V0.1
S‑NOR078,17,0.9911,0,0.0221,0,0.9965,0,0,True,LEADING-SIM-V0.1
S‑NOR078,18,0.9732,2,0.0721,0,0.9979,0,0,True,LEADING-SIM-V0.1
S‑NOR078,19,0.9833,0,0.0114,0,0.9987,0,0,True,LEADING-SIM-V0.1
S‑NOR078,20,0.9802,0,0.0154,0,0.9952,0,0,True,LEADING-SIM-V0.1
S‑NOR078,21,0.9821,0,0.0431,0,0.9975,1,0,True,LEADING-SIM-V0.1
S‑NOR078,22,0.9916,0,0.0193,1,0.9948,0,0,True,LEADING-SIM-V0.1
S‑NOR078,23,0.9896,0,0.0712,0,0.9987,0,0,True,LEADING-SIM-V0.1
S‑NOR078,24,0.9887,0,0.0159,1,0.9961,0,0,True,LEADING-SIM-V0.1
S‑NOR078,25,0.9735,0,0.0234,0,0.9954,0,0,True,LEADING-SIM-V0.1
S‑NOR078,26,0.9782,0,0.0542,0,0.9941,0,0,True,LEADING-SIM-V0.1
S‑NOR078,27,0.9874,0,0.0127,0,0.9984,0,0,True,LEADING-SIM-V0.1
S‑NOR078,28,0.9847,0,0.0927,0,0.9975,0,0,True,LEADING-SIM-V0.1
S‑NOR078,29,0.9919,0,0.0055,0,0.9956,0,0,True,LEADING-SIM-V0.1
S‑NOR078,30,0.9744,1,0.0048,1,0.9933,1,0,True,LEADING-SIM-V0.1
S‑NOR078,31,0.9899,0,0.0397,0,0.997,0,0,True,LEADING-SIM-V0.1
S‑NOR078,32,0.9914,0,0.0066,1,0.9964,0,0,True,LEADING-SIM-V0.1
S‑NOR078,33,0.9908,0,0.0285,0,0.9982,0,0,True,LEADING-SIM-V0.1
S‑NOR078,34,0.9821,0,0.0264,2,1.0,0,0,True,LEADING-SIM-V0.1
S‑NOR078,35,0.9861,0,0.0247,0,0.9945,0,0,True,LEADING-SIM-V0.1
S‑NOR078,36,0.9897,0,0.0202,1,0.9968,0,0,True,LEADING-SIM-V0.1
S‑NOR078,37,0.9856,0,0.0269,0,0.9972,0,0,True,LEADING-SIM-V0.1
S‑NOR078,38,0.9957,0,0.0026,0,0.9975,0,0,True,LEADING-SIM-V0.1
S‑NOR078,39,0.9853,0,0.021,0,0.9986,0,0,True,LEADING-SIM-V0.1
S‑NOR078,40,1.0,0,0.0039,1,0.9957,0,0,True,LEADING-SIM-V0.1
S‑NOR078,41,0.9844,0,0.0207,0,0.9957,0,0,True,LEADING-SIM-V0.1
S‑NOR078,42,0.9828,0,0.0379,0,0.9969,1,0,True,LEADING-SIM-V0.1
S‑NOR078,43,0.9838,0,0.0194,0,0.9959,0,0,True,LEADING-SIM-V0.1
S‑NOR078,44,0.9915,1,0.003,1,0.997,0,0,True,LEADING-SIM-V0.1
S‑NOR078,45,0.9869,0,0.0183,0,0.9967,0,0,True,LEADING-SIM-V0.1
S‑NOR078,46,0.9803,0,0.0229,0,0.9944,0,0,True,LEADING-SIM-V0.1
S‑NOR078,47,0.9801,0,0.1236,1,0.9973,0,0,True,LEADING-SIM-V0.1
S‑NOR078,48,0.988,1,0.0019,0,0.9991,0,0,True,LEADING-SIM-V0.1
S‑NOR078,49,0.9892,1,0.0374,0,0.9971,0,0,True,LEADING-SIM-V0.1
S‑NOR078,50,0.9983,0,0.0144,1,0.9953,0,0,True,LEADING-SIM-V0.1
S‑NOR078,51,0.9808,0,0.0194,0,0.9952,0,0,True,LEADING-SIM-V0.1
S‑NOR078,52,0.9812,0,0.0058,0,0.9977,0,0,True,LEADING-SIM-V0.1
S‑NOR079,1,0.9841,0,0.0279,0,0.9973,0,0,True,LEADING-SIM-V0.1
S‑NOR079,2,0.9765,1,0.0157,2,0.9962,0,0,True,LEADING-SIM-V0.1
S‑NOR079,3,0.9937,0,0.0404,0,0.9979,0,0,True,LEADING-SIM-V0.1
S‑NOR079,4,0.9778,1,0.0258,0,0.9977,0,0,True,LEADING-SIM-V0.1
S‑NOR079,5,0.9883,0,0.0374,1,0.9969,0,0,True,LEADING-SIM-V0.1
S‑NOR079,6,0.987,1,0.089,0,0.9981,0,0,True,LEADING-SIM-V0.1
S‑NOR079,7,0.9865,0,0.0076,0,0.9992,0,0,True,LEADING-SIM-V0.1
S‑NOR079,8,0.9759,1,0.023,1,0.9988,0,0,True,LEADING-SIM-V0.1
S‑NOR079,9,0.9832,0,0.0076,1,0.9992,0,0,True,LEADING-SIM-V0.1
S‑NOR079,10,0.9806,0,0.0018,1,0.9952,0,0,True,LEADING-SIM-V0.1
S‑NOR079,11,0.987,0,0.0048,1,0.9959,0,0,True,LEADING-SIM-V0.1
S‑NOR079,12,0.9865,0,0.0191,0,0.9988,0,0,True,LEADING-SIM-V0.1
S‑NOR079,13,0.9788,0,0.0003,0,0.9977,0,0,True,LEADING-SIM-V0.1
S‑NOR079,14,0.9958,0,0.032,1,0.9958,0,0,True,LEADING-SIM-V0.1
S‑NOR079,15,0.9801,0,0.0444,1,0.9968,0,0,True,LEADING-SIM-V0.1
S‑NOR079,16,0.9721,0,0.0084,1,0.9963,0,0,True,LEADING-SIM-V0.1
S‑NOR079,17,0.9776,1,0.0004,0,0.9978,0,0,True,LEADING-SIM-V0.1
S‑NOR079,18,0.9775,0,0.0142,0,0.9966,0,0,True,LEADING-SIM-V0.1
S‑NOR079,19,0.9847,0,0.0201,0,0.9975,0,0,True,LEADING-SIM-V0.1
S‑NOR079,20,0.9883,0,0.0137,0,0.9963,0,0,True,LEADING-SIM-V0.1
S‑NOR079,21,0.9873,0,0.0272,1,0.9964,0,0,True,LEADING-SIM-V0.1
S‑NOR079,22,0.9812,1,0.0471,0,0.9977,0,0,True,LEADING-SIM-V0.1
S‑NOR079,23,0.9851,0,0.0159,0,0.9979,0,0,True,LEADING-SIM-V0.1
S‑NOR079,24,0.9856,0,0.041,0,0.9962,0,0,True,LEADING-SIM-V0.1
S‑NOR079,25,0.992,0,0.0427,0,0.9967,0,0,True,LEADING-SIM-V0.1
S‑NOR079,26,0.9851,0,0.0691,0,0.9989,0,0,True,LEADING-SIM-V0.1
S‑NOR079,27,0.99,1,0.0126,2,0.9962,0,0,True,LEADING-SIM-V0.1
S‑NOR079,28,0.9813,0,0.0494,0,0.9959,0,0,True,LEADING-SIM-V0.1
S‑NOR079,29,0.991,0,0.0235,1,0.9957,0,0,True,LEADING-SIM-V0.1
S‑NOR079,30,0.9963,0,0.0081,0,0.9974,1,0,True,LEADING-SIM-V0.1
S‑NOR079,31,0.9839,0,0.0258,0,0.9949,0,0,True,LEADING-SIM-V0.1
S‑NOR079,32,0.9808,0,0.0068,0,0.9975,0,0,True,LEADING-SIM-V0.1
S‑NOR079,33,0.9932,0,0.0267,0,0.9979,0,0,True,LEADING-SIM-V0.1
S‑NOR079,34,0.9721,0,0.0239,0,0.9951,0,0,True,LEADING-SIM-V0.1
S‑NOR079,35,0.9865,0,0.0085,0,0.9976,1,0,True,LEADING-SIM-V0.1
S‑NOR079,36,0.9813,0,0.0083,3,0.9965,0,0,True,LEADING-SIM-V0.1
S‑NOR079,37,0.9764,0,0.0221,0,0.9958,0,0,True,LEADING-SIM-V0.1
S‑NOR079,38,0.9869,1,0.0102,1,0.9977,0,0,True,LEADING-SIM-V0.1
S‑NOR079,39,0.9808,0,0.058,0,0.9979,0,0,True,LEADING-SIM-V0.1
S‑NOR079,40,0.9905,1,0.0102,0,0.9971,0,0,True,LEADING-SIM-V0.1
S‑NOR079,41,0.9801,0,0.0354,0,0.9983,0,0,True,LEADING-SIM-V0.1
S‑NOR079,42,0.9926,0,0.011,1,0.9972,0,0,True,LEADING-SIM-V0.1
S‑NOR079,43,0.9811,0,0.0831,1,0.9956,0,0,True,LEADING-SIM-V0.1
S‑NOR079,44,0.9979,0,0.0037,0,0.9969,0,0,True,LEADING-SIM-V0.1
S‑NOR079,45,0.986,0,0.0204,1,0.9992,0,0,True,LEADING-SIM-V0.1
S‑NOR079,46,0.9873,0,0.0184,0,0.9961,0,0,True,LEADING-SIM-V0.1
S‑NOR079,47,0.9764,0,0.0203,0,0.9947,0,0,True,LEADING-SIM-V0.1
S‑NOR079,48,0.9779,0,0.0074,0,0.9963,0,0,True,LEADING-SIM-V0.1
S‑NOR079,49,0.983,0,0.0344,0,0.9956,0,0,True,LEADING-SIM-V0.1
S‑NOR079,50,0.9845,0,0.0177,0,0.9985,0,0,True,LEADING-SIM-V0.1
S‑NOR079,51,0.9969,0,0.0012,0,0.994,0,0,True,LEADING-SIM-V0.1
S‑NOR079,52,0.9774,0,0.0384,1,0.9982,1,0,True,LEADING-SIM-V0.1
S‑NOR080,1,0.9837,1,0.0271,1,0.9958,0,0,True,LEADING-SIM-V0.1
S‑NOR080,2,0.9808,0,0.0224,0,0.998,0,0,True,LEADING-SIM-V0.1
S‑NOR080,3,0.9914,1,0.1249,0,0.9946,0,0,True,LEADING-SIM-V0.1
S‑NOR080,4,0.9819,1,0.0117,0,0.9975,0,0,True,LEADING-SIM-V0.1
S‑NOR080,5,0.987,2,0.0166,1,0.9964,0,0,True,LEADING-SIM-V0.1
S‑NOR080,6,0.9889,0,0.0423,2,0.995,0,0,True,LEADING-SIM-V0.1
S‑NOR080,7,0.987,0,0.0054,2,0.9949,0,0,True,LEADING-SIM-V0.1
S‑NOR080,8,0.9905,0,0.021,0,0.9953,0,0,True,LEADING-SIM-V0.1
S‑NOR080,9,0.9778,0,0.0415,2,0.9985,0,0,True,LEADING-SIM-V0.1
S‑NOR080,10,0.9812,0,0.0228,0,0.9968,0,0,True,LEADING-SIM-V0.1
S‑NOR080,11,0.986,0,0.0088,2,0.9984,0,0,True,LEADING-SIM-V0.1
S‑NOR080,12,0.9864,0,0.0434,0,0.9959,0,0,True,LEADING-SIM-V0.1
S‑NOR080,13,0.9762,0,0.1302,0,0.9971,0,0,True,LEADING-SIM-V0.1
S‑NOR080,14,0.9723,0,0.0185,1,0.9954,0,0,True,LEADING-SIM-V0.1
S‑NOR080,15,0.9858,0,0.0107,0,0.9959,0,0,True,LEADING-SIM-V0.1
S‑NOR080,16,0.9807,0,0.0284,0,0.9978,0,0,True,LEADING-SIM-V0.1
S‑NOR080,17,0.9843,2,0.0046,0,0.9972,0,0,True,LEADING-SIM-V0.1
S‑NOR080,18,0.9884,0,0.0123,0,0.9982,0,0,True,LEADING-SIM-V0.1
S‑NOR080,19,0.978,0,0.0292,0,0.9989,0,0,True,LEADING-SIM-V0.1
S‑NOR080,20,0.9916,0,0.065,0,1.0,0,0,True,LEADING-SIM-V0.1
S‑NOR080,21,0.9862,0,0.0725,0,0.9975,0,0,True,LEADING-SIM-V0.1
S‑NOR080,22,0.9735,0,0.0506,0,0.9979,0,0,True,LEADING-SIM-V0.1
S‑NOR080,23,0.9832,0,0.0351,0,0.9978,0,0,True,LEADING-SIM-V0.1
S‑NOR080,24,0.9793,0,0.0254,0,0.9971,0,0,True,LEADING-SIM-V0.1
S‑NOR080,25,0.9855,0,0.0309,0,0.9989,0,0,True,LEADING-SIM-V0.1
S‑NOR080,26,0.9858,0,0.0361,0,0.9945,0,0,True,LEADING-SIM-V0.1
S‑NOR080,27,0.9856,0,0.0237,1,1.0,0,0,True,LEADING-SIM-V0.1
S‑NOR080,28,0.9902,0,0.0197,1,0.9991,0,0,True,LEADING-SIM-V0.1
S‑NOR080,29,0.9878,0,0.0181,0,0.9966,0,0,True,LEADING-SIM-V0.1
S‑NOR080,30,0.9857,0,0.0958,0,0.9986,0,0,True,LEADING-SIM-V0.1
S‑NOR080,31,0.9877,0,0.0097,0,0.9984,0,0,True,LEADING-SIM-V0.1
S‑NOR080,32,0.9775,0,0.0602,0,0.9953,0,0,True,LEADING-SIM-V0.1
S‑NOR080,33,0.9935,0,0.02,0,0.9965,0,0,True,LEADING-SIM-V0.1
S‑NOR080,34,0.9816,0,0.0109,0,0.9979,0,0,True,LEADING-SIM-V0.1
S‑NOR080,35,0.9945,0,0.0604,1,0.9955,0,0,True,LEADING-SIM-V0.1
S‑NOR080,36,0.9841,0,0.0138,1,0.9951,0,0,True,LEADING-SIM-V0.1
S‑NOR080,37,0.9768,0,0.025,0,0.996,0,0,True,LEADING-SIM-V0.1
S‑NOR080,38,0.9922,0,0.0405,0,0.9994,0,0,True,LEADING-SIM-V0.1
S‑NOR080,39,0.9724,0,0.0056,0,0.9986,0,0,True,LEADING-SIM-V0.1
S‑NOR080,40,0.9859,0,0.0278,0,0.9974,0,0,True,LEADING-SIM-V0.1
S‑NOR080,41,0.9809,0,0.0683,2,0.996,0,0,True,LEADING-SIM-V0.1
S‑NOR080,42,0.985,1,0.051,0,0.9959,0,0,True,LEADING-SIM-V0.1
S‑NOR080,43,0.9798,0,0.039,0,0.9982,0,0,True,LEADING-SIM-V0.1
S‑NOR080,44,0.9884,0,0.0273,0,0.9967,0,0,True,LEADING-SIM-V0.1
S‑NOR080,45,0.9859,1,0.0066,0,0.9987,0,0,True,LEADING-SIM-V0.1
S‑NOR080,46,0.9783,0,0.0183,1,0.9969,0,0,True,LEADING-SIM-V0.1
S‑NOR080,47,0.9831,0,0.0216,0,0.9974,0,0,True,LEADING-SIM-V0.1
S‑NOR080,48,0.9902,1,0.0038,0,0.9967,0,0,True,LEADING-SIM-V0.1
S‑NOR080,49,0.9788,0,0.0351,1,0.9984,0,0,True,LEADING-SIM-V0.1
S‑NOR080,50,0.9791,0,0.0216,0,0.9982,0,0,True,LEADING-SIM-V0.1
S‑NOR080,51,0.9922,2,0.1091,0,0.9967,0,0,True,LEADING-SIM-V0.1
S‑NOR080,52,0.9835,1,0.0293,2,0.9961,0,0,True,LEADING-SIM-V0.1
S‑NOR081,1,0.9819,0,0.0119,1,1.0,0,0,True,LEADING-SIM-V0.1
S‑NOR081,2,0.9871,0,0.0142,1,0.9987,0,0,True,LEADING-SIM-V0.1
S‑NOR081,3,0.9869,0,0.0537,0,0.9975,0,0,True,LEADING-SIM-V0.1
S‑NOR081,4,0.9939,0,0.0134,2,0.9992,0,0,True,LEADING-SIM-V0.1
S‑NOR081,5,0.9971,0,0.0137,0,0.9975,1,0,True,LEADING-SIM-V0.1
S‑NOR081,6,0.9843,0,0.0528,0,0.9975,0,0,True,LEADING-SIM-V0.1
S‑NOR081,7,0.985,0,0.0264,0,0.9949,0,0,True,LEADING-SIM-V0.1
S‑NOR081,8,0.9983,0,0.0005,0,0.9969,0,0,True,LEADING-SIM-V0.1
S‑NOR081,9,0.9825,0,0.0749,1,0.9957,0,0,True,LEADING-SIM-V0.1
S‑NOR081,10,0.9812,0,0.0304,0,0.9958,0,0,True,LEADING-SIM-V0.1
S‑NOR081,11,0.993,0,0.0462,0,0.9997,0,0,True,LEADING-SIM-V0.1
S‑NOR081,12,0.9969,0,0.0327,1,0.9951,0,0,True,LEADING-SIM-V0.1
S‑NOR081,13,0.9944,0,0.0564,0,0.9985,0,0,True,LEADING-SIM-V0.1
S‑NOR081,14,0.9889,0,0.0782,0,0.9967,1,0,True,LEADING-SIM-V0.1
S‑NOR081,15,0.9862,0,0.009,0,0.9968,0,0,True,LEADING-SIM-V0.1
S‑NOR081,16,0.9714,0,0.0435,0,0.9979,0,0,True,LEADING-SIM-V0.1
S‑NOR081,17,0.9897,0,0.0449,0,0.9974,0,0,True,LEADING-SIM-V0.1
S‑NOR081,18,0.9894,0,0.1004,0,0.9959,0,0,True,LEADING-SIM-V0.1
S‑NOR081,19,0.9854,0,0.0045,3,0.9969,0,0,True,LEADING-SIM-V0.1
S‑NOR081,20,0.9885,0,0.0116,0,0.9988,0,0,True,LEADING-SIM-V0.1
S‑NOR081,21,0.9777,0,0.0271,1,0.9972,0,0,True,LEADING-SIM-V0.1
S‑NOR081,22,0.9869,0,0.0584,0,0.9983,0,0,True,LEADING-SIM-V0.1
S‑NOR081,23,0.9904,0,0.15,1,0.9976,0,0,True,LEADING-SIM-V0.1
S‑NOR081,24,0.9863,0,0.0657,1,0.9977,0,0,True,LEADING-SIM-V0.1
S‑NOR081,25,0.9892,0,0.0474,0,0.9974,0,0,True,LEADING-SIM-V0.1
S‑NOR081,26,0.9789,0,0.007,0,0.9958,0,0,True,LEADING-SIM-V0.1
S‑NOR081,27,0.9782,0,0.0259,0,0.9969,0,0,True,LEADING-SIM-V0.1
S‑NOR081,28,0.9813,0,0.0462,1,0.9954,0,0,True,LEADING-SIM-V0.1
S‑NOR081,29,0.9861,0,0.0202,0,0.9989,0,0,True,LEADING-SIM-V0.1
S‑NOR081,30,0.9911,0,0.0358,1,0.9976,0,0,True,LEADING-SIM-V0.1
S‑NOR081,31,0.982,0,0.021,0,0.9956,0,0,True,LEADING-SIM-V0.1
S‑NOR081,32,0.9917,0,0.0109,0,0.9987,0,0,True,LEADING-SIM-V0.1
S‑NOR081,33,0.9759,0,0.0152,0,0.9985,0,0,True,LEADING-SIM-V0.1
S‑NOR081,34,0.9823,0,0.0426,0,0.9938,0,0,True,LEADING-SIM-V0.1
S‑NOR081,35,0.9789,0,0.0735,0,0.9964,0,0,True,LEADING-SIM-V0.1
S‑NOR081,36,0.984,0,0.0219,0,0.9966,1,0,True,LEADING-SIM-V0.1
S‑NOR081,37,0.9932,0,0.1215,1,0.9967,0,0,True,LEADING-SIM-V0.1
S‑NOR081,38,0.9853,1,0.0287,0,0.997,0,0,True,LEADING-SIM-V0.1
S‑NOR081,39,0.9956,0,0.0073,0,0.9949,0,0,True,LEADING-SIM-V0.1
S‑NOR081,40,0.9776,1,0.0168,1,0.9957,0,0,True,LEADING-SIM-V0.1
S‑NOR081,41,0.9856,0,0.027,0,0.9932,0,0,True,LEADING-SIM-V0.1
S‑NOR081,42,0.9783,0,0.0406,1,0.9975,0,0,True,LEADING-SIM-V0.1
S‑NOR081,43,0.9748,0,0.0032,0,0.9938,0,0,True,LEADING-SIM-V0.1
S‑NOR081,44,0.9879,0,0.044,1,0.9957,0,0,True,LEADING-SIM-V0.1
S‑NOR081,45,0.9868,0,0.1136,1,0.9975,0,0,True,LEADING-SIM-V0.1
S‑NOR081,46,0.9981,0,0.0169,0,0.9956,0,0,True,LEADING-SIM-V0.1
S‑NOR081,47,0.9761,0,0.0461,0,0.9982,0,0,True,LEADING-SIM-V0.1
S‑NOR081,48,0.9781,0,0.0227,0,0.9931,0,0,True,LEADING-SIM-V0.1
S‑NOR081,49,0.9764,0,0.0516,1,0.9963,0,0,True,LEADING-SIM-V0.1
S‑NOR081,50,0.9914,0,0.0081,0,0.9962,0,0,True,LEADING-SIM-V0.1
S‑NOR081,51,0.9851,1,0.0253,0,0.9987,0,0,True,LEADING-SIM-V0.1
S‑NOR081,52,0.9825,0,0.0089,0,0.9975,0,0,True,LEADING-SIM-V0.1
S‑NOR082,1,0.9824,0,0.0244,0,0.9994,0,0,True,LEADING-SIM-V0.1
S‑NOR082,2,0.9935,0,0.0067,0,0.9988,0,0,True,LEADING-SIM-V0.1
S‑NOR082,3,0.9836,0,0.0113,0,0.9938,0,0,True,LEADING-SIM-V0.1
S‑NOR082,4,0.9867,0,0.1266,0,0.9995,0,0,True,LEADING-SIM-V0.1
S‑NOR082,5,0.9882,0,0.038,0,0.9964,0,0,True,LEADING-SIM-V0.1
S‑NOR082,6,0.9814,0,0.0473,0,0.9944,0,0,True,LEADING-SIM-V0.1
S‑NOR082,7,0.9807,0,0.0295,1,0.9993,0,0,True,LEADING-SIM-V0.1
S‑NOR082,8,0.9913,0,0.035,0,0.9959,0,0,True,LEADING-SIM-V0.1
S‑NOR082,9,0.9803,2,0.0802,0,0.9954,0,0,True,LEADING-SIM-V0.1
S‑NOR082,10,0.999,0,0.0013,0,0.9977,0,0,True,LEADING-SIM-V0.1
S‑NOR082,11,0.9977,1,0.0297,0,0.996,0,0,True,LEADING-SIM-V0.1
S‑NOR082,12,0.9977,1,0.0576,1,0.9989,0,0,True,LEADING-SIM-V0.1
S‑NOR082,13,0.9861,0,0.0284,1,0.9987,0,0,True,LEADING-SIM-V0.1
S‑NOR082,14,0.9862,1,0.1312,1,0.9952,0,0,True,LEADING-SIM-V0.1
S‑NOR082,15,0.9755,0,0.0343,0,0.9951,0,0,True,LEADING-SIM-V0.1
S‑NOR082,16,0.9862,0,0.0012,0,0.9961,0,0,True,LEADING-SIM-V0.1
S‑NOR082,17,0.9935,0,0.0012,0,0.9958,0,0,True,LEADING-SIM-V0.1
S‑NOR082,18,0.987,0,0.0181,0,0.9956,0,0,True,LEADING-SIM-V0.1
S‑NOR082,19,0.9949,0,0.0664,0,0.9968,0,0,True,LEADING-SIM-V0.1
S‑NOR082,20,0.9823,0,0.0457,1,0.9964,0,0,True,LEADING-SIM-V0.1
S‑NOR082,21,0.9914,0,0.012,0,0.9979,0,0,True,LEADING-SIM-V0.1
S‑NOR082,22,0.9912,0,0.0398,0,0.9981,0,0,True,LEADING-SIM-V0.1
S‑NOR082,23,0.9867,0,0.0086,0,0.9977,0,0,True,LEADING-SIM-V0.1
S‑NOR082,24,0.9772,0,0.0232,0,0.9961,0,0,True,LEADING-SIM-V0.1
S‑NOR082,25,0.9868,1,0.0525,0,0.9964,0,0,True,LEADING-SIM-V0.1
S‑NOR082,26,0.9885,0,0.0348,0,0.9952,0,0,True,LEADING-SIM-V0.1
S‑NOR082,27,0.9807,0,0.104,0,0.9956,0,0,True,LEADING-SIM-V0.1
S‑NOR082,28,0.9783,0,0.0455,0,0.9989,0,0,True,LEADING-SIM-V0.1
S‑NOR082,29,0.9847,1,0.0108,0,0.9946,0,0,True,LEADING-SIM-V0.1
S‑NOR082,30,0.9967,1,0.0035,0,0.9969,0,0,True,LEADING-SIM-V0.1
S‑NOR082,31,0.9897,1,0.0011,0,0.9966,0,0,True,LEADING-SIM-V0.1
S‑NOR082,32,0.9803,0,0.0763,0,0.9935,0,0,True,LEADING-SIM-V0.1
S‑NOR082,33,0.9895,0,0.0717,0,0.9964,0,0,True,LEADING-SIM-V0.1
S‑NOR082,34,0.9855,0,0.0125,0,0.997,0,0,True,LEADING-SIM-V0.1
S‑NOR082,35,0.983,0,0.0454,2,0.9967,0,0,True,LEADING-SIM-V0.1
S‑NOR082,36,0.9829,0,0.0031,0,0.9975,0,0,True,LEADING-SIM-V0.1
S‑NOR082,37,0.988,0,0.0123,0,0.9983,0,0,True,LEADING-SIM-V0.1
S‑NOR082,38,0.9807,0,0.0215,0,0.9977,0,0,True,LEADING-SIM-V0.1
S‑NOR082,39,0.9871,0,0.013,0,0.9977,0,0,True,LEADING-SIM-V0.1
S‑NOR082,40,0.9904,0,0.0068,0,0.9964,0,0,True,LEADING-SIM-V0.1
S‑NOR082,41,0.9842,0,0.0508,1,0.9999,0,0,True,LEADING-SIM-V0.1
S‑NOR082,42,0.9875,0,0.0381,1,0.9964,0,0,True,LEADING-SIM-V0.1
S‑NOR082,43,0.9868,0,0.1033,1,0.9956,0,1,True,LEADING-SIM-V0.1
S‑NOR082,44,0.9803,1,0.0687,0,0.9963,0,0,True,LEADING-SIM-V0.1
S‑NOR082,45,0.9867,0,0.0391,0,0.9952,0,0,True,LEADING-SIM-V0.1
S‑NOR082,46,0.9854,0,0.001,0,0.9963,0,0,True,LEADING-SIM-V0.1
S‑NOR082,47,0.9936,0,0.0359,1,0.9986,0,0,True,LEADING-SIM-V0.1
S‑NOR082,48,0.9837,0,0.0292,0,0.9987,0,0,True,LEADING-SIM-V0.1
S‑NOR082,49,0.9888,0,0.0351,1,0.9971,0,0,True,LEADING-SIM-V0.1
S‑NOR082,50,0.9834,0,0.0166,0,0.9971,0,0,True,LEADING-SIM-V0.1
S‑NOR082,51,0.9865,1,0.0392,0,0.9979,0,0,True,LEADING-SIM-V0.1
S‑NOR082,52,0.9908,0,0.0195,0,0.9986,0,0,True,LEADING-SIM-V0.1
S‑NOR083,1,0.9775,0,0.0042,3,0.9963,0,0,True,LEADING-SIM-V0.1
S‑NOR083,2,0.9797,0,0.0063,1,0.996,0,0,True,LEADING-SIM-V0.1
S‑NOR083,3,0.9894,0,0.0306,0,0.9988,0,0,True,LEADING-SIM-V0.1
S‑NOR083,4,0.982,0,0.0244,1,0.9949,1,0,True,LEADING-SIM-V0.1
S‑NOR083,5,0.9882,0,0.057,0,0.9964,0,1,True,LEADING-SIM-V0.1
S‑NOR083,6,0.9769,0,0.0002,0,0.9962,0,0,True,LEADING-SIM-V0.1
S‑NOR083,7,0.9798,0,0.026,0,0.9959,0,0,True,LEADING-SIM-V0.1
S‑NOR083,8,0.981,0,0.0434,0,0.9977,0,0,True,LEADING-SIM-V0.1
S‑NOR083,9,0.985,0,0.0134,1,0.9966,0,0,True,LEADING-SIM-V0.1
S‑NOR083,10,0.9888,0,0.0261,0,0.9985,0,0,True,LEADING-SIM-V0.1
S‑NOR083,11,0.9758,0,0.0674,2,0.994,0,0,True,LEADING-SIM-V0.1
S‑NOR083,12,0.9825,0,0.0448,0,0.9985,0,0,True,LEADING-SIM-V0.1
S‑NOR083,13,0.9849,1,0.0289,0,0.9968,0,0,True,LEADING-SIM-V0.1
S‑NOR083,14,0.9863,0,0.0541,0,0.9973,0,0,True,LEADING-SIM-V0.1
S‑NOR083,15,0.9758,0,0.0034,0,0.9962,0,0,True,LEADING-SIM-V0.1
S‑NOR083,16,0.9757,0,0.0352,0,0.9965,0,0,True,LEADING-SIM-V0.1
S‑NOR083,17,0.9724,0,0.0236,1,0.9968,0,0,True,LEADING-SIM-V0.1
S‑NOR083,18,0.9821,0,0.0146,0,0.9976,0,0,True,LEADING-SIM-V0.1
S‑NOR083,19,0.9815,0,0.099,0,0.9938,0,0,True,LEADING-SIM-V0.1
S‑NOR083,20,0.9868,0,0.0536,0,0.9953,0,0,True,LEADING-SIM-V0.1
S‑NOR083,21,0.9869,0,0.0072,0,0.998,0,0,True,LEADING-SIM-V0.1
S‑NOR083,22,0.9858,0,0.0139,1,0.9973,0,1,True,LEADING-SIM-V0.1
S‑NOR083,23,0.9911,1,0.0268,1,0.997,0,0,True,LEADING-SIM-V0.1
S‑NOR083,24,0.9859,0,0.0298,0,0.9974,0,0,True,LEADING-SIM-V0.1
S‑NOR083,25,0.9836,0,0.0358,0,0.9978,0,0,True,LEADING-SIM-V0.1
S‑NOR083,26,0.9929,1,0.0151,1,0.9981,0,0,True,LEADING-SIM-V0.1
S‑NOR083,27,0.9858,0,0.0091,0,0.9974,0,0,True,LEADING-SIM-V0.1
S‑NOR083,28,0.9964,1,0.0467,1,0.9967,0,0,True,LEADING-SIM-V0.1
S‑NOR083,29,0.9837,0,0.0121,1,0.9989,0,0,True,LEADING-SIM-V0.1
S‑NOR083,30,0.9915,1,0.0004,2,0.9968,0,0,True,LEADING-SIM-V0.1
S‑NOR083,31,0.9899,0,0.0495,0,0.9966,0,0,True,LEADING-SIM-V0.1
S‑NOR083,32,0.9814,0,0.0248,0,0.9956,0,0,True,LEADING-SIM-V0.1
S‑NOR083,33,0.9923,1,0.012,0,0.9937,0,0,True,LEADING-SIM-V0.1
S‑NOR083,34,0.978,0,0.0057,0,0.997,0,0,True,LEADING-SIM-V0.1
S‑NOR083,35,0.9885,0,0.0036,1,0.9951,0,0,True,LEADING-SIM-V0.1
S‑NOR083,36,0.9872,0,0.0501,0,0.9964,0,0,True,LEADING-SIM-V0.1
S‑NOR083,37,0.9802,1,0.0398,0,0.9985,0,0,True,LEADING-SIM-V0.1
S‑NOR083,38,0.98,0,0.0353,1,0.9954,0,0,True,LEADING-SIM-V0.1
S‑NOR083,39,0.9811,0,0.0834,0,0.996,0,0,True,LEADING-SIM-V0.1
S‑NOR083,40,0.9784,0,0.0133,0,0.998,0,0,True,LEADING-SIM-V0.1
S‑NOR083,41,0.9802,0,0.0131,0,0.9964,0,0,True,LEADING-SIM-V0.1
S‑NOR083,42,0.9926,1,0.0016,0,0.9962,0,0,True,LEADING-SIM-V0.1
S‑NOR083,43,0.9843,0,0.0148,0,0.9949,0,0,True,LEADING-SIM-V0.1
S‑NOR083,44,0.9901,0,0.001,0,0.9956,0,0,True,LEADING-SIM-V0.1
S‑NOR083,45,0.9848,1,0.0435,0,0.9959,0,0,True,LEADING-SIM-V0.1
S‑NOR083,46,0.988,0,0.0424,1,1.0,0,0,True,LEADING-SIM-V0.1
S‑NOR083,47,0.9839,0,0.0179,1,0.9942,0,0,True,LEADING-SIM-V0.1
S‑NOR083,48,0.9812,2,0.0027,0,0.9977,0,0,True,LEADING-SIM-V0.1
S‑NOR083,49,0.9908,1,0.0377,0,0.995,0,0,True,LEADING-SIM-V0.1
S‑NOR083,50,0.9795,0,0.045,0,0.9976,0,0,True,LEADING-SIM-V0.1
S‑NOR083,51,0.9817,0,0.0706,0,0.9956,0,0,True,LEADING-SIM-V0.1
S‑NOR083,52,0.9831,0,0.0683,0,0.9992,0,0,True,LEADING-SIM-V0.1
S‑NOR084,1,0.9842,0,0.0355,0,0.9958,0,0,True,LEADING-SIM-V0.1
S‑NOR084,2,0.9848,0,0.0101,0,0.9969,0,0,True,LEADING-SIM-V0.1
S‑NOR084,3,0.9857,0,0.016,0,0.9968,0,0,True,LEADING-SIM-V0.1
S‑NOR084,4,0.9898,0,0.0208,1,0.9955,0,0,True,LEADING-SIM-V0.1
S‑NOR084,5,0.9798,0,0.0007,3,0.9958,0,0,True,LEADING-SIM-V0.1
S‑NOR084,6,0.9861,1,0.1067,0,0.9978,0,0,True,LEADING-SIM-V0.1
S‑NOR084,7,0.9907,0,0.0294,0,0.9958,1,0,True,LEADING-SIM-V0.1
S‑NOR084,8,0.9852,0,0.0368,0,0.9976,0,0,True,LEADING-SIM-V0.1
S‑NOR084,9,0.9803,0,0.0365,1,0.9979,0,0,True,LEADING-SIM-V0.1
S‑NOR084,10,0.9909,0,0.0165,0,0.9936,0,0,True,LEADING-SIM-V0.1
S‑NOR084,11,0.9934,0,0.0519,0,0.9977,0,0,True,LEADING-SIM-V0.1
S‑NOR084,12,0.9844,0,0.0257,1,0.9938,0,0,True,LEADING-SIM-V0.1
S‑NOR084,13,0.9782,0,0.0064,0,0.9986,0,0,True,LEADING-SIM-V0.1
S‑NOR084,14,0.9809,0,0.0085,1,0.9929,0,0,True,LEADING-SIM-V0.1
S‑NOR084,15,0.9794,1,0.0002,0,0.9971,0,0,True,LEADING-SIM-V0.1
S‑NOR084,16,0.9799,0,0.011,0,0.9946,1,0,True,LEADING-SIM-V0.1
S‑NOR084,17,0.9868,1,0.057,0,0.997,0,1,True,LEADING-SIM-V0.1
S‑NOR084,18,0.9889,1,0.0494,0,0.9969,0,0,True,LEADING-SIM-V0.1
S‑NOR084,19,0.9828,0,0.0213,0,0.9972,0,0,True,LEADING-SIM-V0.1
S‑NOR084,20,0.9883,1,0.0082,0,0.9939,0,0,True,LEADING-SIM-V0.1
S‑NOR084,21,0.991,1,0.0039,1,0.9991,0,0,True,LEADING-SIM-V0.1
S‑NOR084,22,0.9905,0,0.0374,0,0.9986,0,0,True,LEADING-SIM-V0.1
S‑NOR084,23,0.985,1,0.0234,0,0.998,0,0,True,LEADING-SIM-V0.1
S‑NOR084,24,0.9901,0,0.0198,0,0.9966,0,0,True,LEADING-SIM-V0.1
S‑NOR084,25,0.9854,1,0.0041,0,0.9972,0,0,True,LEADING-SIM-V0.1
S‑NOR084,26,0.9822,0,0.0814,2,0.9976,0,0,True,LEADING-SIM-V0.1
S‑NOR084,27,0.9789,0,0.0236,1,0.9979,0,0,True,LEADING-SIM-V0.1
S‑NOR084,28,0.9701,0,0.0152,0,0.9967,0,0,True,LEADING-SIM-V0.1
S‑NOR084,29,0.9727,1,0.0709,1,0.9977,0,0,True,LEADING-SIM-V0.1
S‑NOR084,30,0.9915,0,0.022,0,0.9964,0,0,True,LEADING-SIM-V0.1
S‑NOR084,31,0.9796,0,0.001,0,0.995,0,0,True,LEADING-SIM-V0.1
S‑NOR084,32,0.9902,0,0.0783,0,0.9955,0,0,True,LEADING-SIM-V0.1
S‑NOR084,33,0.9819,0,0.1095,0,0.9942,0,0,True,LEADING-SIM-V0.1
S‑NOR084,34,0.9817,0,0.0078,0,0.9976,0,0,True,LEADING-SIM-V0.1
S‑NOR084,35,0.979,0,0.0096,1,0.998,0,0,True,LEADING-SIM-V0.1
S‑NOR084,36,0.9943,0,0.0452,0,0.998,0,0,True,LEADING-SIM-V0.1
S‑NOR084,37,0.9832,0,0.0171,1,0.997,0,0,True,LEADING-SIM-V0.1
S‑NOR084,38,0.9743,0,0.0109,1,1.0,0,0,True,LEADING-SIM-V0.1
S‑NOR084,39,0.978,0,0.0023,0,0.9969,0,0,True,LEADING-SIM-V0.1
S‑NOR084,40,0.9926,0,0.0829,0,0.9966,0,0,True,LEADING-SIM-V0.1
S‑NOR084,41,0.9797,0,0.0446,1,0.9985,0,0,True,LEADING-SIM-V0.1
S‑NOR084,42,0.9903,1,0.0184,1,0.9972,0,0,True,LEADING-SIM-V0.1
S‑NOR084,43,0.9802,0,0.0998,0,0.9974,0,0,True,LEADING-SIM-V0.1
S‑NOR084,44,0.9728,0,0.0619,0,0.9953,0,0,True,LEADING-SIM-V0.1
S‑NOR084,45,0.986,0,0.013,0,0.9972,1,0,True,LEADING-SIM-V0.1
S‑NOR084,46,0.9869,0,0.0339,0,0.9962,0,0,True,LEADING-SIM-V0.1
S‑NOR084,47,0.9892,0,0.0181,0,0.9985,0,0,True,LEADING-SIM-V0.1
S‑NOR084,48,0.9858,0,0.0168,0,0.9941,0,0,True,LEADING-SIM-V0.1
S‑NOR084,49,0.9829,0,0.0566,0,0.9968,0,0,True,LEADING-SIM-V0.1
S‑NOR084,50,0.9835,0,0.0105,0,0.9956,0,0,True,LEADING-SIM-V0.1
S‑NOR084,51,0.9886,0,0.0687,0,0.9965,1,0,True,LEADING-SIM-V0.1
S‑NOR084,52,0.9825,0,0.0347,1,0.9958,0,0,True,LEADING-SIM-V0.1
S‑NOR085,1,0.9778,0,0.005,0,0.9979,0,0,True,LEADING-SIM-V0.1
S‑NOR085,2,0.9784,0,0.0382,0,0.9994,0,0,True,LEADING-SIM-V0.1
S‑NOR085,3,0.9969,0,0.035,1,0.9962,0,0,True,LEADING-SIM-V0.1
S‑NOR085,4,0.982,0,0.0458,0,0.9978,0,0,True,LEADING-SIM-V0.1
S‑NOR085,5,0.9904,1,0.0241,2,0.9954,0,0,True,LEADING-SIM-V0.1
S‑NOR085,6,0.9831,0,0.0189,1,0.9974,0,0,True,LEADING-SIM-V0.1
S‑NOR085,7,0.9633,0,0.0544,0,0.9945,0,0,True,LEADING-SIM-V0.1
S‑NOR085,8,0.9766,0,0.0141,0,0.9994,0,0,True,LEADING-SIM-V0.1
S‑NOR085,9,0.981,0,0.0321,1,0.9967,0,0,True,LEADING-SIM-V0.1
S‑NOR085,10,0.9873,0,0.1329,0,0.9969,0,0,True,LEADING-SIM-V0.1
S‑NOR085,11,0.9815,0,0.051,0,0.9968,0,0,True,LEADING-SIM-V0.1
S‑NOR085,12,0.985,1,0.0378,0,0.9933,0,0,True,LEADING-SIM-V0.1
S‑NOR085,13,0.9877,0,0.0042,0,0.9994,0,0,True,LEADING-SIM-V0.1
S‑NOR085,14,0.9824,0,0.0567,1,0.9984,0,0,True,LEADING-SIM-V0.1
S‑NOR085,15,0.9927,0,0.0298,0,0.9952,0,0,True,LEADING-SIM-V0.1
S‑NOR085,16,0.9889,0,0.0027,0,0.9986,0,0,True,LEADING-SIM-V0.1
S‑NOR085,17,0.9866,0,0.0209,0,0.9951,0,0,True,LEADING-SIM-V0.1
S‑NOR085,18,0.9831,0,0.0077,0,0.9963,0,0,True,LEADING-SIM-V0.1
S‑NOR085,19,0.9867,0,0.0177,0,0.9987,0,0,True,LEADING-SIM-V0.1
S‑NOR085,20,0.9858,0,0.0007,0,0.9963,0,0,True,LEADING-SIM-V0.1
S‑NOR085,21,0.986,1,0.0086,2,0.995,0,0,True,LEADING-SIM-V0.1
S‑NOR085,22,0.9915,0,0.0259,0,0.9941,0,0,True,LEADING-SIM-V0.1
S‑NOR085,23,0.9868,0,0.018,1,0.9964,0,0,True,LEADING-SIM-V0.1
S‑NOR085,24,0.9828,0,0.0442,0,0.9968,0,0,True,LEADING-SIM-V0.1
S‑NOR085,25,0.9869,0,0.0306,0,0.9947,0,0,True,LEADING-SIM-V0.1
S‑NOR085,26,0.9846,0,0.026,0,0.9997,1,0,True,LEADING-SIM-V0.1
S‑NOR085,27,0.9806,0,0.1043,0,0.9971,0,0,True,LEADING-SIM-V0.1
S‑NOR085,28,0.9752,0,0.0441,0,0.9934,0,0,True,LEADING-SIM-V0.1
S‑NOR085,29,0.9783,0,0.069,0,0.9969,0,0,True,LEADING-SIM-V0.1
S‑NOR085,30,0.9887,0,0.0538,0,0.9955,0,0,True,LEADING-SIM-V0.1
S‑NOR085,31,0.9775,0,0.0137,2,0.9952,0,0,True,LEADING-SIM-V0.1
S‑NOR085,32,0.9875,0,0.15,0,0.9971,0,0,True,LEADING-SIM-V0.1
S‑NOR085,33,0.9948,0,0.0867,0,0.9952,0,0,True,LEADING-SIM-V0.1
S‑NOR085,34,0.9868,0,0.0177,0,0.9975,0,0,True,LEADING-SIM-V0.1
S‑NOR085,35,0.9849,0,0.004,0,0.9967,0,0,True,LEADING-SIM-V0.1
S‑NOR085,36,0.9781,0,0.0088,0,0.9977,0,0,True,LEADING-SIM-V0.1
S‑NOR085,37,0.984,1,0.0317,0,0.9957,0,0,True,LEADING-SIM-V0.1
S‑NOR085,38,0.9924,0,0.0115,3,0.9956,0,0,True,LEADING-SIM-V0.1
S‑NOR085,39,0.9832,0,0.0138,1,0.9974,0,0,True,LEADING-SIM-V0.1
S‑NOR085,40,0.9886,0,0.033,3,0.9964,0,0,True,LEADING-SIM-V0.1
S‑NOR085,41,0.9838,0,0.0699,0,0.9979,0,0,True,LEADING-SIM-V0.1
S‑NOR085,42,0.9918,0,0.0202,0,0.9942,0,0,True,LEADING-SIM-V0.1
S‑NOR085,43,0.9889,0,0.0353,0,0.9966,0,0,True,LEADING-SIM-V0.1
S‑NOR085,44,0.9789,1,0.0048,1,0.9965,0,0,True,LEADING-SIM-V0.1
S‑NOR085,45,0.9853,0,0.017,0,0.9954,0,0,True,LEADING-SIM-V0.1
S‑NOR085,46,0.9989,1,0.0576,0,0.9987,0,0,True,LEADING-SIM-V0.1
S‑NOR085,47,0.9762,0,0.0351,1,0.9956,0,0,True,LEADING-SIM-V0.1
S‑NOR085,48,0.9861,0,0.0333,1,0.9946,0,1,True,LEADING-SIM-V0.1
S‑NOR085,49,0.9828,0,0.0565,0,0.9995,0,0,True,LEADING-SIM-V0.1
S‑NOR085,50,0.9799,0,0.0893,1,0.9958,0,0,True,LEADING-SIM-V0.1
S‑NOR085,51,0.9749,0,0.1307,1,0.9951,0,0,True,LEADING-SIM-V0.1
S‑NOR085,52,0.9805,1,0.0057,0,0.9985,0,0,True,LEADING-SIM-V0.1
S‑NOR086,1,0.9887,0,0.0008,0,0.9988,1,0,True,LEADING-SIM-V0.1
S‑NOR086,2,0.9841,0,0.0285,1,0.9969,0,0,True,LEADING-SIM-V0.1
S‑NOR086,3,0.9908,0,0.062,0,0.997,0,0,True,LEADING-SIM-V0.1
S‑NOR086,4,0.979,0,0.0384,0,0.9967,0,0,True,LEADING-SIM-V0.1
S‑NOR086,5,0.989,0,0.0045,0,0.9983,0,0,True,LEADING-SIM-V0.1
S‑NOR086,6,0.9999,0,0.0521,0,0.9969,0,0,True,LEADING-SIM-V0.1
S‑NOR086,7,0.984,0,0.01,1,0.997,0,0,True,LEADING-SIM-V0.1
S‑NOR086,8,0.9863,0,0.0178,1,0.9986,0,0,True,LEADING-SIM-V0.1
S‑NOR086,9,0.9871,0,0.0532,0,0.9988,0,0,True,LEADING-SIM-V0.1
S‑NOR086,10,0.9903,0,0.0202,1,0.9959,0,0,True,LEADING-SIM-V0.1
S‑NOR086,11,0.977,0,0.0144,1,0.9981,0,0,True,LEADING-SIM-V0.1
S‑NOR086,12,0.9866,1,0.0311,0,0.9934,0,0,True,LEADING-SIM-V0.1
S‑NOR086,13,0.9887,0,0.0155,0,0.9975,0,0,True,LEADING-SIM-V0.1
S‑NOR086,14,0.9869,0,0.0266,0,0.9979,0,0,True,LEADING-SIM-V0.1
S‑NOR086,15,0.9842,0,0.0075,0,0.999,0,0,True,LEADING-SIM-V0.1
S‑NOR086,16,0.9899,0,0.0156,2,0.9944,0,0,True,LEADING-SIM-V0.1
S‑NOR086,17,0.9878,1,0.0053,1,0.9977,0,0,True,LEADING-SIM-V0.1
S‑NOR086,18,0.9948,0,0.0085,0,0.9963,0,0,True,LEADING-SIM-V0.1
S‑NOR086,19,0.9761,0,0.0109,0,0.9975,0,0,True,LEADING-SIM-V0.1
S‑NOR086,20,0.9819,1,0.1091,0,0.9971,0,0,True,LEADING-SIM-V0.1
S‑NOR086,21,0.9872,0,0.0266,0,0.9988,0,0,True,LEADING-SIM-V0.1
S‑NOR086,22,0.9867,0,0.058,1,0.9947,0,0,True,LEADING-SIM-V0.1
S‑NOR086,23,0.9855,1,0.0185,0,0.998,0,0,True,LEADING-SIM-V0.1
S‑NOR086,24,0.9833,0,0.0337,0,0.997,0,0,True,LEADING-SIM-V0.1
S‑NOR086,25,0.9803,0,0.004,1,0.996,0,0,True,LEADING-SIM-V0.1
S‑NOR086,26,1.0,0,0.0608,1,0.9955,0,0,True,LEADING-SIM-V0.1
S‑NOR086,27,0.9923,1,0.0074,0,0.9967,0,0,True,LEADING-SIM-V0.1
S‑NOR086,28,0.9898,1,0.0263,0,0.999,0,0,True,LEADING-SIM-V0.1
S‑NOR086,29,0.9974,0,0.0234,1,0.9956,0,0,True,LEADING-SIM-V0.1
S‑NOR086,30,0.9868,1,0.0276,1,0.9992,0,0,True,LEADING-SIM-V0.1
S‑NOR086,31,0.9907,0,0.0196,0,0.9975,0,0,True,LEADING-SIM-V0.1
S‑NOR086,32,0.985,0,0.0907,0,0.9976,0,0,True,LEADING-SIM-V0.1
S‑NOR086,33,0.9828,1,0.0503,2,0.9991,0,0,True,LEADING-SIM-V0.1
S‑NOR086,34,0.984,1,0.088,0,0.9971,0,0,True,LEADING-SIM-V0.1
S‑NOR086,35,0.9857,0,0.0018,0,0.9989,0,0,True,LEADING-SIM-V0.1
S‑NOR086,36,0.9821,0,0.0071,0,0.9955,0,0,True,LEADING-SIM-V0.1
S‑NOR086,37,0.9673,0,0.1472,0,1.0,0,0,True,LEADING-SIM-V0.1
S‑NOR086,38,0.9802,0,0.0113,0,0.9977,0,0,True,LEADING-SIM-V0.1
S‑NOR086,39,0.9675,0,0.0214,0,0.9981,0,0,True,LEADING-SIM-V0.1
S‑NOR086,40,0.9849,0,0.0244,0,0.9987,0,0,True,LEADING-SIM-V0.1
S‑NOR086,41,0.9888,0,0.08,0,0.9994,1,0,True,LEADING-SIM-V0.1
S‑NOR086,42,0.9796,0,0.0365,0,0.996,0,0,True,LEADING-SIM-V0.1
S‑NOR086,43,0.9678,0,0.0035,0,0.9964,0,0,True,LEADING-SIM-V0.1
S‑NOR086,44,0.9936,0,0.012,1,0.9982,0,0,True,LEADING-SIM-V0.1
S‑NOR086,45,0.9782,0,0.0206,0,0.9973,0,0,True,LEADING-SIM-V0.1
S‑NOR086,46,0.982,0,0.0414,1,0.9968,0,0,True,LEADING-SIM-V0.1
S‑NOR086,47,0.9867,0,0.0185,0,0.9991,0,0,True,LEADING-SIM-V0.1
S‑NOR086,48,0.9758,0,0.0454,1,0.9985,0,0,True,LEADING-SIM-V0.1
S‑NOR086,49,0.9839,0,0.0409,0,0.9966,0,0,True,LEADING-SIM-V0.1
S‑NOR086,50,0.9823,0,0.0805,0,0.9967,0,0,True,LEADING-SIM-V0.1
S‑NOR086,51,0.9857,0,0.0713,0,0.9975,0,0,True,LEADING-SIM-V0.1
S‑NOR086,52,0.9907,0,0.0156,1,0.9971,0,0,True,LEADING-SIM-V0.1
S‑NOR087,1,0.9706,1,0.0457,0,0.9976,0,0,True,LEADING-SIM-V0.1
S‑NOR087,2,0.9821,0,0.0287,0,0.9988,0,0,True,LEADING-SIM-V0.1
S‑NOR087,3,0.9805,0,0.006,0,0.999,0,0,True,LEADING-SIM-V0.1
S‑NOR087,4,0.9974,0,0.004,1,0.997,0,0,True,LEADING-SIM-V0.1
S‑NOR087,5,0.9867,0,0.0259,0,0.9975,0,0,True,LEADING-SIM-V0.1
S‑NOR087,6,0.9882,0,0.0004,0,0.9968,0,0,True,LEADING-SIM-V0.1
S‑NOR087,7,0.9869,0,0.0466,0,0.9983,0,0,True,LEADING-SIM-V0.1
S‑NOR087,8,0.9826,0,0.0936,0,0.9968,0,0,True,LEADING-SIM-V0.1
S‑NOR087,9,0.9893,0,0.0412,0,0.9954,0,0,True,LEADING-SIM-V0.1
S‑NOR087,10,0.9849,0,0.0188,0,0.9941,1,0,True,LEADING-SIM-V0.1
S‑NOR087,11,0.9832,0,0.0326,3,0.993,0,0,True,LEADING-SIM-V0.1
S‑NOR087,12,0.9889,0,0.0261,1,1.0,1,0,True,LEADING-SIM-V0.1
S‑NOR087,13,0.9857,1,0.0384,1,0.9962,0,0,True,LEADING-SIM-V0.1
S‑NOR087,14,0.9904,1,0.0052,0,0.9984,0,0,True,LEADING-SIM-V0.1
S‑NOR087,15,0.9763,0,0.0074,0,0.9981,1,0,True,LEADING-SIM-V0.1
S‑NOR087,16,0.9807,0,0.0414,0,0.996,0,0,True,LEADING-SIM-V0.1
S‑NOR087,17,0.9785,0,0.0032,1,0.993,0,0,True,LEADING-SIM-V0.1
S‑NOR087,18,0.978,0,0.0852,0,0.9948,0,0,True,LEADING-SIM-V0.1
S‑NOR087,19,0.9763,0,0.0242,0,0.9968,0,0,True,LEADING-SIM-V0.1
S‑NOR087,20,0.9853,0,0.0435,0,0.9978,0,0,True,LEADING-SIM-V0.1
S‑NOR087,21,0.9897,0,0.0342,0,0.9986,0,0,True,LEADING-SIM-V0.1
S‑NOR087,22,0.9815,0,0.0174,0,0.9969,0,0,True,LEADING-SIM-V0.1
S‑NOR087,23,0.9837,0,0.0534,1,0.9958,0,0,True,LEADING-SIM-V0.1
S‑NOR087,24,0.982,0,0.0776,0,0.9946,1,0,True,LEADING-SIM-V0.1
S‑NOR087,25,0.9822,0,0.0525,1,0.9968,0,0,True,LEADING-SIM-V0.1
S‑NOR087,26,0.9929,0,0.0262,1,0.9979,0,1,True,LEADING-SIM-V0.1
S‑NOR087,27,0.9849,0,0.0445,1,0.9982,0,0,True,LEADING-SIM-V0.1
S‑NOR087,28,0.9878,0,0.0518,0,0.9962,0,1,True,LEADING-SIM-V0.1
S‑NOR087,29,0.9874,0,0.0038,0,0.9983,0,0,True,LEADING-SIM-V0.1
S‑NOR087,30,0.9859,0,0.0125,1,0.9992,0,0,True,LEADING-SIM-V0.1
S‑NOR087,31,0.9834,0,0.0071,0,0.998,0,0,True,LEADING-SIM-V0.1
S‑NOR087,32,0.9824,0,0.0082,0,0.9966,0,0,True,LEADING-SIM-V0.1
S‑NOR087,33,0.9877,0,0.1091,0,0.9987,0,0,True,LEADING-SIM-V0.1
S‑NOR087,34,0.9896,1,0.0044,0,0.9972,0,0,True,LEADING-SIM-V0.1
S‑NOR087,35,0.9896,0,0.0323,1,0.9976,0,0,True,LEADING-SIM-V0.1
S‑NOR087,36,0.9765,0,0.0063,0,0.9954,0,0,True,LEADING-SIM-V0.1
S‑NOR087,37,0.9784,1,0.051,0,0.9986,0,0,True,LEADING-SIM-V0.1
S‑NOR087,38,0.9867,0,0.0059,0,0.9977,0,0,True,LEADING-SIM-V0.1
S‑NOR087,39,0.9772,0,0.0004,0,0.9968,0,0,True,LEADING-SIM-V0.1
S‑NOR087,40,0.9919,0,0.0121,1,0.996,0,0,True,LEADING-SIM-V0.1
S‑NOR087,41,0.9854,0,0.0401,0,0.9988,1,0,True,LEADING-SIM-V0.1
S‑NOR087,42,0.9804,1,0.0367,0,0.996,0,0,True,LEADING-SIM-V0.1
S‑NOR087,43,0.9946,0,0.0174,0,0.9968,0,0,True,LEADING-SIM-V0.1
S‑NOR087,44,0.9888,0,0.005,0,0.9988,0,0,True,LEADING-SIM-V0.1
S‑NOR087,45,0.9898,0,0.0091,1,0.9953,0,0,True,LEADING-SIM-V0.1
S‑NOR087,46,0.9888,0,0.0483,1,0.994,0,0,True,LEADING-SIM-V0.1
S‑NOR087,47,1.0,0,0.0371,0,0.9991,0,0,True,LEADING-SIM-V0.1
S‑NOR087,48,0.9865,1,0.0105,0,0.9952,0,0,True,LEADING-SIM-V0.1
S‑NOR087,49,0.9789,0,0.0195,0,0.9984,1,0,True,LEADING-SIM-V0.1
S‑NOR087,50,0.9878,0,0.0206,0,0.998,0,0,True,LEADING-SIM-V0.1
S‑NOR087,51,0.9809,0,0.0201,0,0.9952,0,0,True,LEADING-SIM-V0.1
S‑NOR087,52,0.9668,0,0.0327,0,0.998,0,0,True,LEADING-SIM-V0.1
S‑NOR088,1,0.9855,0,0.0507,0,0.9981,0,0,True,LEADING-SIM-V0.1
S‑NOR088,2,0.9941,0,0.0114,0,0.9954,1,0,True,LEADING-SIM-V0.1
S‑NOR088,3,0.9854,0,0.0382,0,0.998,0,0,True,LEADING-SIM-V0.1
S‑NOR088,4,0.9826,0,0.0884,0,0.9996,0,0,True,LEADING-SIM-V0.1
S‑NOR088,5,0.9815,1,0.0398,2,0.9947,1,0,True,LEADING-SIM-V0.1
S‑NOR088,6,0.9868,0,0.15,0,0.9975,0,0,True,LEADING-SIM-V0.1
S‑NOR088,7,0.9837,0,0.0385,2,0.9977,0,0,True,LEADING-SIM-V0.1
S‑NOR088,8,0.9847,0,0.0613,0,0.9952,0,0,True,LEADING-SIM-V0.1
S‑NOR088,9,0.9854,0,0.0701,0,0.9972,0,0,True,LEADING-SIM-V0.1
S‑NOR088,10,0.9846,0,0.0011,0,0.9975,0,0,True,LEADING-SIM-V0.1
S‑NOR088,11,0.9848,1,0.033,0,0.9995,0,0,True,LEADING-SIM-V0.1
S‑NOR088,12,0.9844,0,0.0286,0,0.9958,0,0,True,LEADING-SIM-V0.1
S‑NOR088,13,0.9776,0,0.0117,1,0.9981,0,0,True,LEADING-SIM-V0.1
S‑NOR088,14,0.9852,1,0.0148,0,0.9988,0,0,True,LEADING-SIM-V0.1
S‑NOR088,15,0.986,0,0.0063,0,0.9924,0,0,True,LEADING-SIM-V0.1
S‑NOR088,16,0.9923,0,0.1176,0,0.9964,0,0,True,LEADING-SIM-V0.1
S‑NOR088,17,0.9863,0,0.0191,1,0.9967,0,0,True,LEADING-SIM-V0.1
S‑NOR088,18,0.9739,2,0.0471,0,0.9968,0,0,True,LEADING-SIM-V0.1
S‑NOR088,19,0.9897,0,0.0259,0,0.9962,0,0,True,LEADING-SIM-V0.1
S‑NOR088,20,0.9852,1,0.0498,0,0.9962,0,0,True,LEADING-SIM-V0.1
S‑NOR088,21,0.9894,1,0.032,0,0.9977,0,0,True,LEADING-SIM-V0.1
S‑NOR088,22,0.9871,3,0.0118,0,0.9964,0,0,True,LEADING-SIM-V0.1
S‑NOR088,23,0.9898,0,0.0749,1,0.9999,0,0,True,LEADING-SIM-V0.1
S‑NOR088,24,0.9836,1,0.0625,0,0.9984,0,0,True,LEADING-SIM-V0.1
S‑NOR088,25,0.9844,0,0.0156,0,1.0,0,0,True,LEADING-SIM-V0.1
S‑NOR088,26,0.9815,0,0.0017,0,0.9969,0,0,True,LEADING-SIM-V0.1
S‑NOR088,27,0.9774,0,0.0531,0,0.995,0,0,True,LEADING-SIM-V0.1
S‑NOR088,28,0.9835,0,0.0065,0,0.996,1,0,True,LEADING-SIM-V0.1
S‑NOR088,29,0.9964,0,0.0082,0,0.9962,0,1,True,LEADING-SIM-V0.1
S‑NOR088,30,0.9856,0,0.1122,0,0.9982,0,0,True,LEADING-SIM-V0.1
S‑NOR088,31,0.9925,0,0.0076,1,0.9961,0,0,True,LEADING-SIM-V0.1
S‑NOR088,32,0.9917,1,0.002,0,0.9966,0,0,True,LEADING-SIM-V0.1
S‑NOR088,33,0.983,0,0.0326,1,0.9943,0,0,True,LEADING-SIM-V0.1
S‑NOR088,34,0.9845,0,0.0372,0,0.9976,0,0,True,LEADING-SIM-V0.1
S‑NOR088,35,0.9786,0,0.0178,0,0.9968,0,0,True,LEADING-SIM-V0.1
S‑NOR088,36,0.9708,0,0.0221,1,0.9959,0,0,True,LEADING-SIM-V0.1
S‑NOR088,37,0.9857,0,0.0772,0,0.9964,0,0,True,LEADING-SIM-V0.1
S‑NOR088,38,0.9822,0,0.0383,1,0.9931,0,0,True,LEADING-SIM-V0.1
S‑NOR088,39,0.9942,0,0.0672,0,0.9978,0,0,True,LEADING-SIM-V0.1
S‑NOR088,40,0.9814,1,0.0613,0,0.9973,0,0,True,LEADING-SIM-V0.1
S‑NOR088,41,0.9853,0,0.0079,0,0.9958,0,0,True,LEADING-SIM-V0.1
S‑NOR088,42,0.9876,0,0.0276,1,0.9977,0,0,True,LEADING-SIM-V0.1
S‑NOR088,43,0.981,0,0.0104,0,0.9969,0,0,True,LEADING-SIM-V0.1
S‑NOR088,44,0.9866,0,0.0052,1,0.9969,0,0,True,LEADING-SIM-V0.1
S‑NOR088,45,0.9883,0,0.0094,0,0.9969,0,0,True,LEADING-SIM-V0.1
S‑NOR088,46,0.9793,0,0.0091,0,0.9975,0,0,True,LEADING-SIM-V0.1
S‑NOR088,47,0.9826,0,0.0679,0,0.9978,0,0,True,LEADING-SIM-V0.1
S‑NOR088,48,0.979,0,0.0076,1,0.9995,0,0,True,LEADING-SIM-V0.1
S‑NOR088,49,0.9905,0,0.0591,0,0.9969,1,0,True,LEADING-SIM-V0.1
S‑NOR088,50,0.9787,0,0.0021,0,1.0,0,0,True,LEADING-SIM-V0.1
S‑NOR088,51,0.9933,0,0.0607,1,0.9969,0,0,True,LEADING-SIM-V0.1
S‑NOR088,52,0.9863,0,0.0122,0,0.9955,0,0,True,LEADING-SIM-V0.1
S‑NOR089,1,0.9809,1,0.0863,2,0.9962,1,0,True,LEADING-SIM-V0.1
S‑NOR089,2,0.9867,0,0.018,0,0.9982,0,0,True,LEADING-SIM-V0.1
S‑NOR089,3,0.9837,0,0.0195,0,0.9949,0,0,True,LEADING-SIM-V0.1
S‑NOR089,4,0.9942,0,0.0217,0,0.996,0,0,True,LEADING-SIM-V0.1
S‑NOR089,5,0.9762,0,0.0006,0,0.9946,0,0,True,LEADING-SIM-V0.1
S‑NOR089,6,0.9885,0,0.0622,0,0.9996,0,0,True,LEADING-SIM-V0.1
S‑NOR089,7,0.9841,0,0.0024,0,0.9943,0,0,True,LEADING-SIM-V0.1
S‑NOR089,8,0.9802,0,0.0167,0,0.9984,0,0,True,LEADING-SIM-V0.1
S‑NOR089,9,0.9854,0,0.0265,0,0.995,1,0,True,LEADING-SIM-V0.1
S‑NOR089,10,0.9814,0,0.0527,0,0.997,0,0,True,LEADING-SIM-V0.1
S‑NOR089,11,0.9833,0,0.1063,0,0.996,0,0,True,LEADING-SIM-V0.1
S‑NOR089,12,0.9855,1,0.0139,1,0.9957,0,0,True,LEADING-SIM-V0.1
S‑NOR089,13,0.994,0,0.0173,0,0.9967,0,0,True,LEADING-SIM-V0.1
S‑NOR089,14,0.9823,1,0.1454,2,0.9948,0,0,True,LEADING-SIM-V0.1
S‑NOR089,15,0.9779,0,0.007,1,0.9981,0,0,True,LEADING-SIM-V0.1
S‑NOR089,16,0.9884,0,0.0161,1,1.0,0,0,True,LEADING-SIM-V0.1
S‑NOR089,17,0.9932,0,0.0035,0,1.0,0,0,True,LEADING-SIM-V0.1
S‑NOR089,18,0.988,0,0.008,2,0.9985,0,0,True,LEADING-SIM-V0.1
S‑NOR089,19,0.9842,1,0.0657,0,0.9965,0,0,True,LEADING-SIM-V0.1
S‑NOR089,20,0.9741,0,0.0197,1,0.9977,0,0,True,LEADING-SIM-V0.1
S‑NOR089,21,0.993,1,0.0299,1,0.9957,0,0,True,LEADING-SIM-V0.1
S‑NOR089,22,0.9953,0,0.0038,0,0.9957,0,0,True,LEADING-SIM-V0.1
S‑NOR089,23,0.9794,0,0.0339,0,0.997,0,0,True,LEADING-SIM-V0.1
S‑NOR089,24,0.9753,0,0.0027,0,0.9956,0,0,True,LEADING-SIM-V0.1
S‑NOR089,25,0.9783,0,0.0147,1,0.998,0,0,True,LEADING-SIM-V0.1
S‑NOR089,26,0.9863,0,0.0408,1,0.9958,0,0,True,LEADING-SIM-V0.1
S‑NOR089,27,0.9774,0,0.0829,0,0.9961,0,0,True,LEADING-SIM-V0.1
S‑NOR089,28,0.9896,0,0.0413,0,0.9985,0,0,True,LEADING-SIM-V0.1
S‑NOR089,29,0.9761,0,0.0161,1,0.9966,0,0,True,LEADING-SIM-V0.1
S‑NOR089,30,0.9857,0,0.0276,0,0.9976,0,0,True,LEADING-SIM-V0.1
S‑NOR089,31,0.9818,0,0.0156,0,0.9946,0,0,True,LEADING-SIM-V0.1
S‑NOR089,32,0.97,0,0.0246,1,0.9964,0,0,True,LEADING-SIM-V0.1
S‑NOR089,33,0.98,0,0.0443,0,0.9984,0,0,True,LEADING-SIM-V0.1
S‑NOR089,34,0.9807,1,0.0511,0,0.9965,0,0,True,LEADING-SIM-V0.1
S‑NOR089,35,0.9845,1,0.0096,0,0.9971,0,0,True,LEADING-SIM-V0.1
S‑NOR089,36,0.9972,0,0.0254,0,0.996,0,0,True,LEADING-SIM-V0.1
S‑NOR089,37,0.9836,0,0.1184,0,0.9958,0,0,True,LEADING-SIM-V0.1
S‑NOR089,38,0.979,0,0.0092,0,0.9954,0,0,True,LEADING-SIM-V0.1
S‑NOR089,39,0.9857,0,0.0124,1,0.9982,0,0,True,LEADING-SIM-V0.1
S‑NOR089,40,0.9821,0,0.0315,1,0.9953,0,0,True,LEADING-SIM-V0.1
S‑NOR089,41,0.9874,0,0.0116,0,0.995,0,0,True,LEADING-SIM-V0.1
S‑NOR089,42,0.9829,0,0.0068,0,0.9977,0,0,True,LEADING-SIM-V0.1
S‑NOR089,43,0.99,0,0.0116,1,0.9965,0,0,True,LEADING-SIM-V0.1
S‑NOR089,44,0.976,0,0.0089,1,0.9961,0,0,True,LEADING-SIM-V0.1
S‑NOR089,45,0.9792,1,0.0366,0,0.9967,0,0,True,LEADING-SIM-V0.1
S‑NOR089,46,0.9817,1,0.003,0,0.998,0,0,True,LEADING-SIM-V0.1
S‑NOR089,47,0.9864,0,0.0217,0,0.9954,0,0,True,LEADING-SIM-V0.1
S‑NOR089,48,0.9937,0,0.0133,0,0.9958,0,0,True,LEADING-SIM-V0.1
S‑NOR089,49,0.9869,0,0.0086,0,0.9974,0,0,True,LEADING-SIM-V0.1
S‑NOR089,50,0.9911,0,0.0192,0,0.9983,0,0,True,LEADING-SIM-V0.1
S‑NOR089,51,0.9831,0,0.0498,0,0.9947,0,0,True,LEADING-SIM-V0.1
S‑NOR089,52,0.9855,0,0.0482,0,0.9969,0,0,True,LEADING-SIM-V0.1
S‑NOR090,1,0.9778,0,0.0477,0,0.9953,1,0,True,LEADING-SIM-V0.1
S‑NOR090,2,0.9864,1,0.021,2,0.9989,0,0,True,LEADING-SIM-V0.1
S‑NOR090,3,0.9716,0,0.0404,3,0.9967,0,0,True,LEADING-SIM-V0.1
S‑NOR090,4,0.9876,0,0.0153,0,0.9952,0,0,True,LEADING-SIM-V0.1
S‑NOR090,5,0.9834,0,0.0635,0,0.9968,0,0,True,LEADING-SIM-V0.1
S‑NOR090,6,0.9888,0,0.0049,1,0.9991,0,0,True,LEADING-SIM-V0.1
S‑NOR090,7,0.9928,0,0.0118,0,0.9982,0,0,True,LEADING-SIM-V0.1
S‑NOR090,8,0.9767,0,0.002,0,1.0,0,0,True,LEADING-SIM-V0.1
S‑NOR090,9,0.9761,0,0.0057,0,0.9946,0,0,True,LEADING-SIM-V0.1
S‑NOR090,10,0.9797,0,0.0118,0,0.9972,0,0,True,LEADING-SIM-V0.1
S‑NOR090,11,0.9742,0,0.0295,1,0.9969,0,0,True,LEADING-SIM-V0.1
S‑NOR090,12,0.9814,1,0.0316,1,0.9987,0,0,True,LEADING-SIM-V0.1
S‑NOR090,13,0.9803,0,0.022,0,0.9973,0,0,True,LEADING-SIM-V0.1
S‑NOR090,14,0.9758,0,0.0685,0,0.997,0,0,True,LEADING-SIM-V0.1
S‑NOR090,15,0.985,0,0.0373,2,0.9971,0,0,True,LEADING-SIM-V0.1
S‑NOR090,16,0.9876,0,0.0032,0,0.9972,0,0,True,LEADING-SIM-V0.1
S‑NOR090,17,0.9832,1,0.0272,0,0.9969,0,0,True,LEADING-SIM-V0.1
S‑NOR090,18,0.9856,0,0.0135,1,0.9964,0,0,True,LEADING-SIM-V0.1
S‑NOR090,19,0.9889,1,0.0076,0,0.9962,0,0,True,LEADING-SIM-V0.1
S‑NOR090,20,0.9912,0,0.0928,0,1.0,0,0,True,LEADING-SIM-V0.1
S‑NOR090,21,0.9811,0,0.0021,0,0.9984,0,0,True,LEADING-SIM-V0.1
S‑NOR090,22,0.9769,1,0.0751,1,0.9961,0,0,True,LEADING-SIM-V0.1
S‑NOR090,23,0.988,0,0.0112,0,0.9981,0,0,True,LEADING-SIM-V0.1
S‑NOR090,24,0.9836,0,0.0082,0,0.997,0,0,True,LEADING-SIM-V0.1
S‑NOR090,25,0.9873,0,0.0474,0,0.9956,0,0,True,LEADING-SIM-V0.1
S‑NOR090,26,0.9836,0,0.0827,0,0.9991,0,0,True,LEADING-SIM-V0.1
S‑NOR090,27,0.9849,0,0.0151,0,0.9972,0,0,True,LEADING-SIM-V0.1
S‑NOR090,28,0.9934,0,0.016,0,0.9968,0,0,True,LEADING-SIM-V0.1
S‑NOR090,29,0.9897,0,0.0546,1,0.9962,0,0,True,LEADING-SIM-V0.1
S‑NOR090,30,0.9926,0,0.0275,0,0.9958,1,0,True,LEADING-SIM-V0.1
S‑NOR090,31,0.9884,0,0.0338,0,0.9989,0,0,True,LEADING-SIM-V0.1
S‑NOR090,32,0.9834,0,0.0076,0,0.9982,0,0,True,LEADING-SIM-V0.1
S‑NOR090,33,0.9899,0,0.0725,0,0.9976,0,0,True,LEADING-SIM-V0.1
S‑NOR090,34,0.9814,0,0.0083,0,0.9984,0,0,True,LEADING-SIM-V0.1
S‑NOR090,35,0.9924,0,0.0299,0,0.9949,0,0,True,LEADING-SIM-V0.1
S‑NOR090,36,0.989,0,0.015,0,0.9969,0,0,True,LEADING-SIM-V0.1
S‑NOR090,37,0.9767,0,0.0131,0,0.9977,0,0,True,LEADING-SIM-V0.1
S‑NOR090,38,0.9732,1,0.0564,0,0.9962,0,0,True,LEADING-SIM-V0.1
S‑NOR090,39,0.9862,0,0.0057,0,1.0,0,0,True,LEADING-SIM-V0.1
S‑NOR090,40,0.9787,0,0.01,0,0.9955,0,0,True,LEADING-SIM-V0.1
S‑NOR090,41,0.987,0,0.0796,0,0.9953,0,0,True,LEADING-SIM-V0.1
S‑NOR090,42,0.987,0,0.0652,0,0.9971,0,0,True,LEADING-SIM-V0.1
S‑NOR090,43,0.9869,1,0.0022,1,0.9946,0,0,True,LEADING-SIM-V0.1
S‑NOR090,44,0.9775,0,0.0514,0,0.996,0,0,True,LEADING-SIM-V0.1
S‑NOR090,45,0.9764,0,0.0603,0,0.9957,0,0,True,LEADING-SIM-V0.1
S‑NOR090,46,0.9839,0,0.0243,0,0.9971,0,0,True,LEADING-SIM-V0.1
S‑NOR090,47,0.9865,1,0.0859,2,0.9975,0,0,True,LEADING-SIM-V0.1
S‑NOR090,48,0.9854,0,0.0217,1,0.9985,0,0,True,LEADING-SIM-V0.1
S‑NOR090,49,0.9875,0,0.0409,1,0.9978,0,0,True,LEADING-SIM-V0.1
S‑NOR090,50,0.9895,0,0.0065,1,0.9979,0,0,True,LEADING-SIM-V0.1
S‑NOR090,51,0.9784,0,0.016,0,0.997,0,0,True,LEADING-SIM-V0.1
S‑NOR090,52,0.9888,0,0.0038,0,0.9941,0,0,True,LEADING-SIM-V0.1
S‑NOR091,1,0.9784,0,0.0034,0,0.9971,0,0,True,LEADING-SIM-V0.1
S‑NOR091,2,0.9817,0,0.0057,0,0.9974,0,0,True,LEADING-SIM-V0.1
S‑NOR091,3,0.989,0,0.0456,1,0.9955,0,0,True,LEADING-SIM-V0.1
S‑NOR091,4,0.9805,0,0.0363,0,0.9966,0,0,True,LEADING-SIM-V0.1
S‑NOR091,5,0.9966,0,0.0651,0,0.9984,0,0,True,LEADING-SIM-V0.1
S‑NOR091,6,0.9853,0,0.0674,0,0.9981,0,0,True,LEADING-SIM-V0.1
S‑NOR091,7,0.9816,0,0.0016,2,0.9974,0,0,True,LEADING-SIM-V0.1
S‑NOR091,8,0.9813,0,0.0264,0,0.9954,0,0,True,LEADING-SIM-V0.1
S‑NOR091,9,0.9864,0,0.0182,0,0.996,0,0,True,LEADING-SIM-V0.1
S‑NOR091,10,0.9739,0,0.0123,0,0.9946,0,0,True,LEADING-SIM-V0.1
S‑NOR091,11,0.992,0,0.0928,0,0.9981,0,0,True,LEADING-SIM-V0.1
S‑NOR091,12,0.9864,0,0.0015,0,0.9946,0,0,True,LEADING-SIM-V0.1
S‑NOR091,13,0.9927,0,0.0987,0,0.9969,0,0,True,LEADING-SIM-V0.1
S‑NOR091,14,0.9855,0,0.0092,0,0.9975,0,0,True,LEADING-SIM-V0.1
S‑NOR091,15,0.9803,0,0.1313,0,0.9983,1,0,True,LEADING-SIM-V0.1
S‑NOR091,16,0.9883,0,0.017,0,0.9944,0,0,True,LEADING-SIM-V0.1
S‑NOR091,17,0.9968,1,0.002,0,0.9979,0,0,True,LEADING-SIM-V0.1
S‑NOR091,18,0.9851,0,0.087,0,0.9968,0,0,True,LEADING-SIM-V0.1
S‑NOR091,19,0.9857,0,0.0279,1,0.9959,0,0,True,LEADING-SIM-V0.1
S‑NOR091,20,0.9855,0,0.0046,0,0.9949,0,0,True,LEADING-SIM-V0.1
S‑NOR091,21,0.9904,0,0.011,1,0.9963,0,0,True,LEADING-SIM-V0.1
S‑NOR091,22,0.9759,1,0.0571,0,0.9995,0,0,True,LEADING-SIM-V0.1
S‑NOR091,23,0.9826,0,0.0731,0,0.9986,0,0,True,LEADING-SIM-V0.1
S‑NOR091,24,0.9826,0,0.0235,1,0.9956,0,0,True,LEADING-SIM-V0.1
S‑NOR091,25,0.9771,0,0.0476,2,0.9964,0,0,True,LEADING-SIM-V0.1
S‑NOR091,26,0.9929,0,0.0089,2,0.9971,0,0,True,LEADING-SIM-V0.1
S‑NOR091,27,0.9899,0,0.0847,1,0.9989,0,0,True,LEADING-SIM-V0.1
S‑NOR091,28,0.988,0,0.0138,0,0.9936,0,0,True,LEADING-SIM-V0.1
S‑NOR091,29,0.983,0,0.0508,0,0.9954,0,0,True,LEADING-SIM-V0.1
S‑NOR091,30,0.9972,0,0.0019,0,0.9953,0,0,True,LEADING-SIM-V0.1
S‑NOR091,31,0.9871,0,0.0033,1,0.9959,0,0,True,LEADING-SIM-V0.1
S‑NOR091,32,0.9789,0,0.0176,0,0.9959,0,0,True,LEADING-SIM-V0.1
S‑NOR091,33,0.9803,0,0.0229,0,0.9936,0,0,True,LEADING-SIM-V0.1
S‑NOR091,34,0.9863,0,0.0088,1,0.9979,0,0,True,LEADING-SIM-V0.1
S‑NOR091,35,0.9889,1,0.0373,0,0.9996,0,0,True,LEADING-SIM-V0.1
S‑NOR091,36,0.9937,0,0.0368,1,0.9978,0,0,True,LEADING-SIM-V0.1
S‑NOR091,37,0.9887,0,0.0383,0,0.9965,0,0,True,LEADING-SIM-V0.1
S‑NOR091,38,0.984,1,0.0126,2,0.9992,0,0,True,LEADING-SIM-V0.1
S‑NOR091,39,0.9794,0,0.0368,0,0.9968,0,0,True,LEADING-SIM-V0.1
S‑NOR091,40,0.9802,0,0.0135,0,0.9969,0,0,True,LEADING-SIM-V0.1
S‑NOR091,41,0.9778,0,0.0246,1,0.9958,0,1,True,LEADING-SIM-V0.1
S‑NOR091,42,0.9808,0,0.0362,0,0.9989,0,0,True,LEADING-SIM-V0.1
S‑NOR091,43,0.9744,1,0.0456,0,0.9985,0,0,True,LEADING-SIM-V0.1
S‑NOR091,44,0.9923,0,0.0664,0,0.9983,0,0,True,LEADING-SIM-V0.1
S‑NOR091,45,0.9883,0,0.075,0,0.9967,0,0,True,LEADING-SIM-V0.1
S‑NOR091,46,0.9849,0,0.0166,1,0.996,0,0,True,LEADING-SIM-V0.1
S‑NOR091,47,0.9803,0,0.0099,1,0.9978,0,0,True,LEADING-SIM-V0.1
S‑NOR091,48,0.9834,0,0.0053,0,0.9983,0,0,True,LEADING-SIM-V0.1
S‑NOR091,49,0.9793,0,0.0287,0,0.9957,0,0,True,LEADING-SIM-V0.1
S‑NOR091,50,0.9871,0,0.0112,1,0.9988,0,0,True,LEADING-SIM-V0.1
S‑NOR091,51,0.9872,0,0.0639,0,0.997,0,0,True,LEADING-SIM-V0.1
S‑NOR091,52,0.998,0,0.0888,0,0.9977,0,0,True,LEADING-SIM-V0.1
S‑NOR092,1,0.9744,1,0.0659,0,0.9967,0,0,True,LEADING-SIM-V0.1
S‑NOR092,2,0.9941,0,0.0013,0,0.9958,0,0,True,LEADING-SIM-V0.1
S‑NOR092,3,0.9888,0,0.0102,1,0.9971,0,0,True,LEADING-SIM-V0.1
S‑NOR092,4,0.9761,0,0.0518,0,0.9973,0,0,True,LEADING-SIM-V0.1
S‑NOR092,5,0.9861,1,0.0114,0,0.9968,0,0,True,LEADING-SIM-V0.1
S‑NOR092,6,0.9863,0,0.037,1,0.996,0,0,True,LEADING-SIM-V0.1
S‑NOR092,7,0.9795,0,0.0073,0,0.9967,0,0,True,LEADING-SIM-V0.1
S‑NOR092,8,0.9757,0,0.0028,2,0.9956,0,0,True,LEADING-SIM-V0.1
S‑NOR092,9,0.9919,0,0.0354,0,1.0,0,0,True,LEADING-SIM-V0.1
S‑NOR092,10,0.9785,0,0.0142,1,0.9962,0,0,True,LEADING-SIM-V0.1
S‑NOR092,11,0.9823,1,0.0142,0,0.9947,0,0,True,LEADING-SIM-V0.1
S‑NOR092,12,0.9969,0,0.0128,0,0.9988,0,0,True,LEADING-SIM-V0.1
S‑NOR092,13,0.9817,0,0.0403,0,0.9987,0,0,True,LEADING-SIM-V0.1
S‑NOR092,14,0.9866,0,0.0043,1,0.9964,0,0,True,LEADING-SIM-V0.1
S‑NOR092,15,0.9916,0,0.0129,0,0.9945,1,0,True,LEADING-SIM-V0.1
S‑NOR092,16,0.9807,0,0.0703,0,0.9981,0,0,True,LEADING-SIM-V0.1
S‑NOR092,17,0.9726,0,0.0624,1,0.9978,0,0,True,LEADING-SIM-V0.1
S‑NOR092,18,0.9788,0,0.0216,0,0.9978,0,0,True,LEADING-SIM-V0.1
S‑NOR092,19,0.989,0,0.007,0,0.9966,0,0,True,LEADING-SIM-V0.1
S‑NOR092,20,0.9808,0,0.0054,0,0.9967,0,0,True,LEADING-SIM-V0.1
S‑NOR092,21,0.9787,1,0.15,0,0.9956,0,0,True,LEADING-SIM-V0.1
S‑NOR092,22,0.9828,0,0.014,1,0.9962,0,0,True,LEADING-SIM-V0.1
S‑NOR092,23,0.9677,0,0.0346,0,0.9984,0,0,True,LEADING-SIM-V0.1
S‑NOR092,24,0.9857,0,0.0348,0,0.9976,0,0,True,LEADING-SIM-V0.1
S‑NOR092,25,0.991,0,0.0272,0,0.9982,0,0,True,LEADING-SIM-V0.1
S‑NOR092,26,0.9998,0,0.0075,0,0.9988,0,0,True,LEADING-SIM-V0.1
S‑NOR092,27,0.9787,0,0.1017,2,0.9961,0,0,True,LEADING-SIM-V0.1
S‑NOR092,28,0.9901,0,0.0372,0,0.9961,0,0,True,LEADING-SIM-V0.1
S‑NOR092,29,0.9816,0,0.0461,0,0.9955,0,0,True,LEADING-SIM-V0.1
S‑NOR092,30,0.9786,0,0.0557,0,0.9957,0,0,True,LEADING-SIM-V0.1
S‑NOR092,31,0.9729,0,0.0052,0,0.997,0,0,True,LEADING-SIM-V0.1
S‑NOR092,32,0.9785,0,0.0723,1,0.9973,0,0,True,LEADING-SIM-V0.1
S‑NOR092,33,0.9828,0,0.0018,1,0.9966,0,0,True,LEADING-SIM-V0.1
S‑NOR092,34,0.9833,0,0.0189,1,0.9982,0,0,True,LEADING-SIM-V0.1
S‑NOR092,35,0.987,0,0.0811,0,0.998,0,0,True,LEADING-SIM-V0.1
S‑NOR092,36,0.9833,1,0.0414,0,0.9957,0,0,True,LEADING-SIM-V0.1
S‑NOR092,37,0.9837,0,0.0359,0,0.9953,0,0,True,LEADING-SIM-V0.1
S‑NOR092,38,0.9826,0,0.0232,0,0.9971,0,0,True,LEADING-SIM-V0.1
S‑NOR092,39,0.9853,0,0.0323,0,0.9971,0,0,True,LEADING-SIM-V0.1
S‑NOR092,40,0.9873,0,0.0042,0,0.9983,0,0,True,LEADING-SIM-V0.1
S‑NOR092,41,0.9798,0,0.0051,0,0.9964,0,0,True,LEADING-SIM-V0.1
S‑NOR092,42,0.9804,0,0.0637,0,0.997,0,0,True,LEADING-SIM-V0.1
S‑NOR092,43,0.9919,0,0.0102,1,0.999,0,0,True,LEADING-SIM-V0.1
S‑NOR092,44,0.9851,0,0.014,0,0.9972,0,0,True,LEADING-SIM-V0.1
S‑NOR092,45,0.9818,0,0.0243,0,0.998,0,0,True,LEADING-SIM-V0.1
S‑NOR092,46,0.9859,0,0.0075,0,0.9969,0,0,True,LEADING-SIM-V0.1
S‑NOR092,47,0.9873,1,0.0933,0,0.9982,0,0,True,LEADING-SIM-V0.1
S‑NOR092,48,0.9916,0,0.0538,0,0.9935,0,0,True,LEADING-SIM-V0.1
S‑NOR092,49,0.9795,0,0.1067,2,0.9962,0,0,True,LEADING-SIM-V0.1
S‑NOR092,50,0.9752,0,0.0038,2,0.993,0,0,True,LEADING-SIM-V0.1
S‑NOR092,51,0.9797,0,0.008,0,0.9992,0,0,True,LEADING-SIM-V0.1
S‑NOR092,52,0.974,0,0.1463,0,0.9959,0,0,True,LEADING-SIM-V0.1
S‑NOR093,1,0.9861,0,0.0842,0,0.9967,0,0,True,LEADING-SIM-V0.1
S‑NOR093,2,0.9866,0,0.0488,0,0.995,1,0,True,LEADING-SIM-V0.1
S‑NOR093,3,0.9835,1,0.0579,0,0.997,0,0,True,LEADING-SIM-V0.1
S‑NOR093,4,0.9846,0,0.0348,0,0.9973,0,0,True,LEADING-SIM-V0.1
S‑NOR093,5,0.9814,0,0.0062,1,0.9961,0,0,True,LEADING-SIM-V0.1
S‑NOR093,6,0.9827,1,0.0397,0,0.9978,0,0,True,LEADING-SIM-V0.1
S‑NOR093,7,0.9823,0,0.0307,0,0.9948,0,0,True,LEADING-SIM-V0.1
S‑NOR093,8,0.9687,0,0.0031,1,0.9981,0,0,True,LEADING-SIM-V0.1
S‑NOR093,9,0.9771,0,0.0249,1,0.9946,0,0,True,LEADING-SIM-V0.1
S‑NOR093,10,0.9781,0,0.0802,0,0.9971,0,0,True,LEADING-SIM-V0.1
S‑NOR093,11,0.9925,0,0.047,0,0.9966,0,0,True,LEADING-SIM-V0.1
S‑NOR093,12,0.979,0,0.0601,0,0.9982,0,0,True,LEADING-SIM-V0.1
S‑NOR093,13,0.9886,0,0.0868,0,0.9969,0,0,True,LEADING-SIM-V0.1
S‑NOR093,14,0.9812,0,0.0028,0,0.9976,0,0,True,LEADING-SIM-V0.1
S‑NOR093,15,0.9886,0,0.0505,0,0.9969,0,0,True,LEADING-SIM-V0.1
S‑NOR093,16,0.9807,0,0.0197,1,0.9959,0,0,True,LEADING-SIM-V0.1
S‑NOR093,17,0.9945,0,0.0186,1,0.9968,0,0,True,LEADING-SIM-V0.1
S‑NOR093,18,0.9803,0,0.0773,0,0.997,0,0,True,LEADING-SIM-V0.1
S‑NOR093,19,0.9899,0,0.0959,0,0.9965,0,0,True,LEADING-SIM-V0.1
S‑NOR093,20,0.9849,0,0.0109,0,0.9986,0,0,True,LEADING-SIM-V0.1
S‑NOR093,21,0.9873,0,0.0633,0,0.9973,0,0,True,LEADING-SIM-V0.1
S‑NOR093,22,0.982,0,0.0026,1,0.996,0,0,True,LEADING-SIM-V0.1
S‑NOR093,23,0.9789,0,0.0196,1,0.9965,0,0,True,LEADING-SIM-V0.1
S‑NOR093,24,0.9904,0,0.0267,1,0.9974,0,0,True,LEADING-SIM-V0.1
S‑NOR093,25,0.985,0,0.0125,0,0.9962,0,1,True,LEADING-SIM-V0.1
S‑NOR093,26,0.9875,0,0.0562,1,0.9983,0,0,True,LEADING-SIM-V0.1
S‑NOR093,27,0.9726,0,0.0064,0,0.9982,0,0,True,LEADING-SIM-V0.1
S‑NOR093,28,0.9869,0,0.0095,0,0.9951,0,0,True,LEADING-SIM-V0.1
S‑NOR093,29,0.9766,0,0.017,0,0.9951,0,0,True,LEADING-SIM-V0.1
S‑NOR093,30,0.9773,0,0.0328,0,0.9928,0,0,True,LEADING-SIM-V0.1
S‑NOR093,31,0.9787,0,0.0071,0,0.9986,0,0,True,LEADING-SIM-V0.1
S‑NOR093,32,0.979,0,0.0171,0,0.9999,0,0,True,LEADING-SIM-V0.1
S‑NOR093,33,0.9807,0,0.0189,1,0.9985,0,0,True,LEADING-SIM-V0.1
S‑NOR093,34,0.978,0,0.009,1,0.9976,0,0,True,LEADING-SIM-V0.1
S‑NOR093,35,0.9801,0,0.0513,1,0.9956,0,0,True,LEADING-SIM-V0.1
S‑NOR093,36,0.9844,0,0.0173,1,0.9949,0,0,True,LEADING-SIM-V0.1
S‑NOR093,37,0.9911,0,0.0259,1,0.9965,0,0,True,LEADING-SIM-V0.1
S‑NOR093,38,0.9844,0,0.0244,0,0.9979,1,0,True,LEADING-SIM-V0.1
S‑NOR093,39,0.9846,0,0.0212,0,0.9967,0,0,True,LEADING-SIM-V0.1
S‑NOR093,40,0.9896,0,0.0343,1,0.9971,0,0,True,LEADING-SIM-V0.1
S‑NOR093,41,0.979,0,0.0089,0,0.9973,0,0,True,LEADING-SIM-V0.1
S‑NOR093,42,0.9808,0,0.1437,0,0.9949,0,0,True,LEADING-SIM-V0.1
S‑NOR093,43,0.9852,0,0.0147,1,0.9925,0,0,True,LEADING-SIM-V0.1
S‑NOR093,44,0.9838,0,0.0163,0,0.993,0,0,True,LEADING-SIM-V0.1
S‑NOR093,45,0.9912,0,0.0495,0,0.996,0,0,True,LEADING-SIM-V0.1
S‑NOR093,46,0.9928,0,0.0301,1,0.9982,0,0,True,LEADING-SIM-V0.1
S‑NOR093,47,0.9818,0,0.0882,0,0.9977,1,0,True,LEADING-SIM-V0.1
S‑NOR093,48,0.9821,0,0.0314,2,0.9954,1,0,True,LEADING-SIM-V0.1
S‑NOR093,49,0.9826,0,0.0538,0,0.9991,0,0,True,LEADING-SIM-V0.1
S‑NOR093,50,0.994,0,0.0758,0,0.9989,0,0,True,LEADING-SIM-V0.1
S‑NOR093,51,0.9864,0,0.0413,1,0.9969,0,0,True,LEADING-SIM-V0.1
S‑NOR093,52,0.9894,0,0.0065,0,0.9963,0,0,True,LEADING-SIM-V0.1
S‑NOR094,1,0.9855,0,0.0494,0,0.9937,0,0,True,LEADING-SIM-V0.1
S‑NOR094,2,0.9985,0,0.0193,0,0.9967,0,0,True,LEADING-SIM-V0.1
S‑NOR094,3,0.9886,0,0.0748,0,0.9973,0,1,True,LEADING-SIM-V0.1
S‑NOR094,4,0.9811,0,0.0361,0,0.9961,0,0,True,LEADING-SIM-V0.1
S‑NOR094,5,0.9818,0,0.0475,1,0.9966,0,0,True,LEADING-SIM-V0.1
S‑NOR094,6,0.9837,0,0.0313,0,0.9965,0,0,True,LEADING-SIM-V0.1
S‑NOR094,7,0.9896,0,0.0364,0,0.999,0,0,True,LEADING-SIM-V0.1
S‑NOR094,8,0.9807,0,0.0137,0,0.9964,0,0,True,LEADING-SIM-V0.1
S‑NOR094,9,0.9867,0,0.0007,0,0.9957,0,0,True,LEADING-SIM-V0.1
S‑NOR094,10,0.9864,0,0.0057,0,0.9969,1,0,True,LEADING-SIM-V0.1
S‑NOR094,11,0.9867,0,0.0331,1,0.9989,0,0,True,LEADING-SIM-V0.1
S‑NOR094,12,0.9841,0,0.0687,0,0.9955,0,0,True,LEADING-SIM-V0.1
S‑NOR094,13,0.9908,1,0.0253,0,0.9976,0,0,True,LEADING-SIM-V0.1
S‑NOR094,14,0.9872,0,0.0434,0,0.9963,0,0,True,LEADING-SIM-V0.1
S‑NOR094,15,0.9875,0,0.0493,0,0.9988,0,0,True,LEADING-SIM-V0.1
S‑NOR094,16,0.9757,0,0.0165,0,0.9982,0,0,True,LEADING-SIM-V0.1
S‑NOR094,17,0.9855,0,0.0042,0,0.9984,0,0,True,LEADING-SIM-V0.1
S‑NOR094,18,0.9902,0,0.0191,0,0.9972,0,0,True,LEADING-SIM-V0.1
S‑NOR094,19,0.985,0,0.003,0,0.9944,0,0,True,LEADING-SIM-V0.1
S‑NOR094,20,0.9898,0,0.0368,2,0.9973,0,0,True,LEADING-SIM-V0.1
S‑NOR094,21,0.9948,0,0.0547,0,0.995,0,0,True,LEADING-SIM-V0.1
S‑NOR094,22,0.9806,0,0.0174,0,0.9969,0,0,True,LEADING-SIM-V0.1
S‑NOR094,23,0.9878,0,0.0595,0,0.9976,0,0,True,LEADING-SIM-V0.1
S‑NOR094,24,0.9905,0,0.024,0,0.9977,0,0,True,LEADING-SIM-V0.1
S‑NOR094,25,0.9884,0,0.005,0,0.9974,0,0,True,LEADING-SIM-V0.1
S‑NOR094,26,0.9835,0,0.0172,0,0.9971,0,0,True,LEADING-SIM-V0.1
S‑NOR094,27,0.9879,0,0.0566,0,0.9966,0,0,True,LEADING-SIM-V0.1
S‑NOR094,28,0.9875,0,0.0015,0,0.9963,0,0,True,LEADING-SIM-V0.1
S‑NOR094,29,0.9872,0,0.0256,0,0.9973,0,0,True,LEADING-SIM-V0.1
S‑NOR094,30,0.9899,0,0.0268,0,0.9976,0,0,True,LEADING-SIM-V0.1
S‑NOR094,31,0.989,0,0.0272,0,0.995,0,0,True,LEADING-SIM-V0.1
S‑NOR094,32,0.9903,0,0.0173,0,0.997,0,0,True,LEADING-SIM-V0.1
S‑NOR094,33,0.997,0,0.0071,0,0.9964,0,0,True,LEADING-SIM-V0.1
S‑NOR094,34,0.9838,0,0.0894,0,0.998,0,0,True,LEADING-SIM-V0.1
S‑NOR094,35,0.9902,0,0.0251,0,0.9984,0,0,True,LEADING-SIM-V0.1
S‑NOR094,36,1.0,1,0.0405,1,0.998,0,0,True,LEADING-SIM-V0.1
S‑NOR094,37,0.9908,1,0.0021,2,0.9965,0,0,True,LEADING-SIM-V0.1
S‑NOR094,38,0.9892,1,0.0174,1,0.9965,0,0,True,LEADING-SIM-V0.1
S‑NOR094,39,0.982,0,0.0033,0,0.9945,0,0,True,LEADING-SIM-V0.1
S‑NOR094,40,0.9904,0,0.0511,0,0.9954,0,0,True,LEADING-SIM-V0.1
S‑NOR094,41,0.9726,0,0.0709,0,0.9969,0,0,True,LEADING-SIM-V0.1
S‑NOR094,42,0.9869,0,0.0482,0,0.9967,0,0,True,LEADING-SIM-V0.1
S‑NOR094,43,0.9854,0,0.0361,0,0.9951,0,0,True,LEADING-SIM-V0.1
S‑NOR094,44,0.9852,0,0.0198,0,0.9952,0,0,True,LEADING-SIM-V0.1
S‑NOR094,45,0.9918,0,0.0355,0,0.9979,0,0,True,LEADING-SIM-V0.1
S‑NOR094,46,0.9868,0,0.0139,1,0.9965,0,0,True,LEADING-SIM-V0.1
S‑NOR094,47,0.9916,1,0.0191,0,0.9943,0,0,True,LEADING-SIM-V0.1
S‑NOR094,48,0.979,0,0.0008,0,0.9975,0,0,True,LEADING-SIM-V0.1
S‑NOR094,49,0.9904,0,0.0207,0,0.9952,0,0,True,LEADING-SIM-V0.1
S‑NOR094,50,0.9734,0,0.063,0,1.0,0,0,True,LEADING-SIM-V0.1
S‑NOR094,51,0.9853,0,0.027,2,0.9959,0,0,True,LEADING-SIM-V0.1
S‑NOR094,52,0.9817,0,0.0483,0,0.9992,0,0,True,LEADING-SIM-V0.1
S‑NOR095,1,0.9718,0,0.0543,0,0.996,0,0,True,LEADING-SIM-V0.1
S‑NOR095,2,0.9812,0,0.0391,0,0.9967,0,0,True,LEADING-SIM-V0.1
S‑NOR095,3,0.982,0,0.0258,1,0.9949,0,0,True,LEADING-SIM-V0.1
S‑NOR095,4,0.9842,0,0.0206,0,0.997,0,0,True,LEADING-SIM-V0.1
S‑NOR095,5,0.9823,0,0.1318,0,0.9952,0,0,True,LEADING-SIM-V0.1
S‑NOR095,6,0.979,0,0.0338,2,0.9976,0,0,True,LEADING-SIM-V0.1
S‑NOR095,7,0.9817,0,0.0577,0,0.9972,0,0,True,LEADING-SIM-V0.1
S‑NOR095,8,0.9876,1,0.0222,1,0.9955,0,0,True,LEADING-SIM-V0.1
S‑NOR095,9,0.9775,0,0.026,0,0.9955,0,0,True,LEADING-SIM-V0.1
S‑NOR095,10,0.9807,0,0.0111,1,0.9954,0,0,True,LEADING-SIM-V0.1
S‑NOR095,11,0.9898,1,0.0152,1,0.998,0,0,True,LEADING-SIM-V0.1
S‑NOR095,12,0.9886,0,0.0303,1,0.9969,0,0,True,LEADING-SIM-V0.1
S‑NOR095,13,0.9785,0,0.0408,2,0.9967,0,0,True,LEADING-SIM-V0.1
S‑NOR095,14,0.9791,0,0.0215,1,0.9957,0,0,True,LEADING-SIM-V0.1
S‑NOR095,15,0.9909,0,0.0067,1,0.9947,0,0,True,LEADING-SIM-V0.1
S‑NOR095,16,0.9909,0,0.0394,0,0.9968,0,0,True,LEADING-SIM-V0.1
S‑NOR095,17,0.9905,0,0.0507,0,0.9972,0,1,True,LEADING-SIM-V0.1
S‑NOR095,18,0.9856,0,0.0075,0,0.9976,0,0,True,LEADING-SIM-V0.1
S‑NOR095,19,0.9882,0,0.0387,2,0.9975,0,0,True,LEADING-SIM-V0.1
S‑NOR095,20,0.9798,0,0.0551,0,0.9979,0,0,True,LEADING-SIM-V0.1
S‑NOR095,21,0.9844,0,0.0263,0,0.9964,0,0,True,LEADING-SIM-V0.1
S‑NOR095,22,0.9903,0,0.057,0,0.9963,0,0,True,LEADING-SIM-V0.1
S‑NOR095,23,0.989,0,0.0051,0,0.9952,0,0,True,LEADING-SIM-V0.1
S‑NOR095,24,0.9871,0,0.0629,1,0.9979,0,0,True,LEADING-SIM-V0.1
S‑NOR095,25,0.9841,1,0.0422,1,0.9971,0,0,True,LEADING-SIM-V0.1
S‑NOR095,26,0.9854,0,0.0188,0,0.9968,0,0,True,LEADING-SIM-V0.1
S‑NOR095,27,0.979,0,0.0128,0,0.9956,0,0,True,LEADING-SIM-V0.1
S‑NOR095,28,0.9832,0,0.0165,0,0.997,1,0,True,LEADING-SIM-V0.1
S‑NOR095,29,0.9924,0,0.0134,1,0.9945,0,0,True,LEADING-SIM-V0.1
S‑NOR095,30,0.9884,0,0.0555,0,0.9938,0,0,True,LEADING-SIM-V0.1
S‑NOR095,31,0.9749,1,0.0003,0,0.9987,0,0,True,LEADING-SIM-V0.1
S‑NOR095,32,0.9816,0,0.0126,0,0.9985,0,0,True,LEADING-SIM-V0.1
S‑NOR095,33,0.9853,0,0.0035,1,0.9971,0,0,True,LEADING-SIM-V0.1
S‑NOR095,34,0.981,0,0.0129,1,0.9974,0,0,True,LEADING-SIM-V0.1
S‑NOR095,35,0.9896,0,0.0255,2,0.9956,0,0,True,LEADING-SIM-V0.1
S‑NOR095,36,0.9918,0,0.034,0,0.9988,0,0,True,LEADING-SIM-V0.1
S‑NOR095,37,0.9782,1,0.0433,0,0.9948,0,0,True,LEADING-SIM-V0.1
S‑NOR095,38,0.9741,0,0.0464,0,0.9968,0,0,True,LEADING-SIM-V0.1
S‑NOR095,39,0.99,0,0.0014,0,0.9954,0,0,True,LEADING-SIM-V0.1
S‑NOR095,40,0.9898,0,0.0009,0,0.9966,0,0,True,LEADING-SIM-V0.1
S‑NOR095,41,0.9895,0,0.0131,0,0.9958,0,0,True,LEADING-SIM-V0.1
S‑NOR095,42,0.9841,0,0.0191,1,0.9975,0,0,True,LEADING-SIM-V0.1
S‑NOR095,43,0.9784,0,0.05,0,0.9953,0,0,True,LEADING-SIM-V0.1
S‑NOR095,44,0.9927,0,0.0025,2,0.9986,0,0,True,LEADING-SIM-V0.1
S‑NOR095,45,0.9841,0,0.015,0,0.9949,0,0,True,LEADING-SIM-V0.1
S‑NOR095,46,0.9854,1,0.0208,1,0.9967,1,0,True,LEADING-SIM-V0.1
S‑NOR095,47,0.9973,0,0.0105,2,0.9972,0,0,True,LEADING-SIM-V0.1
S‑NOR095,48,0.9959,0,0.001,2,0.9963,0,0,True,LEADING-SIM-V0.1
S‑NOR095,49,0.9869,0,0.0082,0,0.9947,0,0,True,LEADING-SIM-V0.1
S‑NOR095,50,0.9812,0,0.0196,0,0.9995,0,0,True,LEADING-SIM-V0.1
S‑NOR095,51,0.9663,0,0.0008,0,0.9979,0,0,True,LEADING-SIM-V0.1
S‑NOR095,52,0.977,0,0.0711,0,0.9969,0,0,True,LEADING-SIM-V0.1
S‑NOR096,1,0.9827,0,0.0134,1,0.9956,0,0,True,LEADING-SIM-V0.1
S‑NOR096,2,0.9909,0,0.07,1,0.9952,0,0,True,LEADING-SIM-V0.1
S‑NOR096,3,0.988,1,0.0018,0,0.9951,0,0,True,LEADING-SIM-V0.1
S‑NOR096,4,0.9895,0,0.0412,0,0.9968,0,0,True,LEADING-SIM-V0.1
S‑NOR096,5,0.9753,1,0.0173,0,0.9991,0,0,True,LEADING-SIM-V0.1
S‑NOR096,6,0.9822,0,0.011,0,0.9976,0,0,True,LEADING-SIM-V0.1
S‑NOR096,7,0.9788,0,0.0093,1,0.9965,0,0,True,LEADING-SIM-V0.1
S‑NOR096,8,0.9835,0,0.0054,0,0.997,0,0,True,LEADING-SIM-V0.1
S‑NOR096,9,0.9827,0,0.029,0,0.9965,0,0,True,LEADING-SIM-V0.1
S‑NOR096,10,0.9864,0,0.0018,0,0.9974,0,0,True,LEADING-SIM-V0.1
S‑NOR096,11,0.9844,2,0.0105,0,0.9965,0,0,True,LEADING-SIM-V0.1
S‑NOR096,12,0.9815,0,0.016,1,0.9944,0,0,True,LEADING-SIM-V0.1
S‑NOR096,13,0.9899,0,0.0302,0,0.9992,0,0,True,LEADING-SIM-V0.1
S‑NOR096,14,0.9731,0,0.054,0,0.996,0,0,True,LEADING-SIM-V0.1
S‑NOR096,15,0.987,0,0.0074,0,0.9939,0,0,True,LEADING-SIM-V0.1
S‑NOR096,16,0.9763,0,0.0693,0,0.9947,0,0,True,LEADING-SIM-V0.1
S‑NOR096,17,0.9793,0,0.0097,1,0.9981,0,0,True,LEADING-SIM-V0.1
S‑NOR096,18,0.9819,0,0.046,0,0.9991,0,0,True,LEADING-SIM-V0.1
S‑NOR096,19,0.9793,0,0.0136,0,0.9941,0,0,True,LEADING-SIM-V0.1
S‑NOR096,20,0.9857,0,0.0361,0,0.9938,0,0,True,LEADING-SIM-V0.1
S‑NOR096,21,0.9864,0,0.0785,0,0.9956,0,0,True,LEADING-SIM-V0.1
S‑NOR096,22,0.9844,0,0.0161,0,0.9969,0,0,True,LEADING-SIM-V0.1
S‑NOR096,23,0.988,0,0.0101,0,0.997,0,0,True,LEADING-SIM-V0.1
S‑NOR096,24,1.0,0,0.0032,0,0.9994,0,0,True,LEADING-SIM-V0.1
S‑NOR096,25,0.9817,0,0.0271,0,0.998,0,0,True,LEADING-SIM-V0.1
S‑NOR096,26,0.9943,0,0.0215,0,0.9973,0,0,True,LEADING-SIM-V0.1
S‑NOR096,27,0.993,1,0.1213,0,0.998,0,1,True,LEADING-SIM-V0.1
S‑NOR096,28,0.9909,0,0.0053,0,0.9962,0,0,True,LEADING-SIM-V0.1
S‑NOR096,29,0.9872,0,0.0832,0,0.998,0,0,True,LEADING-SIM-V0.1
S‑NOR096,30,0.9922,0,0.0173,0,0.9977,0,0,True,LEADING-SIM-V0.1
S‑NOR096,31,0.9871,0,0.0044,0,0.9976,0,0,True,LEADING-SIM-V0.1
S‑NOR096,32,0.9759,0,0.0131,1,0.9982,0,0,True,LEADING-SIM-V0.1
S‑NOR096,33,0.9861,0,0.0502,1,0.9974,0,0,True,LEADING-SIM-V0.1
S‑NOR096,34,0.9868,0,0.0625,0,0.9977,0,0,True,LEADING-SIM-V0.1
S‑NOR096,35,0.9835,0,0.0638,1,0.9963,0,0,True,LEADING-SIM-V0.1
S‑NOR096,36,0.9912,1,0.0225,0,0.9983,0,0,True,LEADING-SIM-V0.1
S‑NOR096,37,0.9817,0,0.06,1,0.9995,0,0,True,LEADING-SIM-V0.1
S‑NOR096,38,0.9804,0,0.0012,0,0.9977,0,0,True,LEADING-SIM-V0.1
S‑NOR096,39,0.9806,0,0.0151,0,0.9962,0,0,True,LEADING-SIM-V0.1
S‑NOR096,40,0.9775,0,0.0894,0,0.999,0,0,True,LEADING-SIM-V0.1
S‑NOR096,41,0.9891,0,0.0214,1,0.9991,0,0,True,LEADING-SIM-V0.1
S‑NOR096,42,0.9893,0,0.0087,2,0.9984,0,0,True,LEADING-SIM-V0.1
S‑NOR096,43,0.9901,0,0.0569,0,0.9966,0,0,True,LEADING-SIM-V0.1
S‑NOR096,44,0.9918,0,0.0314,0,0.9975,1,0,True,LEADING-SIM-V0.1
S‑NOR096,45,0.9828,0,0.0182,0,0.9959,0,0,True,LEADING-SIM-V0.1
S‑NOR096,46,0.9775,0,0.0111,0,0.9983,0,0,True,LEADING-SIM-V0.1
S‑NOR096,47,0.9908,0,0.1139,0,0.9958,0,0,True,LEADING-SIM-V0.1
S‑NOR096,48,0.9846,0,0.014,1,0.9978,0,0,True,LEADING-SIM-V0.1
S‑NOR096,49,0.9823,0,0.0755,0,0.996,0,0,True,LEADING-SIM-V0.1
S‑NOR096,50,0.985,0,0.0038,0,0.9981,0,0,True,LEADING-SIM-V0.1
S‑NOR096,51,0.9779,1,0.0205,1,0.9967,0,0,True,LEADING-SIM-V0.1
S‑NOR096,52,0.9849,0,0.0277,0,0.9955,0,0,True,LEADING-SIM-V0.1
S‑NOR097,1,0.9915,0,0.0454,0,0.9943,0,0,True,LEADING-SIM-V0.1
S‑NOR097,2,0.9769,0,0.0087,0,0.9973,0,0,True,LEADING-SIM-V0.1
S‑NOR097,3,0.9885,0,0.0117,0,0.998,0,0,True,LEADING-SIM-V0.1
S‑NOR097,4,0.9859,0,0.0156,0,0.9959,0,1,True,LEADING-SIM-V0.1
S‑NOR097,5,0.9898,0,0.0206,0,0.9966,0,0,True,LEADING-SIM-V0.1
S‑NOR097,6,0.9865,0,0.021,0,0.9978,0,0,True,LEADING-SIM-V0.1
S‑NOR097,7,0.9896,0,0.0333,1,0.9992,0,0,True,LEADING-SIM-V0.1
S‑NOR097,8,0.9924,0,0.0123,1,0.9982,0,0,True,LEADING-SIM-V0.1
S‑NOR097,9,0.9701,0,0.0331,0,0.9977,0,0,True,LEADING-SIM-V0.1
S‑NOR097,10,0.9877,0,0.0254,0,0.9985,0,0,True,LEADING-SIM-V0.1
S‑NOR097,11,0.9801,1,0.0704,0,0.9978,0,0,True,LEADING-SIM-V0.1
S‑NOR097,12,0.9759,0,0.0023,0,0.996,0,0,True,LEADING-SIM-V0.1
S‑NOR097,13,0.9814,1,0.0528,0,0.996,0,0,True,LEADING-SIM-V0.1
S‑NOR097,14,0.9868,0,0.0131,0,0.9972,0,0,True,LEADING-SIM-V0.1
S‑NOR097,15,0.9879,0,0.0192,0,0.9958,0,0,True,LEADING-SIM-V0.1
S‑NOR097,16,0.9786,0,0.023,0,0.9965,0,0,True,LEADING-SIM-V0.1
S‑NOR097,17,0.9746,0,0.0285,0,0.9956,0,0,True,LEADING-SIM-V0.1
S‑NOR097,18,0.9748,0,0.0194,0,0.9962,0,0,True,LEADING-SIM-V0.1
S‑NOR097,19,0.9851,0,0.0239,0,0.997,0,0,True,LEADING-SIM-V0.1
S‑NOR097,20,0.9914,0,0.0022,0,0.9972,0,0,True,LEADING-SIM-V0.1
S‑NOR097,21,0.9811,1,0.0142,0,0.9992,0,0,True,LEADING-SIM-V0.1
S‑NOR097,22,0.986,0,0.024,0,0.9965,0,0,True,LEADING-SIM-V0.1
S‑NOR097,23,0.9847,0,0.0091,0,0.9986,1,0,True,LEADING-SIM-V0.1
S‑NOR097,24,0.9835,0,0.0025,0,0.9954,0,0,True,LEADING-SIM-V0.1
S‑NOR097,25,0.984,0,0.0027,2,0.9973,0,0,True,LEADING-SIM-V0.1
S‑NOR097,26,0.9836,0,0.0461,0,0.9968,0,0,True,LEADING-SIM-V0.1
S‑NOR097,27,0.9939,1,0.0225,0,0.9943,0,0,True,LEADING-SIM-V0.1
S‑NOR097,28,0.9914,0,0.0296,0,0.9968,0,0,True,LEADING-SIM-V0.1
S‑NOR097,29,0.9858,0,0.15,0,0.9955,0,0,True,LEADING-SIM-V0.1
S‑NOR097,30,0.9859,0,0.0016,0,0.9992,0,0,True,LEADING-SIM-V0.1
S‑NOR097,31,0.9883,0,0.0413,0,0.9959,0,0,True,LEADING-SIM-V0.1
S‑NOR097,32,0.9841,0,0.0627,2,0.9966,0,0,True,LEADING-SIM-V0.1
S‑NOR097,33,0.9846,1,0.0506,1,0.9956,0,0,True,LEADING-SIM-V0.1
S‑NOR097,34,0.9827,1,0.0366,0,0.9973,0,0,True,LEADING-SIM-V0.1
S‑NOR097,35,0.9713,0,0.0684,0,0.997,0,0,True,LEADING-SIM-V0.1
S‑NOR097,36,0.9841,0,0.0329,0,0.9993,0,0,True,LEADING-SIM-V0.1
S‑NOR097,37,0.9786,0,0.0614,1,0.9944,0,0,True,LEADING-SIM-V0.1
S‑NOR097,38,0.984,0,0.0462,0,0.9966,0,0,True,LEADING-SIM-V0.1
S‑NOR097,39,0.9888,0,0.1045,1,0.9971,0,1,True,LEADING-SIM-V0.1
S‑NOR097,40,0.9933,1,0.0334,1,0.9948,0,0,True,LEADING-SIM-V0.1
S‑NOR097,41,0.9944,0,0.0054,0,0.9954,0,0,True,LEADING-SIM-V0.1
S‑NOR097,42,0.9904,1,0.016,1,0.9952,1,0,True,LEADING-SIM-V0.1
S‑NOR097,43,0.9845,0,0.0052,0,0.9983,0,0,True,LEADING-SIM-V0.1
S‑NOR097,44,0.9924,0,0.0533,1,0.9966,0,0,True,LEADING-SIM-V0.1
S‑NOR097,45,0.9839,0,0.0329,0,0.9956,0,0,True,LEADING-SIM-V0.1
S‑NOR097,46,0.9739,1,0.0211,0,0.997,0,0,True,LEADING-SIM-V0.1
S‑NOR097,47,0.9918,2,0.0824,1,0.9978,0,0,True,LEADING-SIM-V0.1
S‑NOR097,48,0.9775,0,0.0267,0,0.9987,0,0,True,LEADING-SIM-V0.1
S‑NOR097,49,0.9867,0,0.008,0,0.9972,0,0,True,LEADING-SIM-V0.1
S‑NOR097,50,0.9929,0,0.0309,1,0.9976,1,0,True,LEADING-SIM-V0.1
S‑NOR097,51,0.9904,0,0.0311,1,0.9948,0,0,True,LEADING-SIM-V0.1
S‑NOR097,52,0.9857,0,0.0889,1,0.9989,0,0,True,LEADING-SIM-V0.1
S‑NOR098,1,0.9831,0,0.0282,0,0.9949,0,0,True,LEADING-SIM-V0.1
S‑NOR098,2,0.9817,0,0.0723,0,0.997,0,0,True,LEADING-SIM-V0.1
S‑NOR098,3,0.9833,0,0.0217,1,0.9973,0,0,True,LEADING-SIM-V0.1
S‑NOR098,4,0.986,0,0.0471,1,0.9964,0,0,True,LEADING-SIM-V0.1
S‑NOR098,5,0.9794,0,0.0293,1,0.9977,0,0,True,LEADING-SIM-V0.1
S‑NOR098,6,0.9843,0,0.0707,0,0.9965,0,0,True,LEADING-SIM-V0.1
S‑NOR098,7,0.9893,0,0.0654,0,0.9968,0,0,True,LEADING-SIM-V0.1
S‑NOR098,8,0.985,0,0.0172,0,0.9963,0,0,True,LEADING-SIM-V0.1
S‑NOR098,9,0.9952,0,0.0721,0,0.9989,0,0,True,LEADING-SIM-V0.1
S‑NOR098,10,0.9865,0,0.0379,0,0.9963,0,0,True,LEADING-SIM-V0.1
S‑NOR098,11,0.9768,0,0.0957,1,0.9965,0,0,True,LEADING-SIM-V0.1
S‑NOR098,12,0.9849,1,0.0452,0,0.9975,0,0,True,LEADING-SIM-V0.1
S‑NOR098,13,0.9784,0,0.0425,0,0.9951,0,0,True,LEADING-SIM-V0.1
S‑NOR098,14,0.9901,0,0.0096,0,0.9964,0,0,True,LEADING-SIM-V0.1
S‑NOR098,15,0.9796,0,0.0094,0,0.9972,0,0,True,LEADING-SIM-V0.1
S‑NOR098,16,0.9728,0,0.0017,1,0.9971,0,0,True,LEADING-SIM-V0.1
S‑NOR098,17,0.9969,0,0.0914,0,0.9976,0,0,True,LEADING-SIM-V0.1
S‑NOR098,18,0.9857,0,0.0437,1,0.9986,0,0,True,LEADING-SIM-V0.1
S‑NOR098,19,0.9842,0,0.0098,1,0.9971,0,0,True,LEADING-SIM-V0.1
S‑NOR098,20,0.9846,1,0.0308,0,0.9991,0,0,True,LEADING-SIM-V0.1
S‑NOR098,21,0.991,0,0.008,0,0.9994,0,0,True,LEADING-SIM-V0.1
S‑NOR098,22,0.9827,0,0.006,0,0.9957,0,0,True,LEADING-SIM-V0.1
S‑NOR098,23,0.9884,0,0.0062,0,0.9982,0,0,True,LEADING-SIM-V0.1
S‑NOR098,24,0.9718,0,0.0226,1,0.997,0,0,True,LEADING-SIM-V0.1
S‑NOR098,25,0.9844,0,0.0348,0,1.0,1,0,True,LEADING-SIM-V0.1
S‑NOR098,26,0.9862,0,0.0791,0,0.9986,0,0,True,LEADING-SIM-V0.1
S‑NOR098,27,0.992,0,0.0293,1,0.9992,1,0,True,LEADING-SIM-V0.1
S‑NOR098,28,0.9849,0,0.0604,0,0.9959,0,0,True,LEADING-SIM-V0.1
S‑NOR098,29,0.9857,0,0.0012,0,0.9957,0,0,True,LEADING-SIM-V0.1
S‑NOR098,30,0.9876,1,0.0065,0,0.9982,0,0,True,LEADING-SIM-V0.1
S‑NOR098,31,0.989,0,0.0259,2,0.9944,0,0,True,LEADING-SIM-V0.1
S‑NOR098,32,0.9948,0,0.0717,0,0.9969,0,0,True,LEADING-SIM-V0.1
S‑NOR098,33,0.9873,0,0.0588,0,0.9954,0,0,True,LEADING-SIM-V0.1
S‑NOR098,34,0.9821,0,0.0126,1,0.9978,0,1,True,LEADING-SIM-V0.1
S‑NOR098,35,0.9866,0,0.0017,0,0.9998,0,0,True,LEADING-SIM-V0.1
S‑NOR098,36,0.9899,0,0.0527,0,0.9959,0,0,True,LEADING-SIM-V0.1
S‑NOR098,37,0.9897,0,0.0801,0,0.9954,0,0,True,LEADING-SIM-V0.1
S‑NOR098,38,0.9797,0,0.0169,1,0.9963,0,0,True,LEADING-SIM-V0.1
S‑NOR098,39,0.9968,0,0.0423,0,0.9973,0,0,True,LEADING-SIM-V0.1
S‑NOR098,40,0.9934,0,0.0131,1,0.9995,0,0,True,LEADING-SIM-V0.1
S‑NOR098,41,0.9832,0,0.064,0,0.9976,0,0,True,LEADING-SIM-V0.1
S‑NOR098,42,0.9835,0,0.0458,0,0.9957,0,0,True,LEADING-SIM-V0.1
S‑NOR098,43,0.9895,0,0.0103,0,0.9959,0,0,True,LEADING-SIM-V0.1
S‑NOR098,44,0.9794,0,0.0095,2,0.9958,0,0,True,LEADING-SIM-V0.1
S‑NOR098,45,0.9893,0,0.0219,0,0.9977,0,0,True,LEADING-SIM-V0.1
S‑NOR098,46,0.9857,1,0.0128,0,0.9976,0,0,True,LEADING-SIM-V0.1
S‑NOR098,47,0.9901,1,0.0013,0,0.9945,0,0,True,LEADING-SIM-V0.1
S‑NOR098,48,0.9854,0,0.0228,0,0.9965,0,0,True,LEADING-SIM-V0.1
S‑NOR098,49,0.9896,1,0.0325,0,1.0,0,0,True,LEADING-SIM-V0.1
S‑NOR098,50,0.9841,0,0.0378,1,0.9975,0,0,True,LEADING-SIM-V0.1
S‑NOR098,51,0.9876,1,0.0164,0,0.9976,0,0,True,LEADING-SIM-V0.1
S‑NOR098,52,0.9915,0,0.1176,2,0.997,0,0,True,LEADING-SIM-V0.1
S‑NOR099,1,0.9855,0,0.0228,1,0.9967,0,0,True,LEADING-SIM-V0.1
S‑NOR099,2,0.9842,0,0.0184,0,0.9984,0,0,True,LEADING-SIM-V0.1
S‑NOR099,3,0.9798,0,0.0242,1,0.9961,0,0,True,LEADING-SIM-V0.1
S‑NOR099,4,0.9714,1,0.0463,1,0.9985,0,0,True,LEADING-SIM-V0.1
S‑NOR099,5,0.9861,0,0.0101,0,0.9975,0,0,True,LEADING-SIM-V0.1
S‑NOR099,6,0.9775,0,0.0077,0,0.9965,0,0,True,LEADING-SIM-V0.1
S‑NOR099,7,0.9854,0,0.0869,0,0.9951,0,0,True,LEADING-SIM-V0.1
S‑NOR099,8,0.9795,0,0.0087,1,0.9959,0,0,True,LEADING-SIM-V0.1
S‑NOR099,9,0.9892,0,0.0174,1,0.9971,0,0,True,LEADING-SIM-V0.1
S‑NOR099,10,0.9766,0,0.023,0,0.9984,0,0,True,LEADING-SIM-V0.1
S‑NOR099,11,0.9804,2,0.0941,1,0.9968,0,0,True,LEADING-SIM-V0.1
S‑NOR099,12,0.9887,1,0.0795,1,0.9944,0,0,True,LEADING-SIM-V0.1
S‑NOR099,13,0.9833,0,0.0064,0,0.9979,0,0,True,LEADING-SIM-V0.1
S‑NOR099,14,1.0,0,0.0052,0,0.9977,0,0,True,LEADING-SIM-V0.1
S‑NOR099,15,0.9932,0,0.0278,0,0.9981,0,0,True,LEADING-SIM-V0.1
S‑NOR099,16,0.9822,0,0.0131,0,0.9968,0,0,True,LEADING-SIM-V0.1
S‑NOR099,17,0.9897,0,0.0135,0,0.9966,0,0,True,LEADING-SIM-V0.1
S‑NOR099,18,0.9806,0,0.0094,0,0.9966,0,0,True,LEADING-SIM-V0.1
S‑NOR099,19,0.9821,0,0.0093,0,0.9968,0,0,True,LEADING-SIM-V0.1
S‑NOR099,20,0.979,1,0.0018,1,0.9973,0,0,True,LEADING-SIM-V0.1
S‑NOR099,21,0.984,0,0.0073,2,0.9997,0,0,True,LEADING-SIM-V0.1
S‑NOR099,22,0.9916,0,0.0405,0,0.9958,0,0,True,LEADING-SIM-V0.1
S‑NOR099,23,0.9886,0,0.0117,0,0.9958,0,0,True,LEADING-SIM-V0.1
S‑NOR099,24,0.9807,0,0.0559,1,0.9984,0,0,True,LEADING-SIM-V0.1
S‑NOR099,25,0.9855,0,0.0717,1,0.998,0,0,True,LEADING-SIM-V0.1
S‑NOR099,26,0.9876,0,0.0675,0,0.998,0,0,True,LEADING-SIM-V0.1
S‑NOR099,27,0.989,0,0.0453,1,0.998,0,0,True,LEADING-SIM-V0.1
S‑NOR099,28,0.9883,0,0.0202,0,0.9989,0,0,True,LEADING-SIM-V0.1
S‑NOR099,29,0.9915,0,0.0602,1,0.9954,0,0,True,LEADING-SIM-V0.1
S‑NOR099,30,0.9882,0,0.041,0,0.9956,0,0,True,LEADING-SIM-V0.1
S‑NOR099,31,0.9905,0,0.0414,1,0.9948,0,0,True,LEADING-SIM-V0.1
S‑NOR099,32,0.9877,0,0.0281,1,0.996,0,0,True,LEADING-SIM-V0.1
S‑NOR099,33,0.9947,0,0.0004,2,0.9964,0,0,True,LEADING-SIM-V0.1
S‑NOR099,34,0.9948,0,0.0175,0,0.9954,0,0,True,LEADING-SIM-V0.1
S‑NOR099,35,0.9978,0,0.031,0,0.9966,0,0,True,LEADING-SIM-V0.1
S‑NOR099,36,0.9828,1,0.0171,0,0.9983,0,0,True,LEADING-SIM-V0.1
S‑NOR099,37,0.9732,0,0.0275,0,0.9985,0,0,True,LEADING-SIM-V0.1
S‑NOR099,38,0.991,0,0.0482,0,0.9942,0,0,True,LEADING-SIM-V0.1
S‑NOR099,39,0.9798,0,0.0025,2,0.9992,1,0,True,LEADING-SIM-V0.1
S‑NOR099,40,0.9784,0,0.0395,0,0.9982,0,0,True,LEADING-SIM-V0.1
S‑NOR099,41,0.9899,1,0.0475,0,0.9938,0,0,True,LEADING-SIM-V0.1
S‑NOR099,42,0.9788,0,0.0157,0,0.9946,0,0,True,LEADING-SIM-V0.1
S‑NOR099,43,0.9781,0,0.1181,0,0.9969,0,0,True,LEADING-SIM-V0.1
S‑NOR099,44,0.994,0,0.0564,0,0.9986,0,0,True,LEADING-SIM-V0.1
S‑NOR099,45,0.9823,1,0.0086,1,0.9958,1,0,True,LEADING-SIM-V0.1
S‑NOR099,46,0.9957,0,0.0155,0,0.9948,0,0,True,LEADING-SIM-V0.1
S‑NOR099,47,0.9886,1,0.0242,1,0.9972,0,0,True,LEADING-SIM-V0.1
S‑NOR099,48,0.9847,0,0.0223,0,0.9989,0,0,True,LEADING-SIM-V0.1
S‑NOR099,49,0.988,0,0.0361,0,0.9988,0,0,True,LEADING-SIM-V0.1
S‑NOR099,50,0.9785,0,0.1242,0,0.9961,0,0,True,LEADING-SIM-V0.1
S‑NOR099,51,0.9777,0,0.0005,0,0.9944,0,0,True,LEADING-SIM-V0.1
S‑NOR099,52,0.9853,0,0.0598,1,0.9986,0,0,True,LEADING-SIM-V0.1
S‑NOR100,1,0.9838,1,0.0034,1,0.9983,0,0,True,LEADING-SIM-V0.1
S‑NOR100,2,0.9792,1,0.0157,0,0.9991,0,0,True,LEADING-SIM-V0.1
S‑NOR100,3,0.9784,0,0.0112,1,0.9971,0,0,True,LEADING-SIM-V0.1
S‑NOR100,4,0.9907,0,0.0322,0,0.9944,0,0,True,LEADING-SIM-V0.1
S‑NOR100,5,0.9835,0,0.0237,0,0.9984,0,0,True,LEADING-SIM-V0.1
S‑NOR100,6,0.9895,0,0.0049,0,0.9994,0,0,True,LEADING-SIM-V0.1
S‑NOR100,7,0.996,0,0.0109,0,0.9979,0,0,True,LEADING-SIM-V0.1
S‑NOR100,8,0.9794,0,0.0076,0,0.9964,0,0,True,LEADING-SIM-V0.1
S‑NOR100,9,0.9907,0,0.0303,0,0.9956,0,0,True,LEADING-SIM-V0.1
S‑NOR100,10,0.9876,0,0.0503,0,0.9958,0,0,True,LEADING-SIM-V0.1
S‑NOR100,11,0.9852,1,0.0109,2,0.9935,0,0,True,LEADING-SIM-V0.1
S‑NOR100,12,0.9905,0,0.0487,2,0.9958,0,0,True,LEADING-SIM-V0.1
S‑NOR100,13,0.983,0,0.0092,1,0.9959,0,0,True,LEADING-SIM-V0.1
S‑NOR100,14,0.9889,0,0.0223,0,0.9935,0,0,True,LEADING-SIM-V0.1
S‑NOR100,15,0.9923,0,0.0044,0,0.999,0,0,True,LEADING-SIM-V0.1
S‑NOR100,16,0.9831,0,0.0319,0,0.9974,0,0,True,LEADING-SIM-V0.1
S‑NOR100,17,0.9826,0,0.0207,0,0.9982,0,0,True,LEADING-SIM-V0.1
S‑NOR100,18,0.978,0,0.0001,0,0.9988,0,0,True,LEADING-SIM-V0.1
S‑NOR100,19,0.9938,0,0.0129,0,0.9968,0,0,True,LEADING-SIM-V0.1
S‑NOR100,20,0.9826,1,0.0486,1,0.9976,0,0,True,LEADING-SIM-V0.1
S‑NOR100,21,0.9935,0,0.1159,0,0.997,0,0,True,LEADING-SIM-V0.1
S‑NOR100,22,0.9809,0,0.0217,0,0.9956,0,0,True,LEADING-SIM-V0.1
S‑NOR100,23,1.0,0,0.0094,0,0.9944,0,0,True,LEADING-SIM-V0.1
S‑NOR100,24,0.9876,0,0.0469,0,0.998,0,0,True,LEADING-SIM-V0.1
S‑NOR100,25,0.9842,0,0.0251,1,0.9944,0,0,True,LEADING-SIM-V0.1
S‑NOR100,26,0.983,1,0.0228,0,0.9965,0,0,True,LEADING-SIM-V0.1
S‑NOR100,27,0.9713,0,0.0099,0,0.999,0,0,True,LEADING-SIM-V0.1
S‑NOR100,28,0.9859,0,0.0872,0,0.9975,0,0,True,LEADING-SIM-V0.1
S‑NOR100,29,0.9829,0,0.0191,0,0.9968,0,0,True,LEADING-SIM-V0.1
S‑NOR100,30,0.9925,0,0.0297,1,0.9988,0,0,True,LEADING-SIM-V0.1
S‑NOR100,31,0.9815,0,0.0,0,0.9966,0,0,True,LEADING-SIM-V0.1
S‑NOR100,32,0.9857,0,0.0571,0,0.9966,0,0,True,LEADING-SIM-V0.1
S‑NOR100,33,0.9965,0,0.0065,1,0.9982,0,0,True,LEADING-SIM-V0.1
S‑NOR100,34,0.9881,0,0.0357,1,0.9964,0,0,True,LEADING-SIM-V0.1
S‑NOR100,35,0.9874,1,0.0199,1,0.9972,0,0,True,LEADING-SIM-V0.1
S‑NOR100,36,0.9808,0,0.0302,1,0.9965,0,0,True,LEADING-SIM-V0.1
S‑NOR100,37,0.9769,0,0.0252,0,0.9972,0,0,True,LEADING-SIM-V0.1
S‑NOR100,38,0.9957,0,0.016,0,0.9974,0,0,True,LEADING-SIM-V0.1
S‑NOR100,39,0.9936,1,0.0008,0,0.9946,0,0,True,LEADING-SIM-V0.1
S‑NOR100,40,0.9883,1,0.0204,0,0.9958,0,0,True,LEADING-SIM-V0.1
S‑NOR100,41,0.9906,0,0.0311,0,0.996,0,0,True,LEADING-SIM-V0.1
S‑NOR100,42,0.9779,0,0.064,1,0.994,0,0,True,LEADING-SIM-V0.1
S‑NOR100,43,0.9882,0,0.0375,0,0.9977,0,0,True,LEADING-SIM-V0.1
S‑NOR100,44,0.9949,0,0.0387,0,0.9966,0,0,True,LEADING-SIM-V0.1
S‑NOR100,45,0.9795,0,0.0397,0,0.9965,0,0,True,LEADING-SIM-V0.1
S‑NOR100,46,0.9854,0,0.0146,1,0.999,0,0,True,LEADING-SIM-V0.1
S‑NOR100,47,0.9832,0,0.0172,0,0.9926,0,0,True,LEADING-SIM-V0.1
S‑NOR100,48,0.9843,0,0.0134,0,0.9975,0,0,True,LEADING-SIM-V0.1
S‑NOR100,49,0.9927,0,0.045,0,0.9947,0,0,True,LEADING-SIM-V0.1
S‑NOR100,50,0.9817,0,0.0014,1,0.9962,0,0,True,LEADING-SIM-V0.1
S‑NOR100,51,0.9904,0,0.0196,1,0.999,0,0,True,LEADING-SIM-V0.1
S‑NOR100,52,0.9858,1,0.0085,0,0.9977,1,0,True,LEADING-SIM-V0.1
S‑NOR101,1,0.9877,0,0.0338,0,0.9956,0,0,True,LEADING-SIM-V0.1
S‑NOR101,2,0.9847,0,0.012,0,0.9967,0,0,True,LEADING-SIM-V0.1
S‑NOR101,3,0.9878,0,0.0064,0,0.9963,0,0,True,LEADING-SIM-V0.1
S‑NOR101,4,0.9791,1,0.0252,0,1.0,0,0,True,LEADING-SIM-V0.1
S‑NOR101,5,0.9798,0,0.0429,1,0.9966,0,0,True,LEADING-SIM-V0.1
S‑NOR101,6,0.9921,0,0.033,1,0.9971,0,0,True,LEADING-SIM-V0.1
S‑NOR101,7,0.9845,0,0.0283,1,0.9992,0,0,True,LEADING-SIM-V0.1
S‑NOR101,8,0.9878,0,0.0319,0,0.9996,0,0,True,LEADING-SIM-V0.1
S‑NOR101,9,0.9896,1,0.0356,0,0.998,0,0,True,LEADING-SIM-V0.1
S‑NOR101,10,0.9984,0,0.0005,0,0.9959,0,0,True,LEADING-SIM-V0.1
S‑NOR101,11,0.9832,0,0.0172,0,0.9977,1,0,True,LEADING-SIM-V0.1
S‑NOR101,12,0.9885,0,0.0266,0,0.997,0,0,True,LEADING-SIM-V0.1
S‑NOR101,13,0.9847,0,0.026,0,0.9957,0,0,True,LEADING-SIM-V0.1
S‑NOR101,14,0.9914,1,0.0004,1,0.9957,0,0,True,LEADING-SIM-V0.1
S‑NOR101,15,0.9784,0,0.0107,1,0.9994,0,0,True,LEADING-SIM-V0.1
S‑NOR101,16,0.9892,0,0.0222,2,0.9958,0,0,True,LEADING-SIM-V0.1
S‑NOR101,17,0.983,0,0.0534,1,0.9985,0,0,True,LEADING-SIM-V0.1
S‑NOR101,18,0.9826,0,0.03,1,0.9976,0,0,True,LEADING-SIM-V0.1
S‑NOR101,19,0.9861,0,0.0825,2,0.9977,0,0,True,LEADING-SIM-V0.1
S‑NOR101,20,0.9785,0,0.022,0,0.9975,0,0,True,LEADING-SIM-V0.1
S‑NOR101,21,0.9932,0,0.0762,0,0.9995,0,0,True,LEADING-SIM-V0.1
S‑NOR101,22,0.9766,0,0.0304,0,0.9989,0,0,True,LEADING-SIM-V0.1
S‑NOR101,23,0.9861,0,0.0112,0,0.9965,0,0,True,LEADING-SIM-V0.1
S‑NOR101,24,0.9872,0,0.0416,1,0.9977,0,0,True,LEADING-SIM-V0.1
S‑NOR101,25,0.9796,0,0.0259,0,0.9957,0,0,True,LEADING-SIM-V0.1
S‑NOR101,26,0.9918,0,0.1372,0,0.9972,0,0,True,LEADING-SIM-V0.1
S‑NOR101,27,0.971,1,0.0296,1,0.9997,0,0,True,LEADING-SIM-V0.1
S‑NOR101,28,0.9771,1,0.042,1,0.9967,0,0,True,LEADING-SIM-V0.1
S‑NOR101,29,0.987,0,0.009,1,0.9997,0,0,True,LEADING-SIM-V0.1
S‑NOR101,30,0.991,0,0.0478,0,0.997,0,0,True,LEADING-SIM-V0.1
S‑NOR101,31,0.9947,0,0.1012,0,0.9952,0,0,True,LEADING-SIM-V0.1
S‑NOR101,32,0.9886,0,0.0215,0,0.9977,0,0,True,LEADING-SIM-V0.1
S‑NOR101,33,0.9794,0,0.0485,0,0.9948,0,0,True,LEADING-SIM-V0.1
S‑NOR101,34,0.9783,0,0.0148,0,0.9997,0,0,True,LEADING-SIM-V0.1
S‑NOR101,35,0.99,0,0.0146,0,0.999,0,0,True,LEADING-SIM-V0.1
S‑NOR101,36,0.9814,1,0.0439,0,0.9984,0,0,True,LEADING-SIM-V0.1
S‑NOR101,37,0.9818,0,0.0271,0,0.9962,0,0,True,LEADING-SIM-V0.1
S‑NOR101,38,0.9994,0,0.0069,0,0.9961,0,0,True,LEADING-SIM-V0.1
S‑NOR101,39,0.9811,0,0.0158,0,0.9946,0,0,True,LEADING-SIM-V0.1
S‑NOR101,40,0.9887,0,0.0232,0,0.9986,0,0,True,LEADING-SIM-V0.1
S‑NOR101,41,0.9883,0,0.0356,0,0.996,0,0,True,LEADING-SIM-V0.1
S‑NOR101,42,0.9946,2,0.0022,1,0.998,0,0,True,LEADING-SIM-V0.1
S‑NOR101,43,0.98,1,0.0306,0,0.9961,0,0,True,LEADING-SIM-V0.1
S‑NOR101,44,0.9929,0,0.0474,0,0.9991,0,0,True,LEADING-SIM-V0.1
S‑NOR101,45,0.9852,0,0.0322,0,0.9951,0,0,True,LEADING-SIM-V0.1
S‑NOR101,46,0.9858,1,0.0098,0,0.9962,0,1,True,LEADING-SIM-V0.1
S‑NOR101,47,0.9884,0,0.0346,0,0.9982,1,0,True,LEADING-SIM-V0.1
S‑NOR101,48,0.9851,0,0.1239,0,0.9969,0,0,True,LEADING-SIM-V0.1
S‑NOR101,49,0.995,0,0.0751,1,0.9976,0,0,True,LEADING-SIM-V0.1
S‑NOR101,50,0.98,0,0.0087,0,0.9968,0,0,True,LEADING-SIM-V0.1
S‑NOR101,51,0.9924,0,0.0151,0,0.9962,0,0,True,LEADING-SIM-V0.1
S‑NOR101,52,0.994,0,0.0053,1,0.9991,0,0,True,LEADING-SIM-V0.1
S‑NOR102,1,0.99,0,0.0162,0,0.9966,0,0,True,LEADING-SIM-V0.1
S‑NOR102,2,0.9885,0,0.0698,1,1.0,0,0,True,LEADING-SIM-V0.1
S‑NOR102,3,0.9801,0,0.0317,0,0.9957,0,0,True,LEADING-SIM-V0.1
S‑NOR102,4,0.9787,0,0.1051,0,0.9995,0,0,True,LEADING-SIM-V0.1
S‑NOR102,5,0.9918,0,0.0678,1,0.9976,0,0,True,LEADING-SIM-V0.1
S‑NOR102,6,0.9906,0,0.0059,0,0.9997,0,0,True,LEADING-SIM-V0.1
S‑NOR102,7,0.9892,0,0.0101,0,0.9973,0,0,True,LEADING-SIM-V0.1
S‑NOR102,8,0.9838,0,0.0216,0,0.9953,0,0,True,LEADING-SIM-V0.1
S‑NOR102,9,0.9761,0,0.0239,0,0.9986,0,0,True,LEADING-SIM-V0.1
S‑NOR102,10,0.9801,0,0.0177,0,0.998,0,0,True,LEADING-SIM-V0.1
S‑NOR102,11,0.987,0,0.0116,1,0.996,0,0,True,LEADING-SIM-V0.1
S‑NOR102,12,0.9795,0,0.0102,0,0.9975,0,0,True,LEADING-SIM-V0.1
S‑NOR102,13,0.9925,0,0.0154,1,0.9967,0,0,True,LEADING-SIM-V0.1
S‑NOR102,14,0.9855,0,0.0316,0,0.9956,0,0,True,LEADING-SIM-V0.1
S‑NOR102,15,0.9881,0,0.0332,0,0.9978,0,0,True,LEADING-SIM-V0.1
S‑NOR102,16,0.9853,0,0.0034,0,0.9984,0,0,True,LEADING-SIM-V0.1
S‑NOR102,17,0.9909,0,0.0103,0,0.9956,0,0,True,LEADING-SIM-V0.1
S‑NOR102,18,0.9782,0,0.0543,0,0.9965,0,0,True,LEADING-SIM-V0.1
S‑NOR102,19,0.9732,0,0.0354,0,0.9945,0,0,True,LEADING-SIM-V0.1
S‑NOR102,20,0.9804,0,0.15,0,0.9958,0,0,True,LEADING-SIM-V0.1
S‑NOR102,21,0.994,0,0.0089,0,0.9944,0,0,True,LEADING-SIM-V0.1
S‑NOR102,22,0.9849,0,0.0607,1,0.9992,0,0,True,LEADING-SIM-V0.1
S‑NOR102,23,0.9892,0,0.038,0,0.9946,0,0,True,LEADING-SIM-V0.1
S‑NOR102,24,0.9776,0,0.0298,0,0.9963,0,0,True,LEADING-SIM-V0.1
S‑NOR102,25,0.9835,0,0.004,0,0.9972,0,0,True,LEADING-SIM-V0.1
S‑NOR102,26,0.9884,0,0.0424,0,0.9983,1,0,True,LEADING-SIM-V0.1
S‑NOR102,27,0.9732,0,0.0237,0,0.9972,0,0,True,LEADING-SIM-V0.1
S‑NOR102,28,0.978,0,0.0468,0,0.998,0,0,True,LEADING-SIM-V0.1
S‑NOR102,29,0.9967,0,0.019,2,0.9946,0,0,True,LEADING-SIM-V0.1
S‑NOR102,30,0.9819,0,0.0037,0,0.9947,0,0,True,LEADING-SIM-V0.1
S‑NOR102,31,0.9916,0,0.003,1,0.9974,0,0,True,LEADING-SIM-V0.1
S‑NOR102,32,0.9892,0,0.0256,0,0.9953,0,0,True,LEADING-SIM-V0.1
S‑NOR102,33,0.9837,0,0.0089,0,0.9954,1,1,True,LEADING-SIM-V0.1
S‑NOR102,34,0.9841,0,0.0669,0,0.9949,0,0,True,LEADING-SIM-V0.1
S‑NOR102,35,0.9868,0,0.0732,0,0.9957,0,0,True,LEADING-SIM-V0.1
S‑NOR102,36,0.9908,0,0.0273,0,0.9981,0,0,True,LEADING-SIM-V0.1
S‑NOR102,37,0.9711,0,0.0116,0,0.9986,0,0,True,LEADING-SIM-V0.1
S‑NOR102,38,0.9863,0,0.0364,1,0.9967,0,0,True,LEADING-SIM-V0.1
S‑NOR102,39,0.9741,0,0.0058,0,0.9959,0,0,True,LEADING-SIM-V0.1
S‑NOR102,40,0.986,0,0.0387,0,0.9976,0,0,True,LEADING-SIM-V0.1
S‑NOR102,41,0.9914,0,0.0056,0,0.9983,0,0,True,LEADING-SIM-V0.1
S‑NOR102,42,0.9803,1,0.0097,0,0.9975,0,0,True,LEADING-SIM-V0.1
S‑NOR102,43,0.9922,1,0.0502,0,0.999,0,0,True,LEADING-SIM-V0.1
S‑NOR102,44,0.9868,0,0.0121,1,0.998,0,0,True,LEADING-SIM-V0.1
S‑NOR102,45,0.9864,0,0.0132,0,0.9966,0,0,True,LEADING-SIM-V0.1
S‑NOR102,46,0.9913,1,0.05,0,0.9986,0,0,True,LEADING-SIM-V0.1
S‑NOR102,47,0.9858,0,0.1467,0,0.9967,0,0,True,LEADING-SIM-V0.1
S‑NOR102,48,0.9909,0,0.0174,1,0.995,0,0,True,LEADING-SIM-V0.1
S‑NOR102,49,0.9802,0,0.0246,1,0.9976,0,0,True,LEADING-SIM-V0.1
S‑NOR102,50,0.9853,0,0.1411,0,0.9959,0,0,True,LEADING-SIM-V0.1
S‑NOR102,51,0.9868,0,0.0813,0,0.9962,0,0,True,LEADING-SIM-V0.1
S‑NOR102,52,0.9901,1,0.0157,1,0.9972,0,0,True,LEADING-SIM-V0.1
S‑NOR103,1,0.9753,0,0.0039,1,0.9971,0,0,True,LEADING-SIM-V0.1
S‑NOR103,2,0.9839,0,0.0082,0,0.9971,0,0,True,LEADING-SIM-V0.1
S‑NOR103,3,0.9919,0,0.0927,1,0.9955,0,0,True,LEADING-SIM-V0.1
S‑NOR103,4,0.9925,0,0.0801,0,0.9964,0,0,True,LEADING-SIM-V0.1
S‑NOR103,5,0.9938,0,0.025,0,0.9968,0,0,True,LEADING-SIM-V0.1
S‑NOR103,6,0.9901,0,0.0076,1,0.9967,0,0,True,LEADING-SIM-V0.1
S‑NOR103,7,0.9922,1,0.0209,0,0.9964,0,1,True,LEADING-SIM-V0.1
S‑NOR103,8,0.99,0,0.0012,0,0.9948,0,0,True,LEADING-SIM-V0.1
S‑NOR103,9,0.9865,0,0.0211,0,1.0,0,0,True,LEADING-SIM-V0.1
S‑NOR103,10,0.9917,0,0.1154,0,0.9958,0,0,True,LEADING-SIM-V0.1
S‑NOR103,11,0.992,1,0.0177,1,0.9968,0,0,True,LEADING-SIM-V0.1
S‑NOR103,12,0.9886,0,0.0269,0,0.9982,0,0,True,LEADING-SIM-V0.1
S‑NOR103,13,0.9883,1,0.0955,0,0.9981,0,0,True,LEADING-SIM-V0.1
S‑NOR103,14,0.9889,0,0.0185,0,0.9975,0,0,True,LEADING-SIM-V0.1
S‑NOR103,15,0.9845,0,0.0046,0,0.9982,0,0,True,LEADING-SIM-V0.1
S‑NOR103,16,0.9765,0,0.0439,0,0.9997,0,0,True,LEADING-SIM-V0.1
S‑NOR103,17,0.9859,0,0.0397,0,0.9938,0,0,True,LEADING-SIM-V0.1
S‑NOR103,18,0.9755,0,0.0501,0,0.9951,0,0,True,LEADING-SIM-V0.1
S‑NOR103,19,0.989,0,0.0193,0,0.9976,0,0,True,LEADING-SIM-V0.1
S‑NOR103,20,0.9748,0,0.0255,1,0.9984,0,0,True,LEADING-SIM-V0.1
S‑NOR103,21,0.9821,0,0.015,0,0.9949,0,0,True,LEADING-SIM-V0.1
S‑NOR103,22,0.9825,1,0.0266,0,0.9987,1,0,True,LEADING-SIM-V0.1
S‑NOR103,23,0.9805,0,0.0167,0,0.9969,0,0,True,LEADING-SIM-V0.1
S‑NOR103,24,0.9824,0,0.0655,1,0.9967,0,0,True,LEADING-SIM-V0.1
S‑NOR103,25,0.9845,0,0.0246,0,0.9971,0,0,True,LEADING-SIM-V0.1
S‑NOR103,26,0.9864,0,0.0299,0,0.9966,0,0,True,LEADING-SIM-V0.1
S‑NOR103,27,0.9816,0,0.0532,2,0.9974,0,0,True,LEADING-SIM-V0.1
S‑NOR103,28,0.9824,0,0.1177,1,0.9961,0,0,True,LEADING-SIM-V0.1
S‑NOR103,29,0.9902,0,0.0169,0,0.996,0,0,True,LEADING-SIM-V0.1
S‑NOR103,30,0.9903,0,0.0214,2,0.9966,0,0,True,LEADING-SIM-V0.1
S‑NOR103,31,0.9903,1,0.0045,0,0.996,0,0,True,LEADING-SIM-V0.1
S‑NOR103,32,0.9744,0,0.016,0,0.9984,0,0,True,LEADING-SIM-V0.1
S‑NOR103,33,0.9898,0,0.0165,1,0.9968,0,0,True,LEADING-SIM-V0.1
S‑NOR103,34,0.9867,0,0.0435,0,1.0,0,0,True,LEADING-SIM-V0.1
S‑NOR103,35,0.9852,0,0.0068,1,0.9963,0,0,True,LEADING-SIM-V0.1
S‑NOR103,36,0.9818,0,0.0087,0,0.9986,0,0,True,LEADING-SIM-V0.1
S‑NOR103,37,0.9782,0,0.0192,0,0.9983,0,0,True,LEADING-SIM-V0.1
S‑NOR103,38,0.9813,0,0.0281,1,0.9982,0,0,True,LEADING-SIM-V0.1
S‑NOR103,39,0.9776,0,0.0106,0,0.9965,0,0,True,LEADING-SIM-V0.1
S‑NOR103,40,0.9805,1,0.0045,0,0.9975,0,0,True,LEADING-SIM-V0.1
S‑NOR103,41,0.9729,0,0.0057,0,0.9953,0,0,True,LEADING-SIM-V0.1
S‑NOR103,42,0.9811,0,0.0319,3,0.9956,0,0,True,LEADING-SIM-V0.1
S‑NOR103,43,0.9906,0,0.0425,0,0.9974,0,0,True,LEADING-SIM-V0.1
S‑NOR103,44,0.9837,0,0.0033,0,0.9981,0,0,True,LEADING-SIM-V0.1
S‑NOR103,45,0.9907,0,0.0327,0,0.9977,0,0,True,LEADING-SIM-V0.1
S‑NOR103,46,0.9754,0,0.0093,1,0.997,0,0,True,LEADING-SIM-V0.1
S‑NOR103,47,0.9872,0,0.0235,0,0.9977,0,0,True,LEADING-SIM-V0.1
S‑NOR103,48,0.9854,1,0.0095,0,0.9966,0,0,True,LEADING-SIM-V0.1
S‑NOR103,49,0.9853,0,0.0117,0,0.9947,0,0,True,LEADING-SIM-V0.1
S‑NOR103,50,0.9798,0,0.0269,1,0.9982,0,0,True,LEADING-SIM-V0.1
S‑NOR103,51,0.9918,0,0.0473,0,0.995,0,0,True,LEADING-SIM-V0.1
S‑NOR103,52,0.9826,0,0.0195,0,0.9965,0,0,True,LEADING-SIM-V0.1
S‑NOR104,1,0.9778,0,0.0315,0,0.9988,0,0,True,LEADING-SIM-V0.1
S‑NOR104,2,0.9896,0,0.003,1,0.9981,0,0,True,LEADING-SIM-V0.1
S‑NOR104,3,0.9879,0,0.0157,1,0.9964,0,0,True,LEADING-SIM-V0.1
S‑NOR104,4,0.9845,0,0.0385,0,0.9968,0,0,True,LEADING-SIM-V0.1
S‑NOR104,5,0.9794,0,0.0893,0,0.9983,0,0,True,LEADING-SIM-V0.1
S‑NOR104,6,0.9829,0,0.1094,0,0.9958,0,0,True,LEADING-SIM-V0.1
S‑NOR104,7,0.981,0,0.034,1,0.9966,0,0,True,LEADING-SIM-V0.1
S‑NOR104,8,0.9839,0,0.0425,0,0.9965,0,0,True,LEADING-SIM-V0.1
S‑NOR104,9,0.9811,1,0.01,1,0.9969,0,0,True,LEADING-SIM-V0.1
S‑NOR104,10,0.9903,0,0.0435,3,0.9994,0,0,True,LEADING-SIM-V0.1
S‑NOR104,11,0.9905,0,0.0072,0,0.9969,0,0,True,LEADING-SIM-V0.1
S‑NOR104,12,0.9912,0,0.0154,0,0.9964,0,0,True,LEADING-SIM-V0.1
S‑NOR104,13,0.993,0,0.0289,0,0.9955,0,0,True,LEADING-SIM-V0.1
S‑NOR104,14,0.9826,0,0.024,0,0.996,0,0,True,LEADING-SIM-V0.1
S‑NOR104,15,0.9883,1,0.0173,0,0.9964,0,0,True,LEADING-SIM-V0.1
S‑NOR104,16,0.9796,1,0.0081,0,0.9967,0,0,True,LEADING-SIM-V0.1
S‑NOR104,17,0.9889,0,0.0559,1,0.9965,0,0,True,LEADING-SIM-V0.1
S‑NOR104,18,0.9827,0,0.0246,0,0.9986,0,0,True,LEADING-SIM-V0.1
S‑NOR104,19,0.9783,0,0.0005,1,0.9989,0,0,True,LEADING-SIM-V0.1
S‑NOR104,20,0.9842,1,0.0133,0,0.9986,0,0,True,LEADING-SIM-V0.1
S‑NOR104,21,0.9845,0,0.007,0,0.9949,0,0,True,LEADING-SIM-V0.1
S‑NOR104,22,0.9876,0,0.0448,0,0.996,0,0,True,LEADING-SIM-V0.1
S‑NOR104,23,0.9817,0,0.057,0,0.997,0,0,True,LEADING-SIM-V0.1
S‑NOR104,24,0.9813,0,0.0088,0,0.9972,0,0,True,LEADING-SIM-V0.1
S‑NOR104,25,0.9856,1,0.0304,0,0.9943,0,0,True,LEADING-SIM-V0.1
S‑NOR104,26,0.9935,0,0.0028,0,0.9974,0,0,True,LEADING-SIM-V0.1
S‑NOR104,27,0.9849,0,0.0123,0,0.9977,0,0,True,LEADING-SIM-V0.1
S‑NOR104,28,0.9847,0,0.0246,0,0.9974,0,0,True,LEADING-SIM-V0.1
S‑NOR104,29,0.9852,0,0.0027,0,0.9957,0,0,True,LEADING-SIM-V0.1
S‑NOR104,30,0.9944,0,0.0374,0,0.994,0,0,True,LEADING-SIM-V0.1
S‑NOR104,31,0.9948,0,0.003,0,0.9959,0,0,True,LEADING-SIM-V0.1
S‑NOR104,32,0.9832,0,0.0124,2,0.9968,0,0,True,LEADING-SIM-V0.1
S‑NOR104,33,0.9862,1,0.0078,3,0.996,0,0,True,LEADING-SIM-V0.1
S‑NOR104,34,0.9842,1,0.0281,0,0.9949,0,0,True,LEADING-SIM-V0.1
S‑NOR104,35,0.9817,0,0.0233,1,0.9962,0,0,True,LEADING-SIM-V0.1
S‑NOR104,36,0.9886,0,0.0344,0,0.998,0,0,True,LEADING-SIM-V0.1
S‑NOR104,37,0.9863,1,0.0015,1,0.9974,0,0,True,LEADING-SIM-V0.1
S‑NOR104,38,0.98,0,0.0178,0,0.9968,0,0,True,LEADING-SIM-V0.1
S‑NOR104,39,0.9853,0,0.0131,0,0.9976,0,0,True,LEADING-SIM-V0.1
S‑NOR104,40,0.9802,0,0.0737,0,0.993,1,0,True,LEADING-SIM-V0.1
S‑NOR104,41,0.985,0,0.0131,0,0.9973,0,0,True,LEADING-SIM-V0.1
S‑NOR104,42,0.9743,0,0.0361,0,0.9954,0,0,True,LEADING-SIM-V0.1
S‑NOR104,43,0.9925,1,0.0687,0,0.9983,0,0,True,LEADING-SIM-V0.1
S‑NOR104,44,0.9799,0,0.0171,0,0.9955,0,0,True,LEADING-SIM-V0.1
S‑NOR104,45,0.9911,0,0.0553,0,0.9984,0,0,True,LEADING-SIM-V0.1
S‑NOR104,46,0.9835,1,0.0423,2,0.9967,0,0,True,LEADING-SIM-V0.1
S‑NOR104,47,0.9918,0,0.15,0,0.9973,0,0,True,LEADING-SIM-V0.1
S‑NOR104,48,0.9821,0,0.0196,0,0.999,0,0,True,LEADING-SIM-V0.1
S‑NOR104,49,0.9844,0,0.031,0,0.9966,0,0,True,LEADING-SIM-V0.1
S‑NOR104,50,0.9901,0,0.0299,0,0.998,0,0,True,LEADING-SIM-V0.1
S‑NOR104,51,0.9776,0,0.0155,0,0.9941,0,0,True,LEADING-SIM-V0.1
S‑NOR104,52,0.9898,0,0.001,0,0.9963,0,0,True,LEADING-SIM-V0.1
S‑NOR105,1,0.9792,0,0.0189,0,0.9968,0,0,True,LEADING-SIM-V0.1
S‑NOR105,2,0.9745,0,0.0936,0,0.9979,0,0,True,LEADING-SIM-V0.1
S‑NOR105,3,0.9759,0,0.0106,2,0.9996,0,0,True,LEADING-SIM-V0.1
S‑NOR105,4,0.9866,0,0.0074,0,0.997,0,0,True,LEADING-SIM-V0.1
S‑NOR105,5,0.9822,0,0.0329,0,0.9983,0,0,True,LEADING-SIM-V0.1
S‑NOR105,6,0.983,1,0.0103,0,0.9948,0,0,True,LEADING-SIM-V0.1
S‑NOR105,7,0.9949,0,0.0036,1,0.9955,0,0,True,LEADING-SIM-V0.1
S‑NOR105,8,0.9849,0,0.0732,0,0.9991,0,0,True,LEADING-SIM-V0.1
S‑NOR105,9,0.9807,0,0.0283,0,1.0,0,0,True,LEADING-SIM-V0.1
S‑NOR105,10,0.981,0,0.0266,0,0.9944,0,0,True,LEADING-SIM-V0.1
S‑NOR105,11,0.9912,1,0.0167,0,0.9989,0,0,True,LEADING-SIM-V0.1
S‑NOR105,12,0.9909,0,0.005,0,0.9991,0,0,True,LEADING-SIM-V0.1
S‑NOR105,13,0.9929,1,0.1071,0,0.9976,0,0,True,LEADING-SIM-V0.1
S‑NOR105,14,0.9841,0,0.02,0,0.9981,0,0,True,LEADING-SIM-V0.1
S‑NOR105,15,0.9788,0,0.0025,0,0.9974,0,0,True,LEADING-SIM-V0.1
S‑NOR105,16,0.9761,0,0.0091,0,0.9953,0,0,True,LEADING-SIM-V0.1
S‑NOR105,17,0.9742,0,0.0204,0,0.9972,0,0,True,LEADING-SIM-V0.1
S‑NOR105,18,0.9845,1,0.0615,0,0.9973,0,0,True,LEADING-SIM-V0.1
S‑NOR105,19,0.9728,0,0.003,1,0.9981,0,0,True,LEADING-SIM-V0.1
S‑NOR105,20,0.9782,0,0.0521,1,0.9931,0,0,True,LEADING-SIM-V0.1
S‑NOR105,21,0.991,0,0.0585,1,0.9965,0,0,True,LEADING-SIM-V0.1
S‑NOR105,22,0.9898,0,0.1373,0,0.9956,0,0,True,LEADING-SIM-V0.1
S‑NOR105,23,0.979,0,0.0086,0,0.9971,0,0,True,LEADING-SIM-V0.1
S‑NOR105,24,0.9974,1,0.0516,1,0.9934,0,0,True,LEADING-SIM-V0.1
S‑NOR105,25,0.9925,0,0.0101,0,0.9952,0,0,True,LEADING-SIM-V0.1
S‑NOR105,26,0.9685,0,0.0269,1,0.9983,0,0,True,LEADING-SIM-V0.1
S‑NOR105,27,0.9714,0,0.0236,0,0.998,0,0,True,LEADING-SIM-V0.1
S‑NOR105,28,0.9963,0,0.0321,0,0.9988,1,0,True,LEADING-SIM-V0.1
S‑NOR105,29,0.9836,0,0.0745,0,0.9981,0,0,True,LEADING-SIM-V0.1
S‑NOR105,30,0.983,0,0.0089,0,0.9967,0,0,True,LEADING-SIM-V0.1
S‑NOR105,31,0.9733,1,0.0274,1,0.9984,0,0,True,LEADING-SIM-V0.1
S‑NOR105,32,0.9797,1,0.0179,1,0.997,0,0,True,LEADING-SIM-V0.1
S‑NOR105,33,0.9787,0,0.0049,1,0.9982,0,0,True,LEADING-SIM-V0.1
S‑NOR105,34,0.9911,0,0.0245,0,0.9951,0,0,True,LEADING-SIM-V0.1
S‑NOR105,35,0.9934,1,0.0943,0,0.9942,0,0,True,LEADING-SIM-V0.1
S‑NOR105,36,0.9875,0,0.0088,0,0.9986,0,0,True,LEADING-SIM-V0.1
S‑NOR105,37,0.977,0,0.0632,0,0.9983,0,0,True,LEADING-SIM-V0.1
S‑NOR105,38,0.9894,0,0.0152,0,0.9979,0,0,True,LEADING-SIM-V0.1
S‑NOR105,39,0.9772,0,0.0127,1,0.9955,0,0,True,LEADING-SIM-V0.1
S‑NOR105,40,0.9751,0,0.0366,0,0.997,0,0,True,LEADING-SIM-V0.1
S‑NOR105,41,0.9876,0,0.0918,0,0.9952,0,0,True,LEADING-SIM-V0.1
S‑NOR105,42,0.9861,0,0.0464,0,0.9959,0,1,True,LEADING-SIM-V0.1
S‑NOR105,43,0.9959,0,0.0304,0,0.9996,0,0,True,LEADING-SIM-V0.1
S‑NOR105,44,0.9953,0,0.15,0,0.9981,0,0,True,LEADING-SIM-V0.1
S‑NOR105,45,0.9811,0,0.0317,1,0.9957,0,0,True,LEADING-SIM-V0.1
S‑NOR105,46,0.9793,1,0.0058,0,0.9974,0,0,True,LEADING-SIM-V0.1
S‑NOR105,47,0.9885,0,0.0291,0,0.9949,0,0,True,LEADING-SIM-V0.1
S‑NOR105,48,0.9829,0,0.0511,1,0.996,0,0,True,LEADING-SIM-V0.1
S‑NOR105,49,0.9871,1,0.0192,0,0.9946,0,0,True,LEADING-SIM-V0.1
S‑NOR105,50,0.987,0,0.0123,0,0.997,0,0,True,LEADING-SIM-V0.1
S‑NOR105,51,0.9822,0,0.0118,0,0.9971,0,0,True,LEADING-SIM-V0.1
S‑NOR105,52,0.98,0,0.0014,0,0.995,0,0,True,LEADING-SIM-V0.1
S‑NOR106,1,0.9899,0,0.0679,0,0.995,0,0,True,LEADING-SIM-V0.1
S‑NOR106,2,0.9991,0,0.0285,0,0.9988,0,0,True,LEADING-SIM-V0.1
S‑NOR106,3,0.9855,0,0.003,1,0.9992,0,0,True,LEADING-SIM-V0.1
S‑NOR106,4,0.983,0,0.0124,0,0.9961,0,0,True,LEADING-SIM-V0.1
S‑NOR106,5,0.9943,1,0.0751,0,0.9987,0,0,True,LEADING-SIM-V0.1
S‑NOR106,6,0.9984,0,0.0463,0,0.9975,0,0,True,LEADING-SIM-V0.1
S‑NOR106,7,0.9888,0,0.0225,1,0.9981,0,0,True,LEADING-SIM-V0.1
S‑NOR106,8,0.9829,0,0.0093,1,0.997,0,0,True,LEADING-SIM-V0.1
S‑NOR106,9,0.9832,1,0.0739,0,0.9981,0,0,True,LEADING-SIM-V0.1
S‑NOR106,10,0.9845,0,0.1454,0,0.9989,0,0,True,LEADING-SIM-V0.1
S‑NOR106,11,0.9881,0,0.0322,0,0.9976,0,0,True,LEADING-SIM-V0.1
S‑NOR106,12,0.974,1,0.0452,0,0.9974,0,0,True,LEADING-SIM-V0.1
S‑NOR106,13,0.9781,0,0.0482,1,0.9976,0,0,True,LEADING-SIM-V0.1
S‑NOR106,14,0.9832,0,0.0109,1,0.9976,0,0,True,LEADING-SIM-V0.1
S‑NOR106,15,0.9824,0,0.0048,0,0.9969,0,0,True,LEADING-SIM-V0.1
S‑NOR106,16,0.9762,0,0.0733,0,0.9961,0,0,True,LEADING-SIM-V0.1
S‑NOR106,17,0.9836,0,0.0005,0,0.9959,0,0,True,LEADING-SIM-V0.1
S‑NOR106,18,0.9829,0,0.0095,0,0.9996,0,0,True,LEADING-SIM-V0.1
S‑NOR106,19,0.9845,1,0.0102,1,0.9966,0,0,True,LEADING-SIM-V0.1
S‑NOR106,20,0.9748,0,0.0209,0,0.9951,0,0,True,LEADING-SIM-V0.1
S‑NOR106,21,0.9876,0,0.0438,0,0.9973,0,0,True,LEADING-SIM-V0.1
S‑NOR106,22,0.987,0,0.0295,0,0.9963,0,0,True,LEADING-SIM-V0.1
S‑NOR106,23,0.9916,1,0.0396,0,0.9961,0,0,True,LEADING-SIM-V0.1
S‑NOR106,24,0.9781,0,0.0305,1,0.9986,0,0,True,LEADING-SIM-V0.1
S‑NOR106,25,0.9837,0,0.0538,0,0.997,0,0,True,LEADING-SIM-V0.1
S‑NOR106,26,0.9869,0,0.0403,0,0.9975,0,0,True,LEADING-SIM-V0.1
S‑NOR106,27,0.982,0,0.0148,0,0.9947,0,0,True,LEADING-SIM-V0.1
S‑NOR106,28,0.9738,0,0.0355,0,1.0,0,0,True,LEADING-SIM-V0.1
S‑NOR106,29,0.9767,0,0.0223,1,0.9941,0,0,True,LEADING-SIM-V0.1
S‑NOR106,30,0.9826,0,0.085,1,0.997,0,0,True,LEADING-SIM-V0.1
S‑NOR106,31,0.9809,0,0.0018,0,0.9976,0,0,True,LEADING-SIM-V0.1
S‑NOR106,32,0.9779,0,0.0351,1,0.9966,0,0,True,LEADING-SIM-V0.1
S‑NOR106,33,0.9903,0,0.0357,1,0.9986,0,0,True,LEADING-SIM-V0.1
S‑NOR106,34,0.9834,0,0.0011,0,0.9943,0,0,True,LEADING-SIM-V0.1
S‑NOR106,35,0.9992,0,0.0733,0,0.9972,0,0,True,LEADING-SIM-V0.1
S‑NOR106,36,0.9866,0,0.0091,1,0.9982,0,0,True,LEADING-SIM-V0.1
S‑NOR106,37,0.9859,0,0.0094,1,0.9981,0,0,True,LEADING-SIM-V0.1
S‑NOR106,38,0.9821,1,0.0511,0,0.9967,0,0,True,LEADING-SIM-V0.1
S‑NOR106,39,0.981,0,0.0199,0,0.9972,0,0,True,LEADING-SIM-V0.1
S‑NOR106,40,0.9899,0,0.0357,0,0.9971,0,0,True,LEADING-SIM-V0.1
S‑NOR106,41,0.9962,1,0.0045,0,0.9961,0,0,True,LEADING-SIM-V0.1
S‑NOR106,42,0.9816,0,0.0276,0,0.9953,0,0,True,LEADING-SIM-V0.1
S‑NOR106,43,0.9863,0,0.0416,0,0.9965,0,0,True,LEADING-SIM-V0.1
S‑NOR106,44,0.981,0,0.0092,0,0.995,0,0,True,LEADING-SIM-V0.1
S‑NOR106,45,0.9857,0,0.1139,0,0.9955,0,0,True,LEADING-SIM-V0.1
S‑NOR106,46,0.9879,0,0.0483,0,0.998,0,0,True,LEADING-SIM-V0.1
S‑NOR106,47,0.9845,0,0.0161,0,0.9984,0,0,True,LEADING-SIM-V0.1
S‑NOR106,48,0.9888,0,0.058,0,0.9982,0,0,True,LEADING-SIM-V0.1
S‑NOR106,49,0.9922,0,0.0816,2,0.9941,0,0,True,LEADING-SIM-V0.1
S‑NOR106,50,0.9836,0,0.062,0,0.9974,0,0,True,LEADING-SIM-V0.1
S‑NOR106,51,0.9718,0,0.032,0,0.9954,0,0,True,LEADING-SIM-V0.1
S‑NOR106,52,0.9852,0,0.0154,0,0.9956,0,0,True,LEADING-SIM-V0.1
S‑NOR107,1,0.9833,0,0.0066,0,0.9983,0,0,True,LEADING-SIM-V0.1
S‑NOR107,2,0.9792,0,0.0159,0,0.9949,0,0,True,LEADING-SIM-V0.1
S‑NOR107,3,0.983,0,0.0032,2,0.9973,0,0,True,LEADING-SIM-V0.1
S‑NOR107,4,0.9872,0,0.0481,0,0.9975,0,0,True,LEADING-SIM-V0.1
S‑NOR107,5,0.9836,1,0.0211,0,0.9953,0,0,True,LEADING-SIM-V0.1
S‑NOR107,6,0.9787,0,0.0074,0,0.9972,0,0,True,LEADING-SIM-V0.1
S‑NOR107,7,0.9767,0,0.0163,0,0.9976,0,0,True,LEADING-SIM-V0.1
S‑NOR107,8,0.9876,0,0.0176,1,0.9969,0,0,True,LEADING-SIM-V0.1
S‑NOR107,9,0.9868,2,0.0329,0,0.9959,0,0,True,LEADING-SIM-V0.1
S‑NOR107,10,0.9835,0,0.0004,1,0.9945,0,0,True,LEADING-SIM-V0.1
S‑NOR107,11,0.9833,0,0.0049,0,0.9971,0,0,True,LEADING-SIM-V0.1
S‑NOR107,12,0.9886,0,0.0655,0,0.996,0,0,True,LEADING-SIM-V0.1
S‑NOR107,13,0.9792,0,0.0098,0,0.9972,0,0,True,LEADING-SIM-V0.1
S‑NOR107,14,0.9794,0,0.0405,0,0.9967,0,0,True,LEADING-SIM-V0.1
S‑NOR107,15,0.9818,0,0.0359,0,0.9989,0,0,True,LEADING-SIM-V0.1
S‑NOR107,16,0.9841,0,0.0127,0,0.9942,0,0,True,LEADING-SIM-V0.1
S‑NOR107,17,0.9787,0,0.0305,1,0.997,0,0,True,LEADING-SIM-V0.1
S‑NOR107,18,0.997,0,0.0685,0,0.998,0,0,True,LEADING-SIM-V0.1
S‑NOR107,19,0.9747,0,0.0448,0,0.9945,0,0,True,LEADING-SIM-V0.1
S‑NOR107,20,0.9801,0,0.0251,1,0.9972,0,0,True,LEADING-SIM-V0.1
S‑NOR107,21,0.9786,0,0.0096,0,0.9987,0,0,True,LEADING-SIM-V0.1
S‑NOR107,22,0.9686,0,0.0367,0,0.9947,0,0,True,LEADING-SIM-V0.1
S‑NOR107,23,0.982,0,0.0356,0,0.9972,0,0,True,LEADING-SIM-V0.1
S‑NOR107,24,0.9742,0,0.0313,1,0.9965,0,0,True,LEADING-SIM-V0.1
S‑NOR107,25,0.9894,0,0.1131,0,0.9965,0,0,True,LEADING-SIM-V0.1
S‑NOR107,26,0.9819,0,0.0444,1,0.9981,0,0,True,LEADING-SIM-V0.1
S‑NOR107,27,0.9809,0,0.0127,0,0.9972,0,0,True,LEADING-SIM-V0.1
S‑NOR107,28,0.9735,1,0.0055,0,0.9976,0,0,True,LEADING-SIM-V0.1
S‑NOR107,29,0.9849,0,0.0415,0,0.9968,0,0,True,LEADING-SIM-V0.1
S‑NOR107,30,0.9854,0,0.0477,0,0.9945,0,0,True,LEADING-SIM-V0.1
S‑NOR107,31,0.9968,0,0.0007,0,1.0,0,0,True,LEADING-SIM-V0.1
S‑NOR107,32,0.9907,0,0.0153,1,0.9964,0,0,True,LEADING-SIM-V0.1
S‑NOR107,33,0.982,0,0.048,0,0.9986,0,0,True,LEADING-SIM-V0.1
S‑NOR107,34,0.9825,1,0.0049,0,1.0,0,0,True,LEADING-SIM-V0.1
S‑NOR107,35,0.9868,0,0.0134,0,0.9955,0,0,True,LEADING-SIM-V0.1
S‑NOR107,36,0.9974,0,0.1317,0,0.9958,0,0,True,LEADING-SIM-V0.1
S‑NOR107,37,0.9754,0,0.0305,0,0.9955,0,0,True,LEADING-SIM-V0.1
S‑NOR107,38,0.9853,0,0.0193,0,0.9971,0,0,True,LEADING-SIM-V0.1
S‑NOR107,39,0.9839,0,0.0016,0,0.9969,0,0,True,LEADING-SIM-V0.1
S‑NOR107,40,0.9878,0,0.0119,0,0.9955,0,0,True,LEADING-SIM-V0.1
S‑NOR107,41,0.9947,0,0.0558,1,0.9964,0,0,True,LEADING-SIM-V0.1
S‑NOR107,42,0.9861,1,0.0052,0,0.9945,1,0,True,LEADING-SIM-V0.1
S‑NOR107,43,0.9769,0,0.0252,0,0.996,0,0,True,LEADING-SIM-V0.1
S‑NOR107,44,0.9801,0,0.0631,0,0.9978,0,0,True,LEADING-SIM-V0.1
S‑NOR107,45,0.9862,0,0.0105,1,0.9976,0,0,True,LEADING-SIM-V0.1
S‑NOR107,46,0.9869,0,0.0271,0,0.9984,0,0,True,LEADING-SIM-V0.1
S‑NOR107,47,0.9815,0,0.0382,0,0.9997,0,0,True,LEADING-SIM-V0.1
S‑NOR107,48,0.9875,0,0.005,0,0.9964,0,0,True,LEADING-SIM-V0.1
S‑NOR107,49,0.975,0,0.0767,0,1.0,0,1,True,LEADING-SIM-V0.1
S‑NOR107,50,0.9903,0,0.005,0,0.9962,0,0,True,LEADING-SIM-V0.1
S‑NOR107,51,0.9891,1,0.0668,0,0.999,0,0,True,LEADING-SIM-V0.1
S‑NOR107,52,0.9853,1,0.0173,0,0.9979,0,0,True,LEADING-SIM-V0.1
S‑NOR108,1,0.9801,0,0.0399,0,0.9953,0,0,True,LEADING-SIM-V0.1
S‑NOR108,2,0.9887,0,0.0227,1,0.997,1,0,True,LEADING-SIM-V0.1
S‑NOR108,3,0.977,0,0.0351,0,0.9968,0,0,True,LEADING-SIM-V0.1
S‑NOR108,4,0.9819,0,0.0642,1,0.9964,0,0,True,LEADING-SIM-V0.1
S‑NOR108,5,0.9803,1,0.0192,1,0.9969,0,0,True,LEADING-SIM-V0.1
S‑NOR108,6,0.9854,0,0.0027,0,0.9998,0,0,True,LEADING-SIM-V0.1
S‑NOR108,7,0.9805,1,0.0307,0,0.9992,0,1,True,LEADING-SIM-V0.1
S‑NOR108,8,0.9876,0,0.0088,0,0.9975,0,0,True,LEADING-SIM-V0.1
S‑NOR108,9,0.9823,0,0.0561,1,0.9974,0,0,True,LEADING-SIM-V0.1
S‑NOR108,10,0.9804,0,0.1052,0,0.9954,0,0,True,LEADING-SIM-V0.1
S‑NOR108,11,0.9957,0,0.0978,0,0.9966,0,0,True,LEADING-SIM-V0.1
S‑NOR108,12,0.981,0,0.0005,1,0.9998,0,1,True,LEADING-SIM-V0.1
S‑NOR108,13,0.9862,0,0.0266,1,0.9997,0,0,True,LEADING-SIM-V0.1
S‑NOR108,14,0.9822,1,0.0305,0,0.9996,0,0,True,LEADING-SIM-V0.1
S‑NOR108,15,0.9869,0,0.0084,1,0.9974,0,0,True,LEADING-SIM-V0.1
S‑NOR108,16,0.9828,0,0.0408,0,0.995,0,0,True,LEADING-SIM-V0.1
S‑NOR108,17,0.9789,1,0.0026,0,0.9978,1,0,True,LEADING-SIM-V0.1
S‑NOR108,18,0.9832,0,0.0144,0,0.9989,0,0,True,LEADING-SIM-V0.1
S‑NOR108,19,0.9828,0,0.0589,0,0.9955,0,0,True,LEADING-SIM-V0.1
S‑NOR108,20,0.9923,0,0.0039,0,0.9982,0,0,True,LEADING-SIM-V0.1
S‑NOR108,21,0.9802,0,0.0519,0,0.9975,0,0,True,LEADING-SIM-V0.1
S‑NOR108,22,0.9803,0,0.0196,0,0.9981,0,0,True,LEADING-SIM-V0.1
S‑NOR108,23,0.9797,0,0.0225,1,0.9963,1,0,True,LEADING-SIM-V0.1
S‑NOR108,24,0.9775,0,0.024,2,1.0,0,0,True,LEADING-SIM-V0.1
S‑NOR108,25,0.995,0,0.0399,0,0.996,0,0,True,LEADING-SIM-V0.1
S‑NOR108,26,0.9726,0,0.0095,0,0.9974,0,0,True,LEADING-SIM-V0.1
S‑NOR108,27,0.986,0,0.051,0,0.9982,0,0,True,LEADING-SIM-V0.1
S‑NOR108,28,0.9733,1,0.0644,0,0.9951,0,0,True,LEADING-SIM-V0.1
S‑NOR108,29,0.9761,0,0.0079,0,0.9978,0,0,True,LEADING-SIM-V0.1
S‑NOR108,30,0.9829,2,0.0162,1,0.9961,0,0,True,LEADING-SIM-V0.1
S‑NOR108,31,0.9765,0,0.0044,0,0.996,0,0,True,LEADING-SIM-V0.1
S‑NOR108,32,0.9874,0,0.15,0,0.9974,0,0,True,LEADING-SIM-V0.1
S‑NOR108,33,0.979,1,0.0536,0,0.9973,0,0,True,LEADING-SIM-V0.1
S‑NOR108,34,0.9859,0,0.0407,0,1.0,0,0,True,LEADING-SIM-V0.1
S‑NOR108,35,0.9802,0,0.0386,0,0.9977,0,0,True,LEADING-SIM-V0.1
S‑NOR108,36,0.9847,0,0.0941,1,0.9989,0,0,True,LEADING-SIM-V0.1
S‑NOR108,37,0.986,0,0.0482,0,0.9947,0,0,True,LEADING-SIM-V0.1
S‑NOR108,38,0.9899,0,0.0059,0,0.995,0,0,True,LEADING-SIM-V0.1
S‑NOR108,39,0.9892,0,0.0685,1,0.9983,0,0,True,LEADING-SIM-V0.1
S‑NOR108,40,0.9894,0,0.0512,0,0.9953,0,0,True,LEADING-SIM-V0.1
S‑NOR108,41,0.9773,1,0.0169,0,0.9976,0,0,True,LEADING-SIM-V0.1
S‑NOR108,42,0.9789,0,0.0522,0,0.9991,0,0,True,LEADING-SIM-V0.1
S‑NOR108,43,0.976,0,0.0455,2,0.9966,0,0,True,LEADING-SIM-V0.1
S‑NOR108,44,0.9805,0,0.1228,0,0.9954,0,0,True,LEADING-SIM-V0.1
S‑NOR108,45,0.9841,0,0.0142,0,0.9976,0,0,True,LEADING-SIM-V0.1
S‑NOR108,46,0.9832,0,0.0172,0,0.9975,0,0,True,LEADING-SIM-V0.1
S‑NOR108,47,0.9807,0,0.0202,0,1.0,0,0,True,LEADING-SIM-V0.1
S‑NOR108,48,0.9794,0,0.0728,1,0.9992,0,0,True,LEADING-SIM-V0.1
S‑NOR108,49,0.9844,0,0.0144,0,0.9945,0,0,True,LEADING-SIM-V0.1
S‑NOR108,50,0.9807,0,0.0553,1,0.9983,0,0,True,LEADING-SIM-V0.1
S‑NOR108,51,0.9857,1,0.0835,1,0.9945,0,0,True,LEADING-SIM-V0.1
S‑NOR108,52,0.9895,0,0.0494,0,0.9985,0,0,True,LEADING-SIM-V0.1
S‑NOR109,1,0.9976,1,0.0447,0,0.9989,0,0,True,LEADING-SIM-V0.1
S‑NOR109,2,0.995,0,0.0371,0,0.9963,0,0,True,LEADING-SIM-V0.1
S‑NOR109,3,0.9927,0,0.0153,0,0.9956,0,0,True,LEADING-SIM-V0.1
S‑NOR109,4,0.9872,0,0.0384,0,0.997,0,0,True,LEADING-SIM-V0.1
S‑NOR109,5,0.9821,0,0.0158,1,0.9981,0,0,True,LEADING-SIM-V0.1
S‑NOR109,6,0.9808,0,0.0238,0,0.9981,0,0,True,LEADING-SIM-V0.1
S‑NOR109,7,0.9819,0,0.0353,0,0.9978,0,0,True,LEADING-SIM-V0.1
S‑NOR109,8,0.9805,0,0.0056,1,0.9983,0,0,True,LEADING-SIM-V0.1
S‑NOR109,9,0.9813,0,0.0546,0,0.9984,0,0,True,LEADING-SIM-V0.1
S‑NOR109,10,0.9856,0,0.0103,1,1.0,0,0,True,LEADING-SIM-V0.1
S‑NOR109,11,0.9899,0,0.0085,0,0.9971,0,0,True,LEADING-SIM-V0.1
S‑NOR109,12,0.9777,0,0.0018,0,0.9971,0,0,True,LEADING-SIM-V0.1
S‑NOR109,13,0.9906,0,0.0558,0,0.9985,0,0,True,LEADING-SIM-V0.1
S‑NOR109,14,0.9743,0,0.004,0,0.9972,0,0,True,LEADING-SIM-V0.1
S‑NOR109,15,0.983,0,0.0387,1,0.9963,0,0,True,LEADING-SIM-V0.1
S‑NOR109,16,0.9829,0,0.035,0,0.997,0,0,True,LEADING-SIM-V0.1
S‑NOR109,17,0.9813,0,0.006,0,0.9962,0,0,True,LEADING-SIM-V0.1
S‑NOR109,18,0.9781,0,0.0027,0,0.9978,0,0,True,LEADING-SIM-V0.1
S‑NOR109,19,0.9956,0,0.0081,0,0.9962,0,0,True,LEADING-SIM-V0.1
S‑NOR109,20,0.9874,0,0.0459,0,0.9969,0,0,True,LEADING-SIM-V0.1
S‑NOR109,21,0.9848,0,0.006,0,0.9973,1,0,True,LEADING-SIM-V0.1
S‑NOR109,22,0.9862,1,0.0064,0,0.9948,0,0,True,LEADING-SIM-V0.1
S‑NOR109,23,0.9893,0,0.0225,1,0.9962,0,0,True,LEADING-SIM-V0.1
S‑NOR109,24,0.982,0,0.0291,0,0.9975,0,0,True,LEADING-SIM-V0.1
S‑NOR109,25,0.9901,1,0.0022,1,0.9968,0,0,True,LEADING-SIM-V0.1
S‑NOR109,26,0.9876,0,0.0145,1,0.9962,0,1,True,LEADING-SIM-V0.1
S‑NOR109,27,0.9905,0,0.0482,1,0.9974,0,0,True,LEADING-SIM-V0.1
S‑NOR109,28,0.9824,0,0.0691,1,0.9985,0,0,True,LEADING-SIM-V0.1
S‑NOR109,29,0.9788,0,0.0685,0,0.9941,0,0,True,LEADING-SIM-V0.1
S‑NOR109,30,0.9762,0,0.0758,1,0.9972,0,0,True,LEADING-SIM-V0.1
S‑NOR109,31,0.9877,0,0.0607,1,0.9966,0,0,True,LEADING-SIM-V0.1
S‑NOR109,32,0.9887,0,0.0279,0,0.9978,0,0,True,LEADING-SIM-V0.1
S‑NOR109,33,0.9844,1,0.0319,1,0.9968,0,0,True,LEADING-SIM-V0.1
S‑NOR109,34,0.9868,2,0.0336,0,0.9962,0,0,True,LEADING-SIM-V0.1
S‑NOR109,35,0.9848,0,0.0688,0,0.9976,0,0,True,LEADING-SIM-V0.1
S‑NOR109,36,0.9846,0,0.0028,0,0.9985,0,0,True,LEADING-SIM-V0.1
S‑NOR109,37,0.9779,0,0.0247,1,0.9971,0,0,True,LEADING-SIM-V0.1
S‑NOR109,38,0.985,0,0.1263,0,0.9983,0,0,True,LEADING-SIM-V0.1
S‑NOR109,39,0.98,0,0.0522,0,0.9967,0,0,True,LEADING-SIM-V0.1
S‑NOR109,40,0.9827,0,0.0225,1,0.9947,0,0,True,LEADING-SIM-V0.1
S‑NOR109,41,0.9742,0,0.0697,0,0.9945,0,0,True,LEADING-SIM-V0.1
S‑NOR109,42,0.9924,0,0.0083,0,0.9969,0,0,True,LEADING-SIM-V0.1
S‑NOR109,43,0.9887,0,0.0269,2,0.9964,0,1,True,LEADING-SIM-V0.1
S‑NOR109,44,0.9742,0,0.0001,0,0.9995,0,0,True,LEADING-SIM-V0.1
S‑NOR109,45,0.9774,1,0.0539,1,0.9959,0,0,True,LEADING-SIM-V0.1
S‑NOR109,46,0.987,0,0.0122,0,0.9938,0,0,True,LEADING-SIM-V0.1
S‑NOR109,47,0.9844,0,0.0075,0,0.9973,0,0,True,LEADING-SIM-V0.1
S‑NOR109,48,0.9873,0,0.0211,1,0.9971,0,0,True,LEADING-SIM-V0.1
S‑NOR109,49,0.9863,0,0.0327,1,0.9972,0,0,True,LEADING-SIM-V0.1
S‑NOR109,50,0.9868,0,0.0015,0,1.0,1,0,True,LEADING-SIM-V0.1
S‑NOR109,51,0.9833,0,0.0059,0,0.9982,0,0,True,LEADING-SIM-V0.1
S‑NOR109,52,0.9919,0,0.0186,0,0.9982,0,1,True,LEADING-SIM-V0.1
S‑NOR110,1,0.9899,0,0.1312,0,0.9984,0,0,True,LEADING-SIM-V0.1
S‑NOR110,2,0.9939,2,0.0243,1,0.9975,0,0,True,LEADING-SIM-V0.1
S‑NOR110,3,0.9985,0,0.0336,0,0.9996,0,0,True,LEADING-SIM-V0.1
S‑NOR110,4,0.9845,0,0.0152,2,0.9968,0,0,True,LEADING-SIM-V0.1
S‑NOR110,5,0.9787,0,0.0585,0,0.9952,0,0,True,LEADING-SIM-V0.1
S‑NOR110,6,0.983,0,0.0301,0,0.9979,0,0,True,LEADING-SIM-V0.1
S‑NOR110,7,0.9852,0,0.0201,0,0.9976,0,0,True,LEADING-SIM-V0.1
S‑NOR110,8,0.9925,0,0.033,0,0.9975,1,0,True,LEADING-SIM-V0.1
S‑NOR110,9,0.9746,0,0.017,1,0.9981,0,0,True,LEADING-SIM-V0.1
S‑NOR110,10,0.9744,0,0.0149,1,0.9958,0,1,True,LEADING-SIM-V0.1
S‑NOR110,11,0.9819,0,0.0793,0,0.9962,0,0,True,LEADING-SIM-V0.1
S‑NOR110,12,0.9878,0,0.0116,1,0.9973,0,0,True,LEADING-SIM-V0.1
S‑NOR110,13,0.9893,0,0.0074,0,0.9967,0,0,True,LEADING-SIM-V0.1
S‑NOR110,14,0.9901,0,0.0235,0,0.996,0,0,True,LEADING-SIM-V0.1
S‑NOR110,15,0.9819,0,0.0893,0,0.9978,0,0,True,LEADING-SIM-V0.1
S‑NOR110,16,0.982,0,0.0084,1,0.9958,0,0,True,LEADING-SIM-V0.1
S‑NOR110,17,0.9646,0,0.014,0,0.999,0,0,True,LEADING-SIM-V0.1
S‑NOR110,18,0.9914,0,0.0037,0,0.9973,0,0,True,LEADING-SIM-V0.1
S‑NOR110,19,0.9806,0,0.048,0,0.9962,0,0,True,LEADING-SIM-V0.1
S‑NOR110,20,0.9879,0,0.0136,0,0.9987,0,0,True,LEADING-SIM-V0.1
S‑NOR110,21,0.9826,0,0.0132,0,0.9977,0,0,True,LEADING-SIM-V0.1
S‑NOR110,22,0.9871,0,0.0222,1,0.9988,0,0,True,LEADING-SIM-V0.1
S‑NOR110,23,0.9777,0,0.0314,0,0.9948,0,0,True,LEADING-SIM-V0.1
S‑NOR110,24,0.9816,0,0.0082,1,0.9975,0,1,True,LEADING-SIM-V0.1
S‑NOR110,25,0.9882,0,0.0347,0,0.9961,0,0,True,LEADING-SIM-V0.1
S‑NOR110,26,0.9931,0,0.0097,2,0.9974,0,0,True,LEADING-SIM-V0.1
S‑NOR110,27,0.9838,1,0.029,1,0.9969,0,0,True,LEADING-SIM-V0.1
S‑NOR110,28,0.9742,0,0.0919,0,0.9955,0,0,True,LEADING-SIM-V0.1
S‑NOR110,29,0.9942,0,0.0011,0,0.9949,0,0,True,LEADING-SIM-V0.1
S‑NOR110,30,0.9827,0,0.0211,0,0.997,0,0,True,LEADING-SIM-V0.1
S‑NOR110,31,0.9738,0,0.0024,0,0.9986,0,0,True,LEADING-SIM-V0.1
S‑NOR110,32,0.986,0,0.0259,0,0.9995,0,0,True,LEADING-SIM-V0.1
S‑NOR110,33,0.9931,1,0.0006,0,1.0,0,0,True,LEADING-SIM-V0.1
S‑NOR110,34,0.9895,0,0.0114,1,0.9989,0,0,True,LEADING-SIM-V0.1
S‑NOR110,35,0.9885,0,0.0589,0,0.9977,0,0,True,LEADING-SIM-V0.1
S‑NOR110,36,0.9868,0,0.0103,0,0.9981,1,0,True,LEADING-SIM-V0.1
S‑NOR110,37,0.9735,1,0.0342,2,0.9979,1,0,True,LEADING-SIM-V0.1
S‑NOR110,38,0.9823,0,0.0216,0,0.9965,0,0,True,LEADING-SIM-V0.1
S‑NOR110,39,0.9723,0,0.0169,0,0.9969,0,0,True,LEADING-SIM-V0.1
S‑NOR110,40,0.9813,0,0.0017,0,0.9964,0,0,True,LEADING-SIM-V0.1
S‑NOR110,41,0.9753,0,0.0231,2,0.9962,0,0,True,LEADING-SIM-V0.1
S‑NOR110,42,0.9863,0,0.0003,1,0.9978,0,0,True,LEADING-SIM-V0.1
S‑NOR110,43,0.9953,0,0.0023,1,0.9983,0,0,True,LEADING-SIM-V0.1
S‑NOR110,44,0.9761,0,0.0155,1,0.9957,0,0,True,LEADING-SIM-V0.1
S‑NOR110,45,0.9763,0,0.0071,0,0.9956,0,0,True,LEADING-SIM-V0.1
S‑NOR110,46,0.9877,1,0.0311,1,0.998,0,0,True,LEADING-SIM-V0.1
S‑NOR110,47,0.9892,0,0.0247,0,0.9969,0,0,True,LEADING-SIM-V0.1
S‑NOR110,48,0.9832,1,0.0751,0,0.9988,0,0,True,LEADING-SIM-V0.1
S‑NOR110,49,0.9872,0,0.0168,0,0.9988,0,0,True,LEADING-SIM-V0.1
S‑NOR110,50,0.9866,0,0.0183,0,0.9972,0,0,True,LEADING-SIM-V0.1
S‑NOR110,51,0.9898,0,0.0116,0,0.9961,0,0,True,LEADING-SIM-V0.1
S‑NOR110,52,0.9922,0,0.0296,0,0.9951,0,0,True,LEADING-SIM-V0.1
S‑ACC111,1,0.9785,0,0.0499,1,0.9988,0,0,True,LEADING-SIM-V0.1
S‑ACC111,2,0.9916,0,0.0292,0,0.9946,0,0,True,LEADING-SIM-V0.1
S‑ACC111,3,0.9823,1,0.0403,0,0.998,0,0,True,LEADING-SIM-V0.1
S‑ACC111,4,0.9845,0,0.0372,0,0.9976,0,0,True,LEADING-SIM-V0.1
S‑ACC111,5,0.9892,0,0.0394,1,0.997,0,0,True,LEADING-SIM-V0.1
S‑ACC111,6,0.9749,0,0.0224,0,0.9952,0,0,True,LEADING-SIM-V0.1
S‑ACC111,7,0.9739,0,0.1023,1,0.995,0,0,True,LEADING-SIM-V0.1
S‑ACC111,8,0.9865,0,0.0352,0,0.9964,0,0,True,LEADING-SIM-V0.1
S‑ACC111,9,0.9895,1,0.009,0,0.9978,0,0,True,LEADING-SIM-V0.1
S‑ACC111,10,0.9779,0,0.0148,1,0.996,0,0,True,LEADING-SIM-V0.1
S‑ACC111,11,0.9889,0,0.0184,0,0.9975,0,0,True,LEADING-SIM-V0.1
S‑ACC111,12,0.9878,0,0.0191,0,0.9959,0,0,True,LEADING-SIM-V0.1
S‑ACC111,13,0.998,0,0.0058,0,0.9981,0,0,True,LEADING-SIM-V0.1
S‑ACC111,14,0.9807,0,0.0509,0,0.9972,0,0,True,LEADING-SIM-V0.1
S‑ACC111,15,0.9908,0,0.0401,0,0.9966,0,0,True,LEADING-SIM-V0.1
S‑ACC111,16,0.9919,0,0.0186,1,0.9966,0,0,True,LEADING-SIM-V0.1
S‑ACC111,17,0.9888,0,0.0227,0,0.9968,0,0,True,LEADING-SIM-V0.1
S‑ACC111,18,0.988,0,0.0191,0,0.9978,0,0,True,LEADING-SIM-V0.1
S‑ACC111,19,0.9825,0,0.0387,0,0.9974,0,0,True,LEADING-SIM-V0.1
S‑ACC111,20,0.9859,0,0.0206,0,0.9986,0,0,True,LEADING-SIM-V0.1
S‑ACC111,21,0.9876,0,0.0522,1,0.9934,0,0,True,LEADING-SIM-V0.1
S‑ACC111,22,0.9892,0,0.0466,0,0.9967,0,0,True,LEADING-SIM-V0.1
S‑ACC111,23,0.9801,0,0.0035,0,0.9969,0,0,True,LEADING-SIM-V0.1
S‑ACC111,24,0.9882,0,0.1213,1,0.9937,0,0,True,LEADING-SIM-V0.1
S‑ACC111,25,0.9832,0,0.0494,0,0.9969,0,0,True,LEADING-SIM-V0.1
S‑ACC111,26,0.9856,0,0.0182,0,0.9982,0,0,True,LEADING-SIM-V0.1
S‑ACC111,27,0.9909,0,0.0613,0,0.9973,0,0,True,LEADING-SIM-V0.1
S‑ACC111,28,0.9913,0,0.0832,0,0.9959,0,0,True,LEADING-SIM-V0.1
S‑ACC111,29,0.9868,0,0.0876,0,0.9943,0,0,True,LEADING-SIM-V0.1
S‑ACC111,30,0.9782,0,0.0447,0,0.9967,0,0,True,LEADING-SIM-V0.1
S‑ACC111,31,0.9739,2,0.0087,2,0.994,0,0,True,LEADING-SIM-V0.1
S‑ACC111,32,0.9616,3,0.0029,4,0.9937,1,0,True,LEADING-SIM-V0.1
S‑ACC111,33,0.94,5,0.0813,5,0.9902,1,0,True,LEADING-SIM-V0.1
S‑ACC111,34,0.952,6,0.0317,5,0.9853,1,0,True,LEADING-SIM-V0.1
S‑ACC111,35,0.9742,0,0.0714,0,0.9962,0,0,True,LEADING-SIM-V0.1
S‑ACC111,36,0.9888,0,0.0467,1,0.998,0,0,True,LEADING-SIM-V0.1
S‑ACC111,37,0.9876,0,0.0163,0,0.9957,0,0,True,LEADING-SIM-V0.1
S‑ACC111,38,0.9824,0,0.001,0,0.9966,0,0,True,LEADING-SIM-V0.1
S‑ACC111,39,0.9931,0,0.0063,0,0.9961,0,0,True,LEADING-SIM-V0.1
S‑ACC111,40,0.9822,1,0.0009,0,0.9973,0,0,True,LEADING-SIM-V0.1
S‑ACC111,41,0.9965,0,0.0994,0,0.9989,0,0,True,LEADING-SIM-V0.1
S‑ACC111,42,0.9846,0,0.0248,1,0.9974,0,0,True,LEADING-SIM-V0.1
S‑ACC111,43,0.993,0,0.0621,0,1.0,0,0,True,LEADING-SIM-V0.1
S‑ACC111,44,0.9754,0,0.0323,1,0.9951,0,0,True,LEADING-SIM-V0.1
S‑ACC111,45,0.9817,0,0.0072,0,0.9976,0,0,True,LEADING-SIM-V0.1
S‑ACC111,46,0.9784,0,0.023,0,0.999,0,0,True,LEADING-SIM-V0.1
S‑ACC111,47,0.9838,0,0.0448,4,0.9946,0,0,True,LEADING-SIM-V0.1
S‑ACC111,48,0.9852,0,0.0274,0,0.9999,0,0,True,LEADING-SIM-V0.1
S‑ACC111,49,0.9811,1,0.0141,0,0.9933,0,0,True,LEADING-SIM-V0.1
S‑ACC111,50,0.9983,0,0.0372,0,0.9956,0,0,True,LEADING-SIM-V0.1
S‑ACC111,51,0.9863,1,0.0027,1,0.997,0,0,True,LEADING-SIM-V0.1
S‑ACC111,52,0.9825,0,0.0068,0,0.9985,0,0,True,LEADING-SIM-V0.1
S‑ACC112,1,0.9918,1,0.0075,1,0.9977,0,0,True,LEADING-SIM-V0.1
S‑ACC112,2,0.9722,0,0.0797,0,0.996,0,0,True,LEADING-SIM-V0.1
S‑ACC112,3,0.9764,0,0.0643,0,0.9967,0,0,True,LEADING-SIM-V0.1
S‑ACC112,4,0.9879,0,0.0033,0,0.9975,0,0,True,LEADING-SIM-V0.1
S‑ACC112,5,0.9845,0,0.0205,0,0.9992,0,0,True,LEADING-SIM-V0.1
S‑ACC112,6,0.9753,0,0.0127,0,0.9978,0,0,True,LEADING-SIM-V0.1
S‑ACC112,7,0.9772,0,0.0077,0,0.9974,0,0,True,LEADING-SIM-V0.1
S‑ACC112,8,0.982,0,0.003,0,0.9991,0,0,True,LEADING-SIM-V0.1
S‑ACC112,9,0.9873,0,0.0145,0,0.9982,0,0,True,LEADING-SIM-V0.1
S‑ACC112,10,0.9835,0,0.0364,1,0.9958,0,0,True,LEADING-SIM-V0.1
S‑ACC112,11,0.9799,0,0.0019,0,0.9985,1,0,True,LEADING-SIM-V0.1
S‑ACC112,12,0.9836,0,0.0052,0,0.9966,0,0,True,LEADING-SIM-V0.1
S‑ACC112,13,0.987,0,0.0992,0,0.9966,0,0,True,LEADING-SIM-V0.1
S‑ACC112,14,0.9773,1,0.004,0,0.9975,0,0,True,LEADING-SIM-V0.1
S‑ACC112,15,0.9868,0,0.0248,0,0.9977,0,0,True,LEADING-SIM-V0.1
S‑ACC112,16,0.9758,0,0.0135,0,0.9974,0,0,True,LEADING-SIM-V0.1
S‑ACC112,17,0.9868,0,0.013,0,0.9954,0,0,True,LEADING-SIM-V0.1
S‑ACC112,18,0.9831,0,0.0108,1,0.9972,0,0,True,LEADING-SIM-V0.1
S‑ACC112,19,0.9845,0,0.0026,1,0.9969,0,0,True,LEADING-SIM-V0.1
S‑ACC112,20,0.9947,0,0.0588,0,0.9953,0,0,True,LEADING-SIM-V0.1
S‑ACC112,21,0.9967,0,0.0145,0,0.994,0,0,True,LEADING-SIM-V0.1
S‑ACC112,22,0.9834,0,0.0248,0,0.9965,0,0,True,LEADING-SIM-V0.1
S‑ACC112,23,0.9908,0,0.065,0,0.998,0,0,True,LEADING-SIM-V0.1
S‑ACC112,24,0.9798,2,0.0263,1,0.9982,0,0,True,LEADING-SIM-V0.1
S‑ACC112,25,0.9731,3,0.0875,2,0.9949,1,1,True,LEADING-SIM-V0.1
S‑ACC112,26,0.9549,4,0.0455,3,0.9971,1,1,True,LEADING-SIM-V0.1
S‑ACC112,27,0.9444,5,0.0255,4,0.9959,1,1,True,LEADING-SIM-V0.1
S‑ACC112,28,0.977,0,0.0691,1,0.9994,1,0,True,LEADING-SIM-V0.1
S‑ACC112,29,0.983,0,0.014,0,0.9964,0,0,True,LEADING-SIM-V0.1
S‑ACC112,30,0.9822,0,0.0059,0,0.9997,0,0,True,LEADING-SIM-V0.1
S‑ACC112,31,0.9844,0,0.0027,0,0.9995,0,0,True,LEADING-SIM-V0.1
S‑ACC112,32,0.9954,0,0.027,0,0.998,0,0,True,LEADING-SIM-V0.1
S‑ACC112,33,0.9831,0,0.0298,0,0.9953,0,0,True,LEADING-SIM-V0.1
S‑ACC112,34,0.9794,0,0.0198,0,0.9959,0,0,True,LEADING-SIM-V0.1
S‑ACC112,35,0.99,0,0.0256,0,0.9968,0,0,True,LEADING-SIM-V0.1
S‑ACC112,36,0.986,0,0.0835,2,0.9955,0,0,True,LEADING-SIM-V0.1
S‑ACC112,37,0.987,0,0.15,0,0.9961,0,0,True,LEADING-SIM-V0.1
S‑ACC112,38,0.9842,0,0.0307,0,0.9973,0,0,True,LEADING-SIM-V0.1
S‑ACC112,39,0.9873,0,0.0238,0,0.994,0,0,True,LEADING-SIM-V0.1
S‑ACC112,40,0.9957,0,0.003,1,0.996,0,0,True,LEADING-SIM-V0.1
S‑ACC112,41,0.9863,0,0.046,0,0.9986,0,0,True,LEADING-SIM-V0.1
S‑ACC112,42,0.9841,0,0.0762,1,0.9977,0,0,True,LEADING-SIM-V0.1
S‑ACC112,43,0.9881,0,0.0178,0,0.9976,0,0,True,LEADING-SIM-V0.1
S‑ACC112,44,0.9853,0,0.0315,0,0.9929,0,0,True,LEADING-SIM-V0.1
S‑ACC112,45,0.9891,1,0.0289,1,0.9988,0,0,True,LEADING-SIM-V0.1
S‑ACC112,46,0.9842,0,0.0144,0,0.9965,0,0,True,LEADING-SIM-V0.1
S‑ACC112,47,0.9734,0,0.0139,0,0.9976,0,0,True,LEADING-SIM-V0.1
S‑ACC112,48,0.9775,0,0.0063,1,0.9955,0,0,True,LEADING-SIM-V0.1
S‑ACC112,49,0.9841,0,0.0331,1,0.9971,0,0,True,LEADING-SIM-V0.1
S‑ACC112,50,0.9955,1,0.0013,0,0.9958,0,0,True,LEADING-SIM-V0.1
S‑ACC112,51,0.9847,0,0.0354,0,0.9977,0,0,True,LEADING-SIM-V0.1
S‑ACC112,52,0.9861,1,0.0782,0,0.9986,0,0,True,LEADING-SIM-V0.1
S‑ACC113,1,0.9825,0,0.0044,0,0.9976,0,0,True,LEADING-SIM-V0.1
S‑ACC113,2,0.9779,0,0.0268,0,0.9963,0,0,True,LEADING-SIM-V0.1
S‑ACC113,3,0.9806,0,0.0073,2,0.9979,0,0,True,LEADING-SIM-V0.1
S‑ACC113,4,0.9901,0,0.0785,2,0.9967,0,0,True,LEADING-SIM-V0.1
S‑ACC113,5,0.9786,0,0.0276,0,0.9958,0,0,True,LEADING-SIM-V0.1
S‑ACC113,6,0.9804,0,0.0165,1,0.9978,0,0,True,LEADING-SIM-V0.1
S‑ACC113,7,0.9881,0,0.0404,0,0.9976,0,0,True,LEADING-SIM-V0.1
S‑ACC113,8,0.9856,1,0.0315,0,0.9977,0,0,True,LEADING-SIM-V0.1
S‑ACC113,9,0.9821,0,0.0189,0,0.9966,0,0,True,LEADING-SIM-V0.1
S‑ACC113,10,0.9786,0,0.0721,0,0.9953,0,0,True,LEADING-SIM-V0.1
S‑ACC113,11,0.9882,0,0.0527,0,0.9984,0,0,True,LEADING-SIM-V0.1
S‑ACC113,12,0.9963,0,0.0254,1,0.9952,0,0,True,LEADING-SIM-V0.1
S‑ACC113,13,0.9903,1,0.0479,0,1.0,0,0,True,LEADING-SIM-V0.1
S‑ACC113,14,0.9872,0,0.0362,0,0.996,0,0,True,LEADING-SIM-V0.1
S‑ACC113,15,0.9854,0,0.0055,0,0.9963,0,0,True,LEADING-SIM-V0.1
S‑ACC113,16,0.9819,0,0.0084,0,0.9983,0,0,True,LEADING-SIM-V0.1
S‑ACC113,17,0.9845,0,0.0052,0,0.9937,0,0,True,LEADING-SIM-V0.1
S‑ACC113,18,0.9926,0,0.0218,0,0.995,0,0,True,LEADING-SIM-V0.1
S‑ACC113,19,0.9678,2,0.0388,1,0.9962,0,0,True,LEADING-SIM-V0.1
S‑ACC113,20,0.9755,3,0.0371,2,0.9911,1,0,True,LEADING-SIM-V0.1
S‑ACC113,21,0.9544,4,0.0395,3,0.9924,1,0,True,LEADING-SIM-V0.1
S‑ACC113,22,0.9507,5,0.0447,4,0.9883,2,0,True,LEADING-SIM-V0.1
S‑ACC113,23,0.986,1,0.0214,0,0.9964,0,0,True,LEADING-SIM-V0.1
S‑ACC113,24,0.9857,0,0.0288,1,0.9975,0,0,True,LEADING-SIM-V0.1
S‑ACC113,25,0.9923,1,0.0014,0,0.9971,0,0,True,LEADING-SIM-V0.1
S‑ACC113,26,0.9804,1,0.0056,0,0.9953,0,0,True,LEADING-SIM-V0.1
S‑ACC113,27,0.9792,1,0.0185,0,0.9993,0,0,True,LEADING-SIM-V0.1
S‑ACC113,28,0.976,1,0.0213,0,0.9967,0,0,True,LEADING-SIM-V0.1
S‑ACC113,29,0.9906,0,0.0596,0,0.9968,0,0,True,LEADING-SIM-V0.1
S‑ACC113,30,0.992,0,0.0145,1,0.9953,0,0,True,LEADING-SIM-V0.1
S‑ACC113,31,0.9911,1,0.0017,1,0.9976,0,0,True,LEADING-SIM-V0.1
S‑ACC113,32,0.9794,0,0.0276,1,0.9958,0,0,True,LEADING-SIM-V0.1
S‑ACC113,33,0.9727,0,0.0271,0,0.9978,0,0,True,LEADING-SIM-V0.1
S‑ACC113,34,0.9823,0,0.0036,1,0.9967,0,0,True,LEADING-SIM-V0.1
S‑ACC113,35,0.9875,0,0.0268,1,0.9989,0,0,True,LEADING-SIM-V0.1
S‑ACC113,36,0.9874,0,0.0224,0,0.996,0,0,True,LEADING-SIM-V0.1
S‑ACC113,37,0.9935,0,0.0473,0,0.9976,0,0,True,LEADING-SIM-V0.1
S‑ACC113,38,0.9894,0,0.0024,0,0.9971,0,0,True,LEADING-SIM-V0.1
S‑ACC113,39,0.987,0,0.0108,1,0.9972,0,0,True,LEADING-SIM-V0.1
S‑ACC113,40,0.987,0,0.0101,0,0.9958,0,0,True,LEADING-SIM-V0.1
S‑ACC113,41,0.9845,0,0.0564,0,0.996,0,0,True,LEADING-SIM-V0.1
S‑ACC113,42,0.9808,0,0.0024,0,0.997,0,0,True,LEADING-SIM-V0.1
S‑ACC113,43,0.9868,0,0.0199,1,0.9981,0,0,True,LEADING-SIM-V0.1
S‑ACC113,44,0.9926,0,0.0061,1,0.9964,0,0,True,LEADING-SIM-V0.1
S‑ACC113,45,0.9876,0,0.0286,1,0.998,0,0,True,LEADING-SIM-V0.1
S‑ACC113,46,0.9827,0,0.0326,0,0.9951,0,0,True,LEADING-SIM-V0.1
S‑ACC113,47,0.9893,0,0.0629,0,0.9947,0,0,True,LEADING-SIM-V0.1
S‑ACC113,48,0.9832,0,0.0351,0,0.9981,0,0,True,LEADING-SIM-V0.1
S‑ACC113,49,1.0,0,0.0319,0,0.9975,0,0,True,LEADING-SIM-V0.1
S‑ACC113,50,0.9941,0,0.0145,0,0.9977,0,0,True,LEADING-SIM-V0.1
S‑ACC113,51,0.9879,0,0.0026,1,0.9945,0,0,True,LEADING-SIM-V0.1
S‑ACC113,52,0.986,0,0.016,0,0.997,1,0,True,LEADING-SIM-V0.1
S‑ACC114,1,0.9806,0,0.0209,0,0.9952,0,0,True,LEADING-SIM-V0.1
S‑ACC114,2,0.9808,0,0.0125,0,0.9998,0,0,True,LEADING-SIM-V0.1
S‑ACC114,3,0.9801,0,0.0427,1,0.9943,0,0,True,LEADING-SIM-V0.1
S‑ACC114,4,0.9836,0,0.0373,0,0.9957,0,0,True,LEADING-SIM-V0.1
S‑ACC114,5,0.9823,0,0.0051,0,0.9974,0,0,True,LEADING-SIM-V0.1
S‑ACC114,6,0.9827,0,0.002,1,0.996,0,0,True,LEADING-SIM-V0.1
S‑ACC114,7,0.9831,0,0.0262,0,0.9969,0,0,True,LEADING-SIM-V0.1
S‑ACC114,8,0.9878,1,0.0042,0,0.9958,0,0,True,LEADING-SIM-V0.1
S‑ACC114,9,0.9795,0,0.008,0,0.9973,0,0,True,LEADING-SIM-V0.1
S‑ACC114,10,0.9793,0,0.1063,0,0.9973,0,0,True,LEADING-SIM-V0.1
S‑ACC114,11,0.9839,1,0.0203,0,0.998,0,0,True,LEADING-SIM-V0.1
S‑ACC114,12,0.98,0,0.0721,1,0.9964,0,0,True,LEADING-SIM-V0.1
S‑ACC114,13,0.9879,0,0.0461,0,0.9969,0,1,True,LEADING-SIM-V0.1
S‑ACC114,14,0.9918,0,0.0172,1,0.9966,0,0,True,LEADING-SIM-V0.1
S‑ACC114,15,0.9858,0,0.0491,0,0.9966,0,0,True,LEADING-SIM-V0.1
S‑ACC114,16,0.9864,0,0.0061,0,0.9979,0,0,True,LEADING-SIM-V0.1
S‑ACC114,17,0.9876,1,0.007,0,0.997,0,0,True,LEADING-SIM-V0.1
S‑ACC114,18,0.9747,0,0.0547,3,0.9977,0,0,True,LEADING-SIM-V0.1
S‑ACC114,19,0.9827,0,0.0261,0,0.9969,0,0,True,LEADING-SIM-V0.1
S‑ACC114,20,0.9974,0,0.0086,0,0.9959,0,0,True,LEADING-SIM-V0.1
S‑ACC114,21,0.9879,0,0.1014,0,0.9964,0,0,True,LEADING-SIM-V0.1
S‑ACC114,22,0.9857,0,0.0276,0,0.9959,0,0,True,LEADING-SIM-V0.1
S‑ACC114,23,0.9934,0,0.0171,3,0.9984,0,0,True,LEADING-SIM-V0.1
S‑ACC114,24,0.9801,2,0.0089,1,0.9997,0,0,True,LEADING-SIM-V0.1
S‑ACC114,25,0.97,3,0.0024,3,0.9979,1,1,True,LEADING-SIM-V0.1
S‑ACC114,26,0.9512,4,0.0048,3,0.9975,1,1,True,LEADING-SIM-V0.1
S‑ACC114,27,0.9546,6,0.0214,5,0.9971,1,1,True,LEADING-SIM-V0.1
S‑ACC114,28,0.9746,0,0.0224,0,0.9986,0,0,True,LEADING-SIM-V0.1
S‑ACC114,29,0.9803,0,0.018,0,0.9978,0,0,True,LEADING-SIM-V0.1
S‑ACC114,30,0.9873,0,0.0098,1,0.9975,0,0,True,LEADING-SIM-V0.1
S‑ACC114,31,0.9825,0,0.0323,0,0.997,0,0,True,LEADING-SIM-V0.1
S‑ACC114,32,0.982,0,0.0093,0,0.9987,1,0,True,LEADING-SIM-V0.1
S‑ACC114,33,0.9816,0,0.0258,0,0.9994,0,0,True,LEADING-SIM-V0.1
S‑ACC114,34,0.9903,0,0.0147,0,0.9969,0,0,True,LEADING-SIM-V0.1
S‑ACC114,35,0.9933,0,0.0181,0,0.9956,0,0,True,LEADING-SIM-V0.1
S‑ACC114,36,0.9831,0,0.0133,0,0.9947,0,0,True,LEADING-SIM-V0.1
S‑ACC114,37,0.9887,0,0.0612,0,0.9969,0,0,True,LEADING-SIM-V0.1
S‑ACC114,38,0.9854,0,0.0188,0,0.9982,1,0,True,LEADING-SIM-V0.1
S‑ACC114,39,0.9912,0,0.024,0,0.9959,0,0,True,LEADING-SIM-V0.1
S‑ACC114,40,0.987,0,0.0936,0,0.9967,0,0,True,LEADING-SIM-V0.1
S‑ACC114,41,0.9883,0,0.0225,0,0.9938,0,0,True,LEADING-SIM-V0.1
S‑ACC114,42,0.9952,0,0.0024,0,0.9969,0,0,True,LEADING-SIM-V0.1
S‑ACC114,43,0.9875,0,0.0111,0,0.9985,0,0,True,LEADING-SIM-V0.1
S‑ACC114,44,0.9885,1,0.0253,0,0.998,0,0,True,LEADING-SIM-V0.1
S‑ACC114,45,0.9919,0,0.1345,1,0.9964,0,0,True,LEADING-SIM-V0.1
S‑ACC114,46,0.9836,0,0.0321,0,0.9979,0,0,True,LEADING-SIM-V0.1
S‑ACC114,47,0.9871,0,0.023,0,0.9975,1,0,True,LEADING-SIM-V0.1
S‑ACC114,48,0.9778,1,0.0673,0,0.9959,0,0,True,LEADING-SIM-V0.1
S‑ACC114,49,0.9901,0,0.0353,2,0.9989,0,0,True,LEADING-SIM-V0.1
S‑ACC114,50,0.9787,0,0.0048,0,0.9984,0,0,True,LEADING-SIM-V0.1
S‑ACC114,51,0.981,0,0.0477,0,0.9952,0,1,True,LEADING-SIM-V0.1
S‑ACC114,52,0.9874,0,0.1427,0,0.9969,0,0,True,LEADING-SIM-V0.1
S‑ACC115,1,0.9833,0,0.0641,0,0.9963,0,0,True,LEADING-SIM-V0.1
S‑ACC115,2,0.9798,0,0.0052,2,0.9982,0,0,True,LEADING-SIM-V0.1
S‑ACC115,3,0.9867,0,0.0034,0,0.9979,0,0,True,LEADING-SIM-V0.1
S‑ACC115,4,0.9925,0,0.0537,1,0.9971,0,0,True,LEADING-SIM-V0.1
S‑ACC115,5,0.9879,0,0.0212,0,0.9996,0,0,True,LEADING-SIM-V0.1
S‑ACC115,6,0.9951,0,0.0728,0,0.9965,0,0,True,LEADING-SIM-V0.1
S‑ACC115,7,0.9816,0,0.0374,0,0.996,0,0,True,LEADING-SIM-V0.1
S‑ACC115,8,0.9803,0,0.068,1,0.9944,0,0,True,LEADING-SIM-V0.1
S‑ACC115,9,0.994,0,0.0676,0,0.9979,0,0,True,LEADING-SIM-V0.1
S‑ACC115,10,0.9834,0,0.0148,0,0.9987,0,0,True,LEADING-SIM-V0.1
S‑ACC115,11,0.9943,0,0.0038,0,0.9973,0,0,True,LEADING-SIM-V0.1
S‑ACC115,12,0.9824,1,0.0823,0,0.9954,0,0,True,LEADING-SIM-V0.1
S‑ACC115,13,0.9888,0,0.0284,0,0.9962,0,0,True,LEADING-SIM-V0.1
S‑ACC115,14,0.9943,0,0.0259,0,0.9971,0,0,True,LEADING-SIM-V0.1
S‑ACC115,15,0.9809,0,0.0094,1,0.997,0,0,True,LEADING-SIM-V0.1
S‑ACC115,16,0.9826,1,0.0117,0,0.9949,0,0,True,LEADING-SIM-V0.1
S‑ACC115,17,0.9775,0,0.0103,0,0.9981,0,0,True,LEADING-SIM-V0.1
S‑ACC115,18,0.9828,0,0.0123,0,0.9992,0,0,True,LEADING-SIM-V0.1
S‑ACC115,19,0.9825,0,0.0889,0,0.9968,0,0,True,LEADING-SIM-V0.1
S‑ACC115,20,0.9861,0,0.005,1,0.999,0,0,True,LEADING-SIM-V0.1
S‑ACC115,21,0.9837,1,0.0226,1,0.9956,0,0,True,LEADING-SIM-V0.1
S‑ACC115,22,0.9657,2,0.0285,2,0.9967,0,0,True,LEADING-SIM-V0.1
S‑ACC115,23,0.9607,3,0.0509,3,0.9952,1,0,True,LEADING-SIM-V0.1
S‑ACC115,24,0.9556,6,0.0101,4,1.0,1,0,True,LEADING-SIM-V0.1
S‑ACC115,25,0.9428,8,0.024,7,0.9954,1,0,True,LEADING-SIM-V0.1
S‑ACC115,26,0.983,0,0.0223,1,0.9975,0,0,True,LEADING-SIM-V0.1
S‑ACC115,27,0.9832,0,0.0024,0,0.9978,0,0,True,LEADING-SIM-V0.1
S‑ACC115,28,0.9877,0,0.0121,0,0.9993,0,0,True,LEADING-SIM-V0.1
S‑ACC115,29,0.9895,1,0.1071,0,0.9987,0,0,True,LEADING-SIM-V0.1
S‑ACC115,30,0.9849,0,0.0569,0,0.9981,0,0,True,LEADING-SIM-V0.1
S‑ACC115,31,0.9783,0,0.0518,0,0.996,1,0,True,LEADING-SIM-V0.1
S‑ACC115,32,0.9847,1,0.023,0,0.9971,0,0,True,LEADING-SIM-V0.1
S‑ACC115,33,0.9952,0,0.0173,0,0.9964,0,0,True,LEADING-SIM-V0.1
S‑ACC115,34,0.9865,0,0.0044,0,0.9972,0,0,True,LEADING-SIM-V0.1
S‑ACC115,35,0.9883,0,0.0899,0,0.9942,0,0,True,LEADING-SIM-V0.1
S‑ACC115,36,0.9886,0,0.0033,1,0.9961,0,0,True,LEADING-SIM-V0.1
S‑ACC115,37,0.9835,0,0.0411,1,0.9979,0,0,True,LEADING-SIM-V0.1
S‑ACC115,38,0.9876,0,0.0007,0,0.996,0,0,True,LEADING-SIM-V0.1
S‑ACC115,39,0.9938,0,0.0536,1,0.9944,0,0,True,LEADING-SIM-V0.1
S‑ACC115,40,0.977,0,0.1302,1,0.9977,0,0,True,LEADING-SIM-V0.1
S‑ACC115,41,0.9798,0,0.0486,0,0.9953,0,0,True,LEADING-SIM-V0.1
S‑ACC115,42,0.9835,0,0.0419,0,0.9966,0,0,True,LEADING-SIM-V0.1
S‑ACC115,43,0.9887,2,0.0123,0,0.994,0,0,True,LEADING-SIM-V0.1
S‑ACC115,44,0.9781,0,0.0608,0,0.9949,0,0,True,LEADING-SIM-V0.1
S‑ACC115,45,0.9894,0,0.0615,1,0.9988,0,0,True,LEADING-SIM-V0.1
S‑ACC115,46,0.9778,1,0.0232,1,0.9969,0,0,True,LEADING-SIM-V0.1
S‑ACC115,47,0.9919,0,0.0335,0,0.9978,0,0,True,LEADING-SIM-V0.1
S‑ACC115,48,0.9751,0,0.0035,0,0.9941,1,0,True,LEADING-SIM-V0.1
S‑ACC115,49,0.9898,0,0.0201,0,0.999,0,0,True,LEADING-SIM-V0.1
S‑ACC115,50,0.9792,0,0.0447,0,0.997,0,0,True,LEADING-SIM-V0.1
S‑ACC115,51,0.9762,1,0.0038,0,0.9963,0,0,True,LEADING-SIM-V0.1
S‑ACC115,52,0.9838,1,0.007,0,0.9958,0,0,True,LEADING-SIM-V0.1
S‑ACC116,1,0.99,0,0.0421,0,0.997,0,0,True,LEADING-SIM-V0.1
S‑ACC116,2,0.9791,0,0.0034,0,0.9978,0,0,True,LEADING-SIM-V0.1
S‑ACC116,3,0.9829,0,0.091,1,0.9949,0,0,True,LEADING-SIM-V0.1
S‑ACC116,4,0.9802,0,0.0327,0,0.9968,0,0,True,LEADING-SIM-V0.1
S‑ACC116,5,0.9969,0,0.0104,1,0.9972,0,0,True,LEADING-SIM-V0.1
S‑ACC116,6,0.9911,0,0.0312,0,0.9973,0,0,True,LEADING-SIM-V0.1
S‑ACC116,7,0.9863,0,0.0176,0,0.9948,0,0,True,LEADING-SIM-V0.1
S‑ACC116,8,0.9786,0,0.0062,1,0.9947,0,0,True,LEADING-SIM-V0.1
S‑ACC116,9,0.9918,0,0.0378,0,0.9958,0,0,True,LEADING-SIM-V0.1
S‑ACC116,10,0.9908,0,0.1176,1,0.9972,0,0,True,LEADING-SIM-V0.1
S‑ACC116,11,0.9916,1,0.007,0,1.0,0,0,True,LEADING-SIM-V0.1
S‑ACC116,12,0.9858,0,0.0273,0,0.9975,0,0,True,LEADING-SIM-V0.1
S‑ACC116,13,0.9806,0,0.0205,0,0.997,0,0,True,LEADING-SIM-V0.1
S‑ACC116,14,0.9943,0,0.0154,0,0.9949,0,0,True,LEADING-SIM-V0.1
S‑ACC116,15,0.9852,0,0.0076,0,0.9973,0,0,True,LEADING-SIM-V0.1
S‑ACC116,16,0.9831,0,0.0108,0,0.9979,0,0,True,LEADING-SIM-V0.1
S‑ACC116,17,0.9768,0,0.0072,0,0.9959,0,0,True,LEADING-SIM-V0.1
S‑ACC116,18,0.9902,0,0.0268,0,0.9993,0,0,True,LEADING-SIM-V0.1
S‑ACC116,19,0.9809,0,0.074,0,0.9975,0,0,True,LEADING-SIM-V0.1
S‑ACC116,20,0.9924,0,0.0109,0,0.9992,0,0,True,LEADING-SIM-V0.1
S‑ACC116,21,0.9873,0,0.15,1,0.9985,0,0,True,LEADING-SIM-V0.1
S‑ACC116,22,0.9952,1,0.0271,0,0.998,0,0,True,LEADING-SIM-V0.1
S‑ACC116,23,0.987,0,0.1149,0,0.997,1,0,True,LEADING-SIM-V0.1
S‑ACC116,24,0.9825,0,0.109,0,0.9984,0,0,True,LEADING-SIM-V0.1
S‑ACC116,25,0.9894,0,0.0968,0,0.9981,0,0,True,LEADING-SIM-V0.1
S‑ACC116,26,0.9856,0,0.0126,0,0.999,0,0,True,LEADING-SIM-V0.1
S‑ACC116,27,0.9909,0,0.0065,1,0.9959,0,0,True,LEADING-SIM-V0.1
S‑ACC116,28,0.977,0,0.041,0,0.9961,0,0,True,LEADING-SIM-V0.1
S‑ACC116,29,0.9927,0,0.0483,1,0.9977,0,0,True,LEADING-SIM-V0.1
S‑ACC116,30,0.9945,0,0.0032,0,0.999,0,0,True,LEADING-SIM-V0.1
S‑ACC116,31,0.971,2,0.1693,1,0.9975,0,0,True,LEADING-SIM-V0.1
S‑ACC116,32,0.9723,3,0.0982,3,0.9976,1,0,True,LEADING-SIM-V0.1
S‑ACC116,33,0.9676,5,0.0895,3,0.9988,1,0,True,LEADING-SIM-V0.1
S‑ACC116,34,0.9434,6,0.1141,6,0.9974,1,0,True,LEADING-SIM-V0.1
S‑ACC116,35,0.9885,0,0.0588,0,0.9963,0,0,True,LEADING-SIM-V0.1
S‑ACC116,36,0.981,1,0.0806,0,0.9976,0,0,True,LEADING-SIM-V0.1
S‑ACC116,37,0.9868,0,0.0112,0,0.9945,0,0,True,LEADING-SIM-V0.1
S‑ACC116,38,0.9873,1,0.0193,0,0.9955,0,0,True,LEADING-SIM-V0.1
S‑ACC116,39,0.9877,0,0.0358,1,0.9963,0,0,True,LEADING-SIM-V0.1
S‑ACC116,40,0.9819,0,0.0157,0,0.9996,1,0,True,LEADING-SIM-V0.1
S‑ACC116,41,0.9838,0,0.0129,0,0.9971,0,0,True,LEADING-SIM-V0.1
S‑ACC116,42,0.9746,0,0.0088,0,0.9969,0,0,True,LEADING-SIM-V0.1
S‑ACC116,43,0.9823,0,0.023,0,0.9999,0,0,True,LEADING-SIM-V0.1
S‑ACC116,44,0.9825,0,0.0148,1,0.9977,0,0,True,LEADING-SIM-V0.1
S‑ACC116,45,0.9746,0,0.0617,0,0.9976,0,0,True,LEADING-SIM-V0.1
S‑ACC116,46,0.9904,1,0.0009,0,0.9974,0,0,True,LEADING-SIM-V0.1
S‑ACC116,47,0.9923,0,0.0412,1,0.9974,0,0,True,LEADING-SIM-V0.1
S‑ACC116,48,0.9902,0,0.002,0,0.9973,0,0,True,LEADING-SIM-V0.1
S‑ACC116,49,0.9827,0,0.0215,0,0.9962,0,0,True,LEADING-SIM-V0.1
S‑ACC116,50,0.9966,0,0.0656,1,0.9959,0,0,True,LEADING-SIM-V0.1
S‑ACC116,51,0.9929,0,0.0803,0,0.9978,0,0,True,LEADING-SIM-V0.1
S‑ACC116,52,0.9874,0,0.0049,0,0.9972,0,0,True,LEADING-SIM-V0.1
S‑ACC117,1,0.9812,0,0.0876,0,0.9967,0,0,True,LEADING-SIM-V0.1
S‑ACC117,2,0.9932,1,0.046,0,0.9969,0,0,True,LEADING-SIM-V0.1
S‑ACC117,3,0.979,0,0.0515,0,0.9977,0,0,True,LEADING-SIM-V0.1
S‑ACC117,4,0.9868,0,0.0116,0,0.9958,0,0,True,LEADING-SIM-V0.1
S‑ACC117,5,0.9848,0,0.0243,0,0.9977,0,0,True,LEADING-SIM-V0.1
S‑ACC117,6,0.9748,0,0.0268,0,0.9974,0,0,True,LEADING-SIM-V0.1
S‑ACC117,7,0.9869,0,0.0221,0,0.9957,0,0,True,LEADING-SIM-V0.1
S‑ACC117,8,0.9795,1,0.0203,1,0.9984,0,0,True,LEADING-SIM-V0.1
S‑ACC117,9,0.9846,0,0.0326,0,0.9956,0,0,True,LEADING-SIM-V0.1
S‑ACC117,10,0.984,0,0.0118,0,0.996,0,0,True,LEADING-SIM-V0.1
S‑ACC117,11,0.9783,0,0.0214,0,0.9943,0,0,True,LEADING-SIM-V0.1
S‑ACC117,12,0.9857,0,0.0144,1,0.9965,0,0,True,LEADING-SIM-V0.1
S‑ACC117,13,0.9846,0,0.1015,0,0.9971,0,0,True,LEADING-SIM-V0.1
S‑ACC117,14,0.9923,0,0.0073,3,0.9977,0,0,True,LEADING-SIM-V0.1
S‑ACC117,15,0.9778,0,0.0108,0,0.9963,0,0,True,LEADING-SIM-V0.1
S‑ACC117,16,0.9785,1,0.0571,0,0.9981,0,0,True,LEADING-SIM-V0.1
S‑ACC117,17,0.9912,0,0.007,0,0.9956,0,0,True,LEADING-SIM-V0.1
S‑ACC117,18,0.9911,0,0.0123,0,0.9948,0,0,True,LEADING-SIM-V0.1
S‑ACC117,19,0.9843,0,0.0548,0,0.9972,0,0,True,LEADING-SIM-V0.1
S‑ACC117,20,0.982,0,0.0441,0,0.9952,0,0,True,LEADING-SIM-V0.1
S‑ACC117,21,0.9884,0,0.0047,0,0.9987,0,0,True,LEADING-SIM-V0.1
S‑ACC117,22,0.9822,0,0.0537,1,0.9954,0,0,True,LEADING-SIM-V0.1
S‑ACC117,23,0.9814,0,0.0112,0,0.9967,0,0,True,LEADING-SIM-V0.1
S‑ACC117,24,0.9863,0,0.0009,1,0.9979,0,0,True,LEADING-SIM-V0.1
S‑ACC117,25,0.979,0,0.046,0,0.997,0,0,True,LEADING-SIM-V0.1
S‑ACC117,26,0.9824,0,0.0079,0,0.9981,0,0,True,LEADING-SIM-V0.1
S‑ACC117,27,0.9758,2,0.0816,1,0.9975,0,0,True,LEADING-SIM-V0.1
S‑ACC117,28,0.9735,3,0.0113,3,0.9949,1,1,True,LEADING-SIM-V0.1
S‑ACC117,29,0.9651,4,0.0852,5,0.9942,1,1,True,LEADING-SIM-V0.1
S‑ACC117,30,0.9497,5,0.0483,4,0.9973,1,1,True,LEADING-SIM-V0.1
S‑ACC117,31,0.9885,3,0.0787,0,0.9965,0,0,True,LEADING-SIM-V0.1
S‑ACC117,32,0.9812,0,0.048,1,0.9941,0,0,True,LEADING-SIM-V0.1
S‑ACC117,33,0.9811,0,0.0111,1,0.9972,0,0,True,LEADING-SIM-V0.1
S‑ACC117,34,0.9744,0,0.0226,0,0.9949,0,0,True,LEADING-SIM-V0.1
S‑ACC117,35,0.9892,1,0.0241,0,0.9965,0,0,True,LEADING-SIM-V0.1
S‑ACC117,36,0.9914,1,0.0201,0,0.9995,0,0,True,LEADING-SIM-V0.1
S‑ACC117,37,0.9872,0,0.026,0,0.9964,0,0,True,LEADING-SIM-V0.1
S‑ACC117,38,0.9901,0,0.0392,1,0.9973,1,0,True,LEADING-SIM-V0.1
S‑ACC117,39,0.9813,0,0.0053,1,0.9975,0,0,True,LEADING-SIM-V0.1
S‑ACC117,40,0.989,0,0.0187,1,0.9987,0,0,True,LEADING-SIM-V0.1
S‑ACC117,41,0.9785,0,0.0307,0,0.9971,0,0,True,LEADING-SIM-V0.1
S‑ACC117,42,0.9828,0,0.0687,0,0.9974,0,0,True,LEADING-SIM-V0.1
S‑ACC117,43,0.9787,0,0.1034,0,0.9981,0,0,True,LEADING-SIM-V0.1
S‑ACC117,44,0.9876,0,0.0514,1,0.9964,0,0,True,LEADING-SIM-V0.1
S‑ACC117,45,0.9873,1,0.0909,0,0.9974,0,0,True,LEADING-SIM-V0.1
S‑ACC117,46,0.9788,0,0.0218,1,0.998,0,0,True,LEADING-SIM-V0.1
S‑ACC117,47,0.9889,1,0.0881,0,0.9946,0,0,True,LEADING-SIM-V0.1
S‑ACC117,48,0.9963,0,0.0513,1,0.9953,0,0,True,LEADING-SIM-V0.1
S‑ACC117,49,0.9808,0,0.0101,0,0.9979,0,0,True,LEADING-SIM-V0.1
S‑ACC117,50,0.9783,0,0.006,0,0.9986,0,0,True,LEADING-SIM-V0.1
S‑ACC117,51,0.9816,0,0.0035,1,0.997,0,0,True,LEADING-SIM-V0.1
S‑ACC117,52,0.9825,0,0.033,1,0.9968,0,0,True,LEADING-SIM-V0.1
S‑ACC118,1,0.9843,1,0.118,0,0.9965,0,0,True,LEADING-SIM-V0.1
S‑ACC118,2,1.0,0,0.0105,0,0.9957,0,0,True,LEADING-SIM-V0.1
S‑ACC118,3,0.9833,0,0.008,0,0.9985,0,0,True,LEADING-SIM-V0.1
S‑ACC118,4,0.9841,0,0.0367,0,0.9962,0,0,True,LEADING-SIM-V0.1
S‑ACC118,5,0.9733,0,0.0067,1,0.9963,0,0,True,LEADING-SIM-V0.1
S‑ACC118,6,0.978,1,0.0258,1,0.9993,0,0,True,LEADING-SIM-V0.1
S‑ACC118,7,0.9891,0,0.0004,2,0.9965,0,0,True,LEADING-SIM-V0.1
S‑ACC118,8,0.9932,0,0.0509,0,0.9959,0,0,True,LEADING-SIM-V0.1
S‑ACC118,9,0.9876,0,0.0568,0,0.9948,0,0,True,LEADING-SIM-V0.1
S‑ACC118,10,0.9832,0,0.0189,1,0.9988,0,0,True,LEADING-SIM-V0.1
S‑ACC118,11,0.9973,1,0.067,0,0.9978,0,0,True,LEADING-SIM-V0.1
S‑ACC118,12,0.9906,0,0.0415,0,0.9929,0,0,True,LEADING-SIM-V0.1
S‑ACC118,13,0.9894,0,0.0092,0,0.9958,0,0,True,LEADING-SIM-V0.1
S‑ACC118,14,0.9864,0,0.0475,0,1.0,0,0,True,LEADING-SIM-V0.1
S‑ACC118,15,0.993,1,0.0334,0,0.9958,0,0,True,LEADING-SIM-V0.1
S‑ACC118,16,0.9834,0,0.0611,2,0.9998,0,0,True,LEADING-SIM-V0.1
S‑ACC118,17,0.9932,1,0.0551,0,0.9976,0,0,True,LEADING-SIM-V0.1
S‑ACC118,18,0.9865,0,0.0075,0,0.9955,0,0,True,LEADING-SIM-V0.1
S‑ACC118,19,0.9901,0,0.0152,0,0.9997,0,0,True,LEADING-SIM-V0.1
S‑ACC118,20,0.9751,0,0.0137,0,0.9967,0,0,True,LEADING-SIM-V0.1
S‑ACC118,21,0.9852,1,0.0128,0,0.9961,0,0,True,LEADING-SIM-V0.1
S‑ACC118,22,0.9886,0,0.0043,0,0.9955,0,0,True,LEADING-SIM-V0.1
S‑ACC118,23,0.9856,0,0.0315,0,0.9987,0,0,True,LEADING-SIM-V0.1
S‑ACC118,24,0.9772,0,0.0019,0,0.9976,0,0,True,LEADING-SIM-V0.1
S‑ACC118,25,0.9881,0,0.0341,1,0.9962,0,0,True,LEADING-SIM-V0.1
S‑ACC118,26,0.9863,0,0.0328,1,0.9964,0,0,True,LEADING-SIM-V0.1
S‑ACC118,27,0.9907,0,0.0082,0,0.997,0,0,True,LEADING-SIM-V0.1
S‑ACC118,28,0.9862,0,0.0132,0,0.9955,0,0,True,LEADING-SIM-V0.1
S‑ACC118,29,0.9893,1,0.0486,0,0.9977,0,0,True,LEADING-SIM-V0.1
S‑ACC118,30,0.9779,1,0.0197,0,0.9957,0,0,True,LEADING-SIM-V0.1
S‑ACC118,31,0.9818,0,0.0395,2,0.9939,0,0,True,LEADING-SIM-V0.1
S‑ACC118,32,0.9646,2,0.0993,2,0.996,0,0,True,LEADING-SIM-V0.1
S‑ACC118,33,0.953,3,0.0783,6,0.9962,1,0,True,LEADING-SIM-V0.1
S‑ACC118,34,0.9493,5,0.1087,4,0.9955,1,0,True,LEADING-SIM-V0.1
S‑ACC118,35,0.9226,6,0.1898,6,0.996,1,0,True,LEADING-SIM-V0.1
S‑ACC118,36,0.9906,0,0.0142,0,0.9983,0,0,True,LEADING-SIM-V0.1
S‑ACC118,37,0.9822,0,0.0305,1,0.9952,0,1,True,LEADING-SIM-V0.1
S‑ACC118,38,0.9737,0,0.0056,0,0.9967,0,0,True,LEADING-SIM-V0.1
S‑ACC118,39,0.9837,0,0.0013,2,0.9951,0,0,True,LEADING-SIM-V0.1
S‑ACC118,40,0.9753,0,0.0025,1,0.9978,0,0,True,LEADING-SIM-V0.1
S‑ACC118,41,0.9874,0,0.0736,0,0.9962,0,0,True,LEADING-SIM-V0.1
S‑ACC118,42,0.9905,0,0.0384,0,0.9967,0,0,True,LEADING-SIM-V0.1
S‑ACC118,43,0.9867,0,0.0848,0,0.9969,0,0,True,LEADING-SIM-V0.1
S‑ACC118,44,0.9738,0,0.0096,0,0.9976,0,0,True,LEADING-SIM-V0.1
S‑ACC118,45,0.9858,0,0.0137,0,0.996,0,0,True,LEADING-SIM-V0.1
S‑ACC118,46,0.9812,0,0.0625,2,0.9955,0,0,True,LEADING-SIM-V0.1
S‑ACC118,47,0.9902,0,0.0004,0,0.9984,0,0,True,LEADING-SIM-V0.1
S‑ACC118,48,0.9744,0,0.0068,0,0.9978,0,0,True,LEADING-SIM-V0.1
S‑ACC118,49,0.9872,0,0.006,1,0.9973,0,0,True,LEADING-SIM-V0.1
S‑ACC118,50,0.9825,0,0.0412,0,0.9969,0,0,True,LEADING-SIM-V0.1
S‑ACC118,51,0.9819,1,0.0254,0,0.996,0,0,True,LEADING-SIM-V0.1
S‑ACC118,52,0.9742,2,0.1205,0,0.9971,1,0,True,LEADING-SIM-V0.1
S‑ACC119,1,0.9917,0,0.0198,0,0.9991,0,0,True,LEADING-SIM-V0.1
S‑ACC119,2,0.9929,0,0.0013,0,0.995,0,0,True,LEADING-SIM-V0.1
S‑ACC119,3,0.9772,0,0.0416,1,0.9969,0,0,True,LEADING-SIM-V0.1
S‑ACC119,4,0.9813,0,0.0613,0,0.9941,0,0,True,LEADING-SIM-V0.1
S‑ACC119,5,0.9785,1,0.0232,1,0.998,0,1,True,LEADING-SIM-V0.1
S‑ACC119,6,0.9793,0,0.0018,0,0.9967,0,0,True,LEADING-SIM-V0.1
S‑ACC119,7,0.9823,0,0.0232,0,0.9938,0,0,True,LEADING-SIM-V0.1
S‑ACC119,8,0.9845,0,0.0231,1,0.9966,0,1,True,LEADING-SIM-V0.1
S‑ACC119,9,0.9893,0,0.0461,0,0.9996,0,0,True,LEADING-SIM-V0.1
S‑ACC119,10,0.9845,0,0.0182,0,0.9959,0,0,True,LEADING-SIM-V0.1
S‑ACC119,11,0.9925,0,0.01,0,0.9969,0,0,True,LEADING-SIM-V0.1
S‑ACC119,12,0.9755,0,0.028,1,0.9956,0,0,True,LEADING-SIM-V0.1
S‑ACC119,13,0.9812,0,0.0153,0,0.9954,0,0,True,LEADING-SIM-V0.1
S‑ACC119,14,0.9873,0,0.0178,0,0.9976,0,0,True,LEADING-SIM-V0.1
S‑ACC119,15,0.9875,0,0.012,2,0.9981,0,0,True,LEADING-SIM-V0.1
S‑ACC119,16,0.9789,0,0.0136,0,0.999,0,0,True,LEADING-SIM-V0.1
S‑ACC119,17,0.9831,0,0.0174,0,0.9956,0,0,True,LEADING-SIM-V0.1
S‑ACC119,18,0.9848,0,0.0296,0,0.9973,0,0,True,LEADING-SIM-V0.1
S‑ACC119,19,0.9883,1,0.0281,0,0.9935,0,0,True,LEADING-SIM-V0.1
S‑ACC119,20,0.9737,0,0.0296,0,0.9973,0,0,True,LEADING-SIM-V0.1
S‑ACC119,21,0.9839,0,0.0034,0,0.9972,0,0,True,LEADING-SIM-V0.1
S‑ACC119,22,0.9796,0,0.0151,0,0.9961,0,0,True,LEADING-SIM-V0.1
S‑ACC119,23,0.9926,0,0.0305,0,0.996,0,0,True,LEADING-SIM-V0.1
S‑ACC119,24,0.989,0,0.0121,0,0.9967,0,0,True,LEADING-SIM-V0.1
S‑ACC119,25,0.9911,1,0.012,1,1.0,0,0,True,LEADING-SIM-V0.1
S‑ACC119,26,0.9941,0,0.0415,0,0.9965,0,0,True,LEADING-SIM-V0.1
S‑ACC119,27,0.988,2,0.0645,2,0.995,0,1,True,LEADING-SIM-V0.1
S‑ACC119,28,0.9647,3,0.0794,3,0.9973,1,0,True,LEADING-SIM-V0.1
S‑ACC119,29,0.9562,5,0.1576,4,0.9945,1,0,True,LEADING-SIM-V0.1
S‑ACC119,30,0.9431,6,0.2009,6,0.9954,2,0,True,LEADING-SIM-V0.1
S‑ACC119,31,0.9829,0,0.0622,0,0.9956,0,0,True,LEADING-SIM-V0.1
S‑ACC119,32,0.9944,0,0.0413,0,0.9963,0,0,True,LEADING-SIM-V0.1
S‑ACC119,33,0.9855,0,0.0918,0,0.9986,0,0,True,LEADING-SIM-V0.1
S‑ACC119,34,0.9828,0,0.0618,0,0.9965,1,0,True,LEADING-SIM-V0.1
S‑ACC119,35,0.9845,0,0.0073,1,0.9964,0,0,True,LEADING-SIM-V0.1
S‑ACC119,36,0.9805,0,0.0079,0,0.997,0,0,True,LEADING-SIM-V0.1
S‑ACC119,37,0.9964,0,0.0087,0,0.9949,0,0,True,LEADING-SIM-V0.1
S‑ACC119,38,0.9859,0,0.0137,0,0.9952,0,0,True,LEADING-SIM-V0.1
S‑ACC119,39,0.9765,0,0.0213,2,0.9974,0,0,True,LEADING-SIM-V0.1
S‑ACC119,40,0.9795,0,0.0163,1,0.9956,0,0,True,LEADING-SIM-V0.1
S‑ACC119,41,0.9822,0,0.0058,0,0.9955,0,0,True,LEADING-SIM-V0.1
S‑ACC119,42,0.983,0,0.0527,0,0.9972,0,0,True,LEADING-SIM-V0.1
S‑ACC119,43,0.9926,0,0.0257,0,0.9971,0,0,True,LEADING-SIM-V0.1
S‑ACC119,44,0.9842,0,0.0093,0,0.9972,0,0,True,LEADING-SIM-V0.1
S‑ACC119,45,0.9883,1,0.0066,0,0.9963,1,0,True,LEADING-SIM-V0.1
S‑ACC119,46,0.991,0,0.0246,1,0.9989,0,0,True,LEADING-SIM-V0.1
S‑ACC119,47,0.9852,1,0.0216,0,0.9965,0,0,True,LEADING-SIM-V0.1
S‑ACC119,48,0.9948,0,0.0691,0,0.9947,0,0,True,LEADING-SIM-V0.1
S‑ACC119,49,0.9929,0,0.0089,0,0.994,0,0,True,LEADING-SIM-V0.1
S‑ACC119,50,0.9872,0,0.0354,1,0.9971,0,0,True,LEADING-SIM-V0.1
S‑ACC119,51,0.9787,0,0.0116,0,0.9998,0,0,True,LEADING-SIM-V0.1
S‑ACC119,52,0.9798,0,0.0453,1,0.9977,0,0,True,LEADING-SIM-V0.1
S‑ACC120,1,0.9804,0,0.0282,0,0.999,0,0,True,LEADING-SIM-V0.1
S‑ACC120,2,0.9759,0,0.0006,1,0.9953,0,0,True,LEADING-SIM-V0.1
S‑ACC120,3,0.9874,0,0.003,0,0.9991,0,0,True,LEADING-SIM-V0.1
S‑ACC120,4,0.9834,1,0.0612,0,0.998,0,0,True,LEADING-SIM-V0.1
S‑ACC120,5,0.987,0,0.0289,1,0.998,0,0,True,LEADING-SIM-V0.1
S‑ACC120,6,0.9713,0,0.0199,2,0.9943,0,0,True,LEADING-SIM-V0.1
S‑ACC120,7,0.9822,0,0.006,1,0.9952,0,0,True,LEADING-SIM-V0.1
S‑ACC120,8,0.9785,0,0.0815,0,0.9954,0,0,True,LEADING-SIM-V0.1
S‑ACC120,9,0.9819,0,0.0137,2,0.9986,0,0,True,LEADING-SIM-V0.1
S‑ACC120,10,0.9946,0,0.0192,0,0.9953,1,0,True,LEADING-SIM-V0.1
S‑ACC120,11,0.9845,0,0.0103,1,0.9973,1,0,True,LEADING-SIM-V0.1
S‑ACC120,12,0.9879,1,0.0575,0,0.9945,0,0,True,LEADING-SIM-V0.1
S‑ACC120,13,0.9847,0,0.0193,0,0.998,0,0,True,LEADING-SIM-V0.1
S‑ACC120,14,0.9863,2,0.0427,0,0.9959,0,0,True,LEADING-SIM-V0.1
S‑ACC120,15,0.9837,0,0.0009,0,0.9962,0,0,True,LEADING-SIM-V0.1
S‑ACC120,16,0.981,0,0.0645,0,0.9978,0,0,True,LEADING-SIM-V0.1
S‑ACC120,17,0.983,0,0.0064,1,0.9951,0,0,True,LEADING-SIM-V0.1
S‑ACC120,18,0.9825,0,0.0234,0,0.9966,0,0,True,LEADING-SIM-V0.1
S‑ACC120,19,0.9782,1,0.0139,2,0.9972,0,0,True,LEADING-SIM-V0.1
S‑ACC120,20,0.9832,0,0.0526,0,0.9983,0,1,True,LEADING-SIM-V0.1
S‑ACC120,21,0.9841,0,0.0301,0,0.9966,0,0,True,LEADING-SIM-V0.1
S‑ACC120,22,0.992,0,0.0038,1,0.9955,0,0,True,LEADING-SIM-V0.1
S‑ACC120,23,0.9825,0,0.0225,1,0.9938,0,0,True,LEADING-SIM-V0.1
S‑ACC120,24,0.9802,0,0.0141,0,0.9967,0,0,True,LEADING-SIM-V0.1
S‑ACC120,25,0.9767,0,0.0146,0,0.9976,0,0,True,LEADING-SIM-V0.1
S‑ACC120,26,0.9825,0,0.0254,0,0.9981,0,0,True,LEADING-SIM-V0.1
S‑ACC120,27,0.9824,0,0.0478,0,0.9965,0,0,True,LEADING-SIM-V0.1
S‑ACC120,28,0.9908,0,0.0159,0,0.9995,0,0,True,LEADING-SIM-V0.1
S‑ACC120,29,0.9745,2,0.091,2,0.9912,0,0,True,LEADING-SIM-V0.1
S‑ACC120,30,0.9714,3,0.0063,3,0.9903,1,0,True,LEADING-SIM-V0.1
S‑ACC120,31,0.9385,5,0.0418,4,0.9839,2,0,True,LEADING-SIM-V0.1
S‑ACC120,32,0.9292,6,0.011,5,0.9861,1,0,True,LEADING-SIM-V0.1
S‑ACC120,33,0.9801,1,0.0313,0,0.9968,0,0,True,LEADING-SIM-V0.1
S‑ACC120,34,0.9924,0,0.0119,0,0.998,0,0,True,LEADING-SIM-V0.1
S‑ACC120,35,0.9817,0,0.0109,0,0.9954,0,0,True,LEADING-SIM-V0.1
S‑ACC120,36,0.9824,0,0.0131,1,0.9976,0,0,True,LEADING-SIM-V0.1
S‑ACC120,37,0.9837,0,0.0748,1,0.9977,0,0,True,LEADING-SIM-V0.1
S‑ACC120,38,0.9747,0,0.0604,0,0.9976,0,0,True,LEADING-SIM-V0.1
S‑ACC120,39,0.9816,0,0.0074,0,0.9945,0,0,True,LEADING-SIM-V0.1
S‑ACC120,40,0.9959,0,0.0279,0,0.9984,0,0,True,LEADING-SIM-V0.1
S‑ACC120,41,0.9834,0,0.001,0,0.9952,0,0,True,LEADING-SIM-V0.1
S‑ACC120,42,0.9846,0,0.0382,0,0.9983,0,0,True,LEADING-SIM-V0.1
S‑ACC120,43,0.9858,0,0.0378,0,0.9983,0,0,True,LEADING-SIM-V0.1
S‑ACC120,44,0.9835,0,0.0009,1,0.9978,0,0,True,LEADING-SIM-V0.1
S‑ACC120,45,0.9742,0,0.003,0,0.9966,0,0,True,LEADING-SIM-V0.1
S‑ACC120,46,0.9803,0,0.008,1,0.9973,0,0,True,LEADING-SIM-V0.1
S‑ACC120,47,0.9876,0,0.129,0,0.9973,0,0,True,LEADING-SIM-V0.1
S‑ACC120,48,0.9832,1,0.0533,0,0.9965,0,0,True,LEADING-SIM-V0.1
S‑ACC120,49,0.983,0,0.0052,1,0.9969,0,0,True,LEADING-SIM-V0.1
S‑ACC120,50,0.9765,0,0.0116,0,0.9977,0,0,True,LEADING-SIM-V0.1
S‑ACC120,51,0.9876,1,0.0133,2,0.9963,0,0,True,LEADING-SIM-V0.1
S‑ACC120,52,0.9867,0,0.0957,0,0.9971,0,0,True,LEADING-SIM-V0.1
S‑ACC121,1,0.9832,0,0.0142,0,0.9978,0,0,True,LEADING-SIM-V0.1
S‑ACC121,2,0.9845,0,0.0078,0,0.9954,0,0,True,LEADING-SIM-V0.1
S‑ACC121,3,0.9865,1,0.0748,0,0.9982,1,0,True,LEADING-SIM-V0.1
S‑ACC121,4,0.9735,0,0.0009,0,0.9963,0,0,True,LEADING-SIM-V0.1
S‑ACC121,5,0.986,0,0.0356,0,0.9955,0,0,True,LEADING-SIM-V0.1
S‑ACC121,6,0.9809,0,0.0926,0,0.998,0,0,True,LEADING-SIM-V0.1
S‑ACC121,7,0.9785,0,0.0854,0,0.9965,0,0,True,LEADING-SIM-V0.1
S‑ACC121,8,0.9935,0,0.01,0,0.9956,0,0,True,LEADING-SIM-V0.1
S‑ACC121,9,0.9943,0,0.0787,0,0.9977,0,0,True,LEADING-SIM-V0.1
S‑ACC121,10,0.9779,0,0.0083,1,0.995,0,0,True,LEADING-SIM-V0.1
S‑ACC121,11,0.9823,1,0.0076,1,0.9958,0,0,True,LEADING-SIM-V0.1
S‑ACC121,12,0.9849,1,0.0031,0,0.9967,0,0,True,LEADING-SIM-V0.1
S‑ACC121,13,0.9903,0,0.0317,1,0.9967,0,0,True,LEADING-SIM-V0.1
S‑ACC121,14,0.9832,1,0.0331,0,0.9941,0,0,True,LEADING-SIM-V0.1
S‑ACC121,15,0.9923,0,0.0995,0,0.9966,0,0,True,LEADING-SIM-V0.1
S‑ACC121,16,0.9834,0,0.0491,1,0.9987,1,0,True,LEADING-SIM-V0.1
S‑ACC121,17,0.9667,0,0.0156,0,0.9974,0,0,True,LEADING-SIM-V0.1
S‑ACC121,18,0.9849,0,0.0169,0,0.9969,0,0,True,LEADING-SIM-V0.1
S‑ACC121,19,0.9846,2,0.0437,0,0.9995,0,0,True,LEADING-SIM-V0.1
S‑ACC121,20,0.9938,0,0.0049,0,0.9967,0,0,True,LEADING-SIM-V0.1
S‑ACC121,21,0.9784,0,0.0628,0,0.9983,0,0,True,LEADING-SIM-V0.1
S‑ACC121,22,0.9845,1,0.0233,0,0.9963,0,0,True,LEADING-SIM-V0.1
S‑ACC121,23,0.9796,0,0.0059,1,0.9999,0,0,True,LEADING-SIM-V0.1
S‑ACC121,24,0.9816,0,0.0077,1,0.9979,0,0,True,LEADING-SIM-V0.1
S‑ACC121,25,0.9805,0,0.0213,1,0.9967,1,0,True,LEADING-SIM-V0.1
S‑ACC121,26,0.9852,0,0.0016,0,0.9978,0,0,True,LEADING-SIM-V0.1
S‑ACC121,27,0.977,0,0.0271,1,1.0,0,0,True,LEADING-SIM-V0.1
S‑ACC121,28,0.9799,0,0.0204,0,0.9961,0,0,True,LEADING-SIM-V0.1
S‑ACC121,29,0.9859,0,0.0581,1,0.9971,0,0,True,LEADING-SIM-V0.1
S‑ACC121,30,0.9977,0,0.0046,0,0.9957,0,0,True,LEADING-SIM-V0.1
S‑ACC121,31,0.981,0,0.0095,0,0.9978,0,0,True,LEADING-SIM-V0.1
S‑ACC121,32,0.9744,2,0.027,1,0.9964,0,0,True,LEADING-SIM-V0.1
S‑ACC121,33,0.9612,3,0.0342,2,0.9919,1,0,True,LEADING-SIM-V0.1
S‑ACC121,34,0.9561,4,0.0867,3,0.9908,1,0,True,LEADING-SIM-V0.1
S‑ACC121,35,0.9492,5,0.0362,4,0.9848,1,0,True,LEADING-SIM-V0.1
S‑ACC121,36,0.9917,0,0.0207,0,0.9969,0,0,True,LEADING-SIM-V0.1
S‑ACC121,37,0.9794,0,0.1115,1,0.9971,0,0,True,LEADING-SIM-V0.1
S‑ACC121,38,0.9887,1,0.0532,0,0.9976,0,0,True,LEADING-SIM-V0.1
S‑ACC121,39,0.9852,0,0.0162,0,0.9991,0,0,True,LEADING-SIM-V0.1
S‑ACC121,40,0.9893,0,0.0066,0,0.9985,0,0,True,LEADING-SIM-V0.1
S‑ACC121,41,0.9859,0,0.0287,1,0.996,0,0,True,LEADING-SIM-V0.1
S‑ACC121,42,0.981,0,0.0145,1,0.9952,0,0,True,LEADING-SIM-V0.1
S‑ACC121,43,0.9893,0,0.0146,0,0.997,1,0,True,LEADING-SIM-V0.1
S‑ACC121,44,0.98,0,0.018,0,0.9991,0,0,True,LEADING-SIM-V0.1
S‑ACC121,45,0.9923,0,0.003,0,0.9985,0,0,True,LEADING-SIM-V0.1
S‑ACC121,46,0.9825,0,0.0015,2,0.9942,0,0,True,LEADING-SIM-V0.1
S‑ACC121,47,0.9913,0,0.0234,0,0.9955,0,0,True,LEADING-SIM-V0.1
S‑ACC121,48,0.993,0,0.0021,0,0.9938,0,0,True,LEADING-SIM-V0.1
S‑ACC121,49,0.9856,0,0.0158,0,0.9962,0,0,True,LEADING-SIM-V0.1
S‑ACC121,50,0.993,1,0.0559,0,0.9999,0,0,True,LEADING-SIM-V0.1
S‑ACC121,51,0.9781,0,0.0051,0,0.9981,0,0,True,LEADING-SIM-V0.1
S‑ACC121,52,0.9772,1,0.009,0,0.9963,0,0,True,LEADING-SIM-V0.1
S‑ACC122,1,0.9885,0,0.1078,1,0.9952,0,0,True,LEADING-SIM-V0.1
S‑ACC122,2,0.989,0,0.0183,0,0.9962,0,0,True,LEADING-SIM-V0.1
S‑ACC122,3,0.977,0,0.0288,0,0.9968,0,0,True,LEADING-SIM-V0.1
S‑ACC122,4,0.9801,0,0.0498,1,0.995,0,0,True,LEADING-SIM-V0.1
S‑ACC122,5,0.9963,0,0.012,0,0.9987,0,0,True,LEADING-SIM-V0.1
S‑ACC122,6,0.9947,1,0.0174,0,0.9967,0,0,True,LEADING-SIM-V0.1
S‑ACC122,7,0.98,0,0.0692,1,0.9988,0,0,True,LEADING-SIM-V0.1
S‑ACC122,8,0.9851,0,0.0057,0,0.998,0,0,True,LEADING-SIM-V0.1
S‑ACC122,9,0.9836,0,0.0334,0,0.9957,0,0,True,LEADING-SIM-V0.1
S‑ACC122,10,0.9907,0,0.026,0,0.9969,0,0,True,LEADING-SIM-V0.1
S‑ACC122,11,0.9927,0,0.0145,0,0.9972,0,0,True,LEADING-SIM-V0.1
S‑ACC122,12,0.9885,0,0.002,0,0.9981,0,0,True,LEADING-SIM-V0.1
S‑ACC122,13,0.9838,0,0.0367,2,0.9981,0,0,True,LEADING-SIM-V0.1
S‑ACC122,14,0.9869,0,0.0435,0,0.9978,0,0,True,LEADING-SIM-V0.1
S‑ACC122,15,0.9722,0,0.0194,1,0.997,0,0,True,LEADING-SIM-V0.1
S‑ACC122,16,0.9901,0,0.031,0,0.9976,0,0,True,LEADING-SIM-V0.1
S‑ACC122,17,0.9821,1,0.0125,0,0.9982,0,0,True,LEADING-SIM-V0.1
S‑ACC122,18,0.9906,0,0.0285,1,0.9967,0,0,True,LEADING-SIM-V0.1
S‑ACC122,19,0.9829,0,0.028,0,0.997,0,0,True,LEADING-SIM-V0.1
S‑ACC122,20,0.994,0,0.0235,1,0.9961,0,0,True,LEADING-SIM-V0.1
S‑ACC122,21,0.9702,0,0.018,0,0.9966,0,0,True,LEADING-SIM-V0.1
S‑ACC122,22,0.9781,0,0.0222,0,0.9968,0,0,True,LEADING-SIM-V0.1
S‑ACC122,23,0.9725,0,0.0295,0,0.9966,0,0,True,LEADING-SIM-V0.1
S‑ACC122,24,0.9933,1,0.0106,1,0.9978,0,0,True,LEADING-SIM-V0.1
S‑ACC122,25,0.9847,0,0.0687,0,0.9984,0,0,True,LEADING-SIM-V0.1
S‑ACC122,26,0.9906,0,0.0457,1,0.9967,0,0,True,LEADING-SIM-V0.1
S‑ACC122,27,0.9824,0,0.012,1,0.9991,0,0,True,LEADING-SIM-V0.1
S‑ACC122,28,0.9877,0,0.0384,0,0.9986,0,0,True,LEADING-SIM-V0.1
S‑ACC122,29,0.9782,0,0.0208,1,0.9967,0,0,True,LEADING-SIM-V0.1
S‑ACC122,30,0.9875,0,0.0261,0,0.9956,0,0,True,LEADING-SIM-V0.1
S‑ACC122,31,0.9859,0,0.0055,0,0.9955,0,0,True,LEADING-SIM-V0.1
S‑ACC122,32,0.9728,2,0.0294,3,0.9958,0,0,True,LEADING-SIM-V0.1
S‑ACC122,33,0.9675,3,0.0086,3,0.9921,1,0,True,LEADING-SIM-V0.1
S‑ACC122,34,0.9515,4,0.0262,3,0.9887,1,0,True,LEADING-SIM-V0.1
S‑ACC122,35,0.9468,7,0.0068,4,0.9853,1,0,True,LEADING-SIM-V0.1
S‑ACC122,36,0.9799,0,0.0512,1,0.9967,0,0,True,LEADING-SIM-V0.1
S‑ACC122,37,0.9855,0,0.0136,0,0.9978,0,0,True,LEADING-SIM-V0.1
S‑ACC122,38,0.9769,0,0.071,0,0.997,0,0,True,LEADING-SIM-V0.1
S‑ACC122,39,0.9782,1,0.0048,1,0.9955,0,0,True,LEADING-SIM-V0.1
S‑ACC122,40,0.9924,0,0.0436,1,0.996,0,0,True,LEADING-SIM-V0.1
S‑ACC122,41,0.9781,0,0.0328,0,0.998,0,0,True,LEADING-SIM-V0.1
S‑ACC122,42,0.979,0,0.004,1,0.9966,0,0,True,LEADING-SIM-V0.1
S‑ACC122,43,0.9915,0,0.0346,0,0.9957,0,0,True,LEADING-SIM-V0.1
S‑ACC122,44,0.9894,0,0.0166,0,0.9948,1,0,True,LEADING-SIM-V0.1
S‑ACC122,45,0.9853,0,0.0488,2,0.9976,0,0,True,LEADING-SIM-V0.1
S‑ACC122,46,0.9868,1,0.04,0,0.9984,0,0,True,LEADING-SIM-V0.1
S‑ACC122,47,0.9873,0,0.0233,0,0.9945,0,0,True,LEADING-SIM-V0.1
S‑ACC122,48,0.9797,0,0.0937,0,0.9978,0,0,True,LEADING-SIM-V0.1
S‑ACC122,49,0.9806,1,0.012,0,0.9962,0,0,True,LEADING-SIM-V0.1
S‑ACC122,50,0.9861,0,0.007,0,0.999,0,0,True,LEADING-SIM-V0.1
S‑ACC122,51,0.9865,0,0.0107,0,0.9965,0,0,True,LEADING-SIM-V0.1
S‑ACC122,52,0.982,0,0.0295,0,0.9968,0,0,True,LEADING-SIM-V0.1
S‑ACC123,1,0.9826,0,0.0222,0,0.996,0,0,True,LEADING-SIM-V0.1
S‑ACC123,2,0.9831,0,0.0578,1,0.9957,0,0,True,LEADING-SIM-V0.1
S‑ACC123,3,0.9842,0,0.0006,0,0.9973,0,0,True,LEADING-SIM-V0.1
S‑ACC123,4,0.9941,0,0.0388,0,0.9988,0,0,True,LEADING-SIM-V0.1
S‑ACC123,5,0.981,0,0.111,0,0.9973,0,0,True,LEADING-SIM-V0.1
S‑ACC123,6,0.9749,0,0.0007,0,0.9964,0,0,True,LEADING-SIM-V0.1
S‑ACC123,7,0.9823,0,0.0671,0,0.9967,0,0,True,LEADING-SIM-V0.1
S‑ACC123,8,0.988,0,0.0084,0,0.9957,0,0,True,LEADING-SIM-V0.1
S‑ACC123,9,0.9876,0,0.0166,1,0.998,0,0,True,LEADING-SIM-V0.1
S‑ACC123,10,0.9806,0,0.0522,0,0.998,0,0,True,LEADING-SIM-V0.1
S‑ACC123,11,0.9882,0,0.0404,1,0.9986,0,0,True,LEADING-SIM-V0.1
S‑ACC123,12,0.9896,0,0.0335,0,0.9975,0,0,True,LEADING-SIM-V0.1
S‑ACC123,13,0.995,0,0.0377,1,0.9966,0,0,True,LEADING-SIM-V0.1
S‑ACC123,14,0.9813,1,0.0274,0,0.9973,0,0,True,LEADING-SIM-V0.1
S‑ACC123,15,0.9882,0,0.0096,0,0.9979,0,0,True,LEADING-SIM-V0.1
S‑ACC123,16,0.9848,0,0.0127,2,0.9964,0,0,True,LEADING-SIM-V0.1
S‑ACC123,17,0.9954,0,0.0291,0,0.9994,0,0,True,LEADING-SIM-V0.1
S‑ACC123,18,0.9733,0,0.01,0,0.9976,0,0,True,LEADING-SIM-V0.1
S‑ACC123,19,0.9827,0,0.0103,0,0.997,0,0,True,LEADING-SIM-V0.1
S‑ACC123,20,0.9778,0,0.0051,0,0.9963,0,0,True,LEADING-SIM-V0.1
S‑ACC123,21,0.981,0,0.0317,0,0.9961,0,0,True,LEADING-SIM-V0.1
S‑ACC123,22,0.9777,2,0.0925,2,0.9964,0,0,True,LEADING-SIM-V0.1
S‑ACC123,23,0.9711,4,0.0782,3,0.9969,2,0,True,LEADING-SIM-V0.1
S‑ACC123,24,0.9511,5,0.1154,4,0.9955,1,0,True,LEADING-SIM-V0.1
S‑ACC123,25,0.9365,6,0.1771,5,0.9969,1,0,True,LEADING-SIM-V0.1
S‑ACC123,26,0.9844,0,0.0645,1,0.9966,0,0,True,LEADING-SIM-V0.1
S‑ACC123,27,0.9844,1,0.0053,0,0.9984,0,0,True,LEADING-SIM-V0.1
S‑ACC123,28,0.9827,0,0.0026,0,0.999,0,0,True,LEADING-SIM-V0.1
S‑ACC123,29,0.9798,0,0.0152,0,0.9972,0,0,True,LEADING-SIM-V0.1
S‑ACC123,30,0.9876,0,0.0197,0,0.9975,0,0,True,LEADING-SIM-V0.1
S‑ACC123,31,0.9841,0,0.0236,0,0.9957,0,0,True,LEADING-SIM-V0.1
S‑ACC123,32,0.9866,0,0.0706,0,0.9984,1,0,True,LEADING-SIM-V0.1
S‑ACC123,33,0.9959,0,0.0221,0,0.9978,0,0,True,LEADING-SIM-V0.1
S‑ACC123,34,0.983,0,0.0076,0,1.0,0,0,True,LEADING-SIM-V0.1
S‑ACC123,35,0.9925,0,0.0607,0,0.997,0,0,True,LEADING-SIM-V0.1
S‑ACC123,36,0.9896,0,0.0671,1,0.9986,0,0,True,LEADING-SIM-V0.1
S‑ACC123,37,0.9904,1,0.0107,0,0.9962,0,0,True,LEADING-SIM-V0.1
S‑ACC123,38,0.9934,1,0.005,1,0.9959,0,0,True,LEADING-SIM-V0.1
S‑ACC123,39,0.9847,1,0.0807,0,0.9957,0,0,True,LEADING-SIM-V0.1
S‑ACC123,40,0.9929,0,0.0021,0,0.9966,0,0,True,LEADING-SIM-V0.1
S‑ACC123,41,0.9858,1,0.0259,1,0.9966,0,0,True,LEADING-SIM-V0.1
S‑ACC123,42,0.9829,0,0.0349,0,0.9993,0,0,True,LEADING-SIM-V0.1
S‑ACC123,43,0.9997,0,0.0416,0,0.9969,0,0,True,LEADING-SIM-V0.1
S‑ACC123,44,0.9879,0,0.0266,0,0.9952,0,0,True,LEADING-SIM-V0.1
S‑ACC123,45,0.9917,0,0.005,0,0.9977,0,0,True,LEADING-SIM-V0.1
S‑ACC123,46,0.9869,0,0.0037,0,0.9966,0,0,True,LEADING-SIM-V0.1
S‑ACC123,47,0.9871,0,0.0072,1,0.9961,0,0,True,LEADING-SIM-V0.1
S‑ACC123,48,0.9902,0,0.0142,0,0.9976,0,0,True,LEADING-SIM-V0.1
S‑ACC123,49,0.9904,0,0.061,2,0.9976,0,0,True,LEADING-SIM-V0.1
S‑ACC123,50,0.9868,0,0.0064,1,0.9947,0,0,True,LEADING-SIM-V0.1
S‑ACC123,51,0.9951,1,0.0277,0,0.9967,0,0,True,LEADING-SIM-V0.1
S‑ACC123,52,0.9824,0,0.0136,0,0.9961,0,0,True,LEADING-SIM-V0.1
S‑ACC124,1,0.9943,1,0.0419,0,0.9978,0,0,True,LEADING-SIM-V0.1
S‑ACC124,2,0.9863,0,0.0396,0,0.9979,0,0,True,LEADING-SIM-V0.1
S‑ACC124,3,0.9893,0,0.0063,0,0.9972,0,0,True,LEADING-SIM-V0.1
S‑ACC124,4,0.9735,0,0.0726,0,0.9948,0,0,True,LEADING-SIM-V0.1
S‑ACC124,5,0.9823,0,0.0111,1,0.9979,0,0,True,LEADING-SIM-V0.1
S‑ACC124,6,0.9807,1,0.0697,0,0.9979,0,0,True,LEADING-SIM-V0.1
S‑ACC124,7,0.9904,0,0.1103,0,0.9969,0,0,True,LEADING-SIM-V0.1
S‑ACC124,8,0.9941,0,0.0574,1,0.9961,0,0,True,LEADING-SIM-V0.1
S‑ACC124,9,0.9928,1,0.0011,0,0.9981,0,0,True,LEADING-SIM-V0.1
S‑ACC124,10,0.979,0,0.0092,0,0.9976,0,0,True,LEADING-SIM-V0.1
S‑ACC124,11,0.9821,0,0.004,0,0.9966,0,0,True,LEADING-SIM-V0.1
S‑ACC124,12,0.9942,0,0.0487,0,0.9965,0,0,True,LEADING-SIM-V0.1
S‑ACC124,13,0.977,0,0.0184,0,0.9963,0,0,True,LEADING-SIM-V0.1
S‑ACC124,14,0.9841,0,0.0309,0,0.9975,0,0,True,LEADING-SIM-V0.1
S‑ACC124,15,0.983,1,0.0341,0,0.9965,0,0,True,LEADING-SIM-V0.1
S‑ACC124,16,0.9799,0,0.0048,0,0.9957,0,0,True,LEADING-SIM-V0.1
S‑ACC124,17,0.9886,0,0.019,0,0.9988,0,0,True,LEADING-SIM-V0.1
S‑ACC124,18,0.9802,0,0.0102,0,0.9971,0,0,True,LEADING-SIM-V0.1
S‑ACC124,19,0.9794,0,0.0524,0,0.9976,0,0,True,LEADING-SIM-V0.1
S‑ACC124,20,0.9839,0,0.0215,1,0.9961,0,0,True,LEADING-SIM-V0.1
S‑ACC124,21,0.9839,0,0.0348,0,0.9975,0,0,True,LEADING-SIM-V0.1
S‑ACC124,22,0.9866,0,0.0617,0,0.9937,0,0,True,LEADING-SIM-V0.1
S‑ACC124,23,0.9821,1,0.0229,0,0.9991,0,0,True,LEADING-SIM-V0.1
S‑ACC124,24,0.9785,0,0.0078,0,0.998,0,0,True,LEADING-SIM-V0.1
S‑ACC124,25,0.978,0,0.0415,0,0.9976,0,0,True,LEADING-SIM-V0.1
S‑ACC124,26,0.9909,0,0.0095,0,0.9963,0,0,True,LEADING-SIM-V0.1
S‑ACC124,27,0.9796,0,0.0144,0,0.9965,0,0,True,LEADING-SIM-V0.1
S‑ACC124,28,0.9813,3,0.026,4,0.9957,0,0,True,LEADING-SIM-V0.1
S‑ACC124,29,0.96,3,0.0165,3,0.996,1,0,True,LEADING-SIM-V0.1
S‑ACC124,30,0.9576,5,0.0168,4,0.9958,1,0,True,LEADING-SIM-V0.1
S‑ACC124,31,0.9357,6,0.0018,5,0.9967,1,0,True,LEADING-SIM-V0.1
S‑ACC124,32,0.9786,0,0.0238,0,0.9964,0,0,True,LEADING-SIM-V0.1
S‑ACC124,33,0.9849,0,0.0074,0,0.9979,0,0,True,LEADING-SIM-V0.1
S‑ACC124,34,0.9806,0,0.0117,0,0.9969,0,0,True,LEADING-SIM-V0.1
S‑ACC124,35,0.9915,0,0.0633,0,0.9962,0,0,True,LEADING-SIM-V0.1
S‑ACC124,36,0.9862,0,0.0505,0,0.9988,0,0,True,LEADING-SIM-V0.1
S‑ACC124,37,0.9788,0,0.0132,0,0.9978,0,0,True,LEADING-SIM-V0.1
S‑ACC124,38,0.9817,0,0.0862,0,0.9976,0,0,True,LEADING-SIM-V0.1
S‑ACC124,39,0.9895,0,0.0321,0,0.9971,0,0,True,LEADING-SIM-V0.1
S‑ACC124,40,0.9868,0,0.0395,0,1.0,0,0,True,LEADING-SIM-V0.1
S‑ACC124,41,0.9811,0,0.0414,0,0.9987,0,0,True,LEADING-SIM-V0.1
S‑ACC124,42,0.9878,0,0.011,1,0.9965,0,0,True,LEADING-SIM-V0.1
S‑ACC124,43,0.98,0,0.0639,1,0.9981,0,0,True,LEADING-SIM-V0.1
S‑ACC124,44,0.9823,0,0.0519,0,0.9952,0,0,True,LEADING-SIM-V0.1
S‑ACC124,45,0.9875,1,0.0187,0,0.9957,0,0,True,LEADING-SIM-V0.1
S‑ACC124,46,0.994,0,0.0231,0,0.9965,0,0,True,LEADING-SIM-V0.1
S‑ACC124,47,0.9795,0,0.0731,0,0.9973,0,0,True,LEADING-SIM-V0.1
S‑ACC124,48,0.9857,0,0.02,0,0.9989,0,0,True,LEADING-SIM-V0.1
S‑ACC124,49,0.993,0,0.0252,0,0.9973,0,0,True,LEADING-SIM-V0.1
S‑ACC124,50,0.9833,1,0.0283,0,0.9973,0,0,True,LEADING-SIM-V0.1
S‑ACC124,51,0.9891,0,0.0275,0,0.9969,0,0,True,LEADING-SIM-V0.1
S‑ACC124,52,0.9847,1,0.0873,1,0.9971,0,0,True,LEADING-SIM-V0.1
S‑ACC125,1,0.9844,1,0.0374,0,0.9991,0,0,True,LEADING-SIM-V0.1
S‑ACC125,2,0.984,0,0.0373,1,0.9963,0,0,True,LEADING-SIM-V0.1
S‑ACC125,3,0.9777,0,0.0116,1,0.9969,0,0,True,LEADING-SIM-V0.1
S‑ACC125,4,0.9828,1,0.0428,0,0.9973,0,0,True,LEADING-SIM-V0.1
S‑ACC125,5,0.982,0,0.0166,0,0.9954,0,0,True,LEADING-SIM-V0.1
S‑ACC125,6,0.9795,1,0.035,1,0.9973,0,0,True,LEADING-SIM-V0.1
S‑ACC125,7,0.9772,0,0.0126,0,0.9992,0,0,True,LEADING-SIM-V0.1
S‑ACC125,8,0.9857,0,0.0254,0,0.9963,0,0,True,LEADING-SIM-V0.1
S‑ACC125,9,0.981,0,0.0103,0,0.9953,0,0,True,LEADING-SIM-V0.1
S‑ACC125,10,0.9872,0,0.0035,0,0.9977,0,0,True,LEADING-SIM-V0.1
S‑ACC125,11,0.9931,0,0.0088,0,0.9977,0,0,True,LEADING-SIM-V0.1
S‑ACC125,12,0.9717,0,0.0172,0,0.9953,0,0,True,LEADING-SIM-V0.1
S‑ACC125,13,0.984,0,0.0065,0,1.0,0,0,True,LEADING-SIM-V0.1
S‑ACC125,14,0.9811,0,0.0041,0,0.9963,0,0,True,LEADING-SIM-V0.1
S‑ACC125,15,0.9777,0,0.024,0,0.9981,0,0,True,LEADING-SIM-V0.1
S‑ACC125,16,0.982,1,0.0043,0,0.9958,0,0,True,LEADING-SIM-V0.1
S‑ACC125,17,0.9721,0,0.0165,1,0.9969,0,0,True,LEADING-SIM-V0.1
S‑ACC125,18,0.9894,0,0.0654,0,0.9967,0,0,True,LEADING-SIM-V0.1
S‑ACC125,19,0.9892,0,0.0064,2,0.9969,0,0,True,LEADING-SIM-V0.1
S‑ACC125,20,0.986,0,0.0155,0,0.9974,0,0,True,LEADING-SIM-V0.1
S‑ACC125,21,0.9902,0,0.0213,1,0.9954,0,0,True,LEADING-SIM-V0.1
S‑ACC125,22,0.9646,2,0.0159,1,0.994,0,0,True,LEADING-SIM-V0.1
S‑ACC125,23,0.9633,3,0.0001,2,0.9933,1,0,True,LEADING-SIM-V0.1
S‑ACC125,24,0.958,4,0.1009,5,0.9899,1,0,True,LEADING-SIM-V0.1
S‑ACC125,25,0.9484,5,0.0257,4,0.9873,1,0,True,LEADING-SIM-V0.1
S‑ACC125,26,0.9925,0,0.0356,0,0.9957,0,0,True,LEADING-SIM-V0.1
S‑ACC125,27,0.9845,0,0.0789,0,0.9988,0,0,True,LEADING-SIM-V0.1
S‑ACC125,28,0.9832,1,0.0587,0,0.9948,0,0,True,LEADING-SIM-V0.1
S‑ACC125,29,0.9831,0,0.1002,0,0.9981,1,0,True,LEADING-SIM-V0.1
S‑ACC125,30,0.9841,0,0.0853,0,0.999,0,0,True,LEADING-SIM-V0.1
S‑ACC125,31,0.982,0,0.0217,0,0.9934,0,0,True,LEADING-SIM-V0.1
S‑ACC125,32,0.9784,0,0.0129,1,0.9988,0,0,True,LEADING-SIM-V0.1
S‑ACC125,33,0.996,0,0.0178,2,0.998,0,0,True,LEADING-SIM-V0.1
S‑ACC125,34,0.9954,0,0.0078,0,0.9956,0,0,True,LEADING-SIM-V0.1
S‑ACC125,35,0.9803,0,0.0331,0,0.9967,0,0,True,LEADING-SIM-V0.1
S‑ACC125,36,0.982,0,0.0042,0,0.997,0,0,True,LEADING-SIM-V0.1
S‑ACC125,37,0.9862,0,0.0593,1,0.9954,0,0,True,LEADING-SIM-V0.1
S‑ACC125,38,0.9919,0,0.0046,0,0.9945,0,0,True,LEADING-SIM-V0.1
S‑ACC125,39,0.9991,0,0.0083,0,0.9983,0,0,True,LEADING-SIM-V0.1
S‑ACC125,40,0.9831,0,0.0337,0,0.995,0,0,True,LEADING-SIM-V0.1
S‑ACC125,41,0.9801,1,0.0435,0,0.9981,0,0,True,LEADING-SIM-V0.1
S‑ACC125,42,0.9919,0,0.0719,1,0.9973,0,0,True,LEADING-SIM-V0.1
S‑ACC125,43,0.9858,0,0.008,0,0.9952,0,0,True,LEADING-SIM-V0.1
S‑ACC125,44,0.9798,0,0.014,0,0.999,0,0,True,LEADING-SIM-V0.1
S‑ACC125,45,0.9852,0,0.0462,0,0.997,0,1,True,LEADING-SIM-V0.1
S‑ACC125,46,0.9827,0,0.0324,0,0.9965,0,0,True,LEADING-SIM-V0.1
S‑ACC125,47,0.9797,0,0.0074,0,0.9942,0,0,True,LEADING-SIM-V0.1
S‑ACC125,48,0.9898,0,0.0015,0,0.9931,0,0,True,LEADING-SIM-V0.1
S‑ACC125,49,0.9828,0,0.0174,1,0.9979,0,0,True,LEADING-SIM-V0.1
S‑ACC125,50,0.9864,0,0.0823,0,0.9995,0,0,True,LEADING-SIM-V0.1
S‑ACC125,51,0.9816,1,0.0125,0,0.9954,0,0,True,LEADING-SIM-V0.1
S‑ACC125,52,0.9819,0,0.0075,0,0.9947,0,0,True,LEADING-SIM-V0.1
S‑ACC126,1,0.9779,0,0.0081,0,0.9969,0,0,True,LEADING-SIM-V0.1
S‑ACC126,2,0.9845,0,0.0134,0,0.9977,0,0,True,LEADING-SIM-V0.1
S‑ACC126,3,0.9952,0,0.0056,0,0.9965,0,0,True,LEADING-SIM-V0.1
S‑ACC126,4,0.9753,1,0.033,1,0.9956,0,0,True,LEADING-SIM-V0.1
S‑ACC126,5,0.9955,0,0.0031,0,0.9956,0,0,True,LEADING-SIM-V0.1
S‑ACC126,6,0.9816,0,0.0088,0,0.9951,0,0,True,LEADING-SIM-V0.1
S‑ACC126,7,0.9804,0,0.0198,0,0.9954,0,0,True,LEADING-SIM-V0.1
S‑ACC126,8,0.981,0,0.0068,0,0.9976,0,0,True,LEADING-SIM-V0.1
S‑ACC126,9,0.9787,0,0.0249,1,0.9955,0,0,True,LEADING-SIM-V0.1
S‑ACC126,10,0.9746,1,0.008,1,0.996,0,0,True,LEADING-SIM-V0.1
S‑ACC126,11,0.9772,0,0.0488,0,0.9948,0,0,True,LEADING-SIM-V0.1
S‑ACC126,12,0.9848,0,0.0978,1,0.9967,0,0,True,LEADING-SIM-V0.1
S‑ACC126,13,0.9809,0,0.0389,0,0.9994,0,0,True,LEADING-SIM-V0.1
S‑ACC126,14,0.9829,0,0.0312,0,0.9957,0,0,True,LEADING-SIM-V0.1
S‑ACC126,15,0.9743,0,0.0059,1,0.994,0,0,True,LEADING-SIM-V0.1
S‑ACC126,16,0.9782,0,0.0582,0,0.998,0,0,True,LEADING-SIM-V0.1
S‑ACC126,17,0.9794,0,0.0095,0,0.9976,0,0,True,LEADING-SIM-V0.1
S‑ACC126,18,0.991,0,0.088,0,0.9963,0,0,True,LEADING-SIM-V0.1
S‑ACC126,19,0.9827,0,0.013,0,0.9993,0,0,True,LEADING-SIM-V0.1
S‑ACC126,20,0.9926,0,0.0288,1,0.9934,0,0,True,LEADING-SIM-V0.1
S‑ACC126,21,0.9798,0,0.0236,0,0.9997,0,0,True,LEADING-SIM-V0.1
S‑ACC126,22,0.9782,0,0.0422,0,0.9983,0,0,True,LEADING-SIM-V0.1
S‑ACC126,23,0.9861,0,0.0256,0,0.9977,0,0,True,LEADING-SIM-V0.1
S‑ACC126,24,0.985,0,0.0119,0,0.9954,0,0,True,LEADING-SIM-V0.1
S‑ACC126,25,0.984,1,0.0163,0,0.9937,0,0,True,LEADING-SIM-V0.1
S‑ACC126,26,0.9885,0,0.0682,1,0.995,0,0,True,LEADING-SIM-V0.1
S‑ACC126,27,0.9998,0,0.0603,0,0.9985,0,0,True,LEADING-SIM-V0.1
S‑ACC126,28,0.9618,2,0.0313,1,0.9969,0,0,True,LEADING-SIM-V0.1
S‑ACC126,29,0.9579,3,0.0056,3,0.9935,1,0,True,LEADING-SIM-V0.1
S‑ACC126,30,0.959,5,0.019,3,0.9887,1,0,True,LEADING-SIM-V0.1
S‑ACC126,31,0.948,5,0.13,4,0.9867,1,0,True,LEADING-SIM-V0.1
S‑ACC126,32,0.9746,0,0.15,0,0.9955,0,0,True,LEADING-SIM-V0.1
S‑ACC126,33,0.9886,0,0.0709,0,0.9984,0,0,True,LEADING-SIM-V0.1
S‑ACC126,34,0.9886,1,0.0048,0,0.9969,0,0,True,LEADING-SIM-V0.1
S‑ACC126,35,0.9917,0,0.0128,2,0.9966,0,0,True,LEADING-SIM-V0.1
S‑ACC126,36,0.9977,0,0.0021,0,0.9989,0,0,True,LEADING-SIM-V0.1
S‑ACC126,37,0.9748,0,0.0301,0,0.9973,0,0,True,LEADING-SIM-V0.1
S‑ACC126,38,0.9929,0,0.0872,1,0.9981,0,0,True,LEADING-SIM-V0.1
S‑ACC126,39,0.9925,0,0.0101,1,0.9967,0,0,True,LEADING-SIM-V0.1
S‑ACC126,40,0.9855,0,0.029,0,1.0,0,0,True,LEADING-SIM-V0.1
S‑ACC126,41,0.9676,0,0.15,0,0.9967,0,0,True,LEADING-SIM-V0.1
S‑ACC126,42,0.9741,0,0.0538,1,0.9987,0,0,True,LEADING-SIM-V0.1
S‑ACC126,43,0.9885,0,0.0043,0,1.0,0,0,True,LEADING-SIM-V0.1
S‑ACC126,44,0.9731,0,0.053,1,0.9973,0,0,True,LEADING-SIM-V0.1
S‑ACC126,45,0.9876,0,0.0242,0,0.9963,0,0,True,LEADING-SIM-V0.1
S‑ACC126,46,0.9748,0,0.0233,1,0.9948,0,0,True,LEADING-SIM-V0.1
S‑ACC126,47,0.9853,0,0.0039,0,0.9961,0,0,True,LEADING-SIM-V0.1
S‑ACC126,48,0.9858,0,0.0146,0,0.9977,0,0,True,LEADING-SIM-V0.1
S‑ACC126,49,0.986,0,0.0115,0,0.9956,0,1,True,LEADING-SIM-V0.1
S‑ACC126,50,0.9879,0,0.0307,0,0.9969,0,0,True,LEADING-SIM-V0.1
S‑ACC126,51,0.9858,1,0.1097,0,0.9968,0,1,True,LEADING-SIM-V0.1
S‑ACC126,52,0.9799,1,0.0055,1,0.9994,0,0,True,LEADING-SIM-V0.1
S‑ACC127,1,0.9828,1,0.0985,0,0.9968,0,0,True,LEADING-SIM-V0.1
S‑ACC127,2,0.986,0,0.0078,0,0.9949,0,0,True,LEADING-SIM-V0.1
S‑ACC127,3,0.9812,1,0.0173,0,0.9978,0,0,True,LEADING-SIM-V0.1
S‑ACC127,4,0.9897,0,0.0485,1,0.9984,0,0,True,LEADING-SIM-V0.1
S‑ACC127,5,0.9869,0,0.0951,0,0.996,0,0,True,LEADING-SIM-V0.1
S‑ACC127,6,0.9733,0,0.0235,0,0.9972,0,0,True,LEADING-SIM-V0.1
S‑ACC127,7,0.9881,0,0.065,0,0.999,0,0,True,LEADING-SIM-V0.1
S‑ACC127,8,0.9772,0,0.0121,0,0.9984,0,0,True,LEADING-SIM-V0.1
S‑ACC127,9,0.9866,0,0.0403,1,0.9964,0,0,True,LEADING-SIM-V0.1
S‑ACC127,10,0.9859,0,0.0155,0,0.9969,0,0,True,LEADING-SIM-V0.1
S‑ACC127,11,0.9834,0,0.0484,0,0.9994,0,0,True,LEADING-SIM-V0.1
S‑ACC127,12,0.9827,0,0.0115,0,0.9964,0,0,True,LEADING-SIM-V0.1
S‑ACC127,13,0.988,0,0.0005,1,0.9957,0,0,True,LEADING-SIM-V0.1
S‑ACC127,14,0.9943,0,0.0457,0,0.9989,0,0,True,LEADING-SIM-V0.1
S‑ACC127,15,0.9878,0,0.0148,0,0.9974,0,0,True,LEADING-SIM-V0.1
S‑ACC127,16,0.9751,0,0.0372,0,0.9979,0,0,True,LEADING-SIM-V0.1
S‑ACC127,17,0.9846,0,0.0229,2,0.9959,0,0,True,LEADING-SIM-V0.1
S‑ACC127,18,0.9872,0,0.0076,0,0.9972,0,1,True,LEADING-SIM-V0.1
S‑ACC127,19,0.9867,0,0.0174,0,0.9973,0,0,True,LEADING-SIM-V0.1
S‑ACC127,20,0.9874,0,0.0023,1,0.9984,0,0,True,LEADING-SIM-V0.1
S‑ACC127,21,0.9855,1,0.0163,0,0.9952,0,0,True,LEADING-SIM-V0.1
S‑ACC127,22,0.9829,0,0.0688,1,1.0,0,0,True,LEADING-SIM-V0.1
S‑ACC127,23,0.9704,0,0.0137,0,0.9971,0,0,True,LEADING-SIM-V0.1
S‑ACC127,24,0.9801,0,0.0824,0,0.9991,0,0,True,LEADING-SIM-V0.1
S‑ACC127,25,0.9904,0,0.0045,0,0.9972,0,0,True,LEADING-SIM-V0.1
S‑ACC127,26,0.9918,0,0.0066,1,0.9973,0,0,True,LEADING-SIM-V0.1
S‑ACC127,27,0.9836,0,0.0555,1,0.9952,0,0,True,LEADING-SIM-V0.1
S‑ACC127,28,0.9763,3,0.0665,1,0.998,0,0,True,LEADING-SIM-V0.1
S‑ACC127,29,0.9647,3,0.0659,5,0.9971,1,0,True,LEADING-SIM-V0.1
S‑ACC127,30,0.9501,4,0.1211,3,0.9987,1,0,True,LEADING-SIM-V0.1
S‑ACC127,31,0.9504,5,0.1698,5,0.9976,1,0,True,LEADING-SIM-V0.1
S‑ACC127,32,0.9887,0,0.035,0,0.9974,1,0,True,LEADING-SIM-V0.1
S‑ACC127,33,0.978,0,0.0147,0,0.9952,0,0,True,LEADING-SIM-V0.1
S‑ACC127,34,0.9838,0,0.0103,1,0.9949,1,0,True,LEADING-SIM-V0.1
S‑ACC127,35,0.9933,0,0.0106,0,0.9958,0,0,True,LEADING-SIM-V0.1
S‑ACC127,36,0.9883,0,0.0103,0,0.9966,0,0,True,LEADING-SIM-V0.1
S‑ACC127,37,0.9986,0,0.0026,2,0.9935,0,0,True,LEADING-SIM-V0.1
S‑ACC127,38,0.9881,0,0.0144,3,0.9972,0,0,True,LEADING-SIM-V0.1
S‑ACC127,39,0.9843,0,0.0257,0,0.997,0,0,True,LEADING-SIM-V0.1
S‑ACC127,40,0.9894,0,0.077,0,0.9965,0,0,True,LEADING-SIM-V0.1
S‑ACC127,41,0.9933,1,0.0115,0,0.9999,0,0,True,LEADING-SIM-V0.1
S‑ACC127,42,0.9862,1,0.0214,1,0.9971,0,0,True,LEADING-SIM-V0.1
S‑ACC127,43,0.9835,0,0.0575,1,0.9985,0,0,True,LEADING-SIM-V0.1
S‑ACC127,44,0.9785,1,0.0405,0,0.9975,0,0,True,LEADING-SIM-V0.1
S‑ACC127,45,0.9742,0,0.0248,1,0.9997,0,0,True,LEADING-SIM-V0.1
S‑ACC127,46,0.9899,0,0.0703,0,0.9986,0,0,True,LEADING-SIM-V0.1
S‑ACC127,47,0.9883,0,0.0854,0,0.9993,0,0,True,LEADING-SIM-V0.1
S‑ACC127,48,0.9722,0,0.0014,0,0.9971,0,0,True,LEADING-SIM-V0.1
S‑ACC127,49,0.9852,1,0.0066,1,0.9967,0,0,True,LEADING-SIM-V0.1
S‑ACC127,50,0.9915,0,0.0637,1,0.9978,0,0,True,LEADING-SIM-V0.1
S‑ACC127,51,0.9937,0,0.0504,0,0.9966,0,0,True,LEADING-SIM-V0.1
S‑ACC127,52,0.9821,0,0.1175,1,0.9965,0,0,True,LEADING-SIM-V0.1
S‑ACC128,1,0.9891,0,0.0513,0,0.996,0,0,True,LEADING-SIM-V0.1
S‑ACC128,2,0.9845,0,0.013,0,0.9978,0,0,True,LEADING-SIM-V0.1
S‑ACC128,3,0.9906,1,0.004,1,0.9978,0,0,True,LEADING-SIM-V0.1
S‑ACC128,4,0.989,0,0.0112,0,0.9953,0,0,True,LEADING-SIM-V0.1
S‑ACC128,5,0.9917,0,0.0323,1,0.9965,0,0,True,LEADING-SIM-V0.1
S‑ACC128,6,0.9863,0,0.0226,0,0.998,0,0,True,LEADING-SIM-V0.1
S‑ACC128,7,0.9769,0,0.033,0,0.9967,0,0,True,LEADING-SIM-V0.1
S‑ACC128,8,0.9757,1,0.013,1,0.9984,0,0,True,LEADING-SIM-V0.1
S‑ACC128,9,0.9851,0,0.0183,1,0.9947,0,0,True,LEADING-SIM-V0.1
S‑ACC128,10,0.9806,2,0.0706,1,0.9959,1,0,True,LEADING-SIM-V0.1
S‑ACC128,11,0.99,0,0.0245,1,0.999,0,0,True,LEADING-SIM-V0.1
S‑ACC128,12,0.9865,0,0.0038,0,0.9959,0,0,True,LEADING-SIM-V0.1
S‑ACC128,13,0.9972,0,0.0091,0,0.9952,0,0,True,LEADING-SIM-V0.1
S‑ACC128,14,0.9874,0,0.016,0,0.9946,0,0,True,LEADING-SIM-V0.1
S‑ACC128,15,0.9821,1,0.0359,1,0.9985,0,0,True,LEADING-SIM-V0.1
S‑ACC128,16,0.9697,0,0.0688,0,0.9957,0,0,True,LEADING-SIM-V0.1
S‑ACC128,17,0.9801,0,0.0954,1,0.9978,1,0,True,LEADING-SIM-V0.1
S‑ACC128,18,0.9866,0,0.0593,0,0.9953,1,0,True,LEADING-SIM-V0.1
S‑ACC128,19,0.9775,0,0.0137,0,0.9955,0,0,True,LEADING-SIM-V0.1
S‑ACC128,20,0.9896,0,0.0115,0,0.9962,0,0,True,LEADING-SIM-V0.1
S‑ACC128,21,0.974,2,0.0918,2,0.9946,0,0,True,LEADING-SIM-V0.1
S‑ACC128,22,0.9662,3,0.0492,3,0.9907,1,0,True,LEADING-SIM-V0.1
S‑ACC128,23,0.9532,5,0.0193,5,0.9872,1,0,True,LEADING-SIM-V0.1
S‑ACC128,24,0.9334,6,0.0361,6,0.9846,1,0,True,LEADING-SIM-V0.1
S‑ACC128,25,0.9801,1,0.0473,0,0.9991,0,0,True,LEADING-SIM-V0.1
S‑ACC128,26,0.984,0,0.0491,0,0.995,0,0,True,LEADING-SIM-V0.1
S‑ACC128,27,0.9779,0,0.0121,0,0.9952,0,0,True,LEADING-SIM-V0.1
S‑ACC128,28,0.9918,0,0.0069,0,0.995,0,0,True,LEADING-SIM-V0.1
S‑ACC128,29,0.986,0,0.1021,0,0.9978,0,0,True,LEADING-SIM-V0.1
S‑ACC128,30,0.97,0,0.0547,2,0.996,0,0,True,LEADING-SIM-V0.1
S‑ACC128,31,0.9917,1,0.0453,0,0.9974,0,0,True,LEADING-SIM-V0.1
S‑ACC128,32,0.982,1,0.0166,0,0.9981,0,0,True,LEADING-SIM-V0.1
S‑ACC128,33,0.9823,0,0.0108,0,0.9975,0,0,True,LEADING-SIM-V0.1
S‑ACC128,34,0.9807,0,0.0247,1,0.996,0,0,True,LEADING-SIM-V0.1
S‑ACC128,35,0.981,0,0.1484,0,0.9975,0,0,True,LEADING-SIM-V0.1
S‑ACC128,36,0.9838,0,0.0105,1,0.9991,0,0,True,LEADING-SIM-V0.1
S‑ACC128,37,0.9871,0,0.0185,0,0.9978,0,0,True,LEADING-SIM-V0.1
S‑ACC128,38,0.9882,1,0.0491,0,0.9972,0,0,True,LEADING-SIM-V0.1
S‑ACC128,39,0.995,0,0.0052,0,0.9965,0,0,True,LEADING-SIM-V0.1
S‑ACC128,40,0.9757,1,0.0148,1,0.9968,0,0,True,LEADING-SIM-V0.1
S‑ACC128,41,0.9842,0,0.006,0,0.9977,0,1,True,LEADING-SIM-V0.1
S‑ACC128,42,0.9919,0,0.0082,0,0.9975,0,0,True,LEADING-SIM-V0.1
S‑ACC128,43,0.9892,0,0.0115,0,0.9973,0,0,True,LEADING-SIM-V0.1
S‑ACC128,44,0.991,0,0.0065,0,0.9988,0,0,True,LEADING-SIM-V0.1
S‑ACC128,45,0.9779,0,0.0492,0,0.9981,0,0,True,LEADING-SIM-V0.1
S‑ACC128,46,0.9939,0,0.0026,0,0.996,0,0,True,LEADING-SIM-V0.1
S‑ACC128,47,0.9834,0,0.0726,0,0.9957,0,0,True,LEADING-SIM-V0.1
S‑ACC128,48,0.9819,0,0.0219,0,0.9969,0,0,True,LEADING-SIM-V0.1
S‑ACC128,49,0.9764,0,0.0178,0,0.9974,0,0,True,LEADING-SIM-V0.1
S‑ACC128,50,0.9857,0,0.0372,1,0.9969,0,0,True,LEADING-SIM-V0.1
S‑ACC128,51,0.9726,0,0.0151,0,0.9954,0,0,True,LEADING-SIM-V0.1
S‑ACC128,52,0.9869,0,0.1221,0,0.9964,0,0,True,LEADING-SIM-V0.1
S‑ACC129,1,0.983,0,0.0046,1,0.9971,0,0,True,LEADING-SIM-V0.1
S‑ACC129,2,0.9841,0,0.0991,2,0.9954,0,0,True,LEADING-SIM-V0.1
S‑ACC129,3,0.9947,0,0.0113,0,0.9973,0,0,True,LEADING-SIM-V0.1
S‑ACC129,4,0.9846,0,0.0606,1,0.9963,0,0,True,LEADING-SIM-V0.1
S‑ACC129,5,0.9733,0,0.0335,0,0.9974,0,0,True,LEADING-SIM-V0.1
S‑ACC129,6,0.9823,0,0.0082,0,0.9976,0,0,True,LEADING-SIM-V0.1
S‑ACC129,7,0.9819,0,0.0321,0,0.9957,0,0,True,LEADING-SIM-V0.1
S‑ACC129,8,0.9847,0,0.0418,0,0.9978,0,0,True,LEADING-SIM-V0.1
S‑ACC129,9,0.9879,0,0.0697,1,0.9977,0,0,True,LEADING-SIM-V0.1
S‑ACC129,10,0.9798,1,0.0777,0,1.0,0,0,True,LEADING-SIM-V0.1
S‑ACC129,11,0.9966,1,0.0733,1,0.9983,1,0,True,LEADING-SIM-V0.1
S‑ACC129,12,0.9874,0,0.0502,0,0.9969,0,0,True,LEADING-SIM-V0.1
S‑ACC129,13,0.9906,1,0.1265,0,0.9981,0,0,True,LEADING-SIM-V0.1
S‑ACC129,14,0.9846,1,0.0234,0,0.9957,0,0,True,LEADING-SIM-V0.1
S‑ACC129,15,0.9822,0,0.0392,0,0.9976,0,0,True,LEADING-SIM-V0.1
S‑ACC129,16,0.9952,0,0.0139,2,0.9969,0,0,True,LEADING-SIM-V0.1
S‑ACC129,17,0.987,0,0.0036,1,0.9982,0,0,True,LEADING-SIM-V0.1
S‑ACC129,18,0.9904,0,0.0596,1,0.9977,0,0,True,LEADING-SIM-V0.1
S‑ACC129,19,0.9858,0,0.0267,0,0.9971,0,0,True,LEADING-SIM-V0.1
S‑ACC129,20,0.9698,0,0.0238,1,0.9957,0,0,True,LEADING-SIM-V0.1
S‑ACC129,21,0.9839,0,0.0391,1,0.9966,0,0,True,LEADING-SIM-V0.1
S‑ACC129,22,0.981,0,0.0332,0,0.9975,0,0,True,LEADING-SIM-V0.1
S‑ACC129,23,0.9811,0,0.0296,0,0.9973,0,0,True,LEADING-SIM-V0.1
S‑ACC129,24,0.9821,0,0.0328,0,0.9991,0,0,True,LEADING-SIM-V0.1
S‑ACC129,25,0.99,0,0.0104,0,0.9978,0,0,True,LEADING-SIM-V0.1
S‑ACC129,26,0.9906,0,0.0247,0,0.9976,0,0,True,LEADING-SIM-V0.1
S‑ACC129,27,0.9727,3,0.0085,3,0.9953,0,0,True,LEADING-SIM-V0.1
S‑ACC129,28,0.9605,3,0.0642,3,0.9969,1,1,True,LEADING-SIM-V0.1
S‑ACC129,29,0.9424,6,0.0333,4,0.9952,1,1,True,LEADING-SIM-V0.1
S‑ACC129,30,0.9408,6,0.0055,6,0.9982,1,1,True,LEADING-SIM-V0.1
S‑ACC129,31,0.9787,0,0.0035,0,0.9948,0,0,True,LEADING-SIM-V0.1
S‑ACC129,32,0.9897,0,0.0162,1,0.9992,0,0,True,LEADING-SIM-V0.1
S‑ACC129,33,0.9821,0,0.0229,0,0.9991,0,0,True,LEADING-SIM-V0.1
S‑ACC129,34,0.9775,0,0.015,0,0.9971,0,0,True,LEADING-SIM-V0.1
S‑ACC129,35,0.997,0,0.0121,0,0.9978,0,0,True,LEADING-SIM-V0.1
S‑ACC129,36,0.984,0,0.0565,0,0.9973,0,0,True,LEADING-SIM-V0.1
S‑ACC129,37,0.9882,0,0.071,0,0.998,0,0,True,LEADING-SIM-V0.1
S‑ACC129,38,0.989,1,0.004,0,0.9958,0,0,True,LEADING-SIM-V0.1
S‑ACC129,39,0.9823,0,0.0004,0,0.999,0,0,True,LEADING-SIM-V0.1
S‑ACC129,40,0.9883,0,0.0412,1,0.9975,0,0,True,LEADING-SIM-V0.1
S‑ACC129,41,0.9813,0,0.0313,0,0.9938,0,0,True,LEADING-SIM-V0.1
S‑ACC129,42,0.9952,0,0.0016,1,0.9979,0,0,True,LEADING-SIM-V0.1
S‑ACC129,43,0.9868,0,0.0151,1,0.9993,1,0,True,LEADING-SIM-V0.1
S‑ACC129,44,0.9982,1,0.0142,0,0.9946,0,0,True,LEADING-SIM-V0.1
S‑ACC129,45,0.9874,0,0.0065,0,0.9958,0,0,True,LEADING-SIM-V0.1
S‑ACC129,46,0.986,0,0.0652,0,0.9968,0,0,True,LEADING-SIM-V0.1
S‑ACC129,47,0.9923,1,0.0161,0,0.9977,0,0,True,LEADING-SIM-V0.1
S‑ACC129,48,0.9875,0,0.0099,0,0.9953,0,0,True,LEADING-SIM-V0.1
S‑ACC129,49,0.9888,0,0.0173,1,0.9938,0,0,True,LEADING-SIM-V0.1
S‑ACC129,50,0.9802,0,0.0115,1,0.9979,0,0,True,LEADING-SIM-V0.1
S‑ACC129,51,0.9831,0,0.0111,0,0.9956,0,0,True,LEADING-SIM-V0.1
S‑ACC129,52,0.9916,0,0.0096,1,0.997,0,0,True,LEADING-SIM-V0.1
S‑ACC130,1,0.9825,0,0.03,0,0.9994,0,0,True,LEADING-SIM-V0.1
S‑ACC130,2,0.9793,0,0.0362,0,0.9985,0,0,True,LEADING-SIM-V0.1
S‑ACC130,3,0.9855,0,0.0069,1,0.9985,0,0,True,LEADING-SIM-V0.1
S‑ACC130,4,0.9778,0,0.0866,0,0.9952,0,0,True,LEADING-SIM-V0.1
S‑ACC130,5,0.9842,0,0.0076,0,0.9988,0,0,True,LEADING-SIM-V0.1
S‑ACC130,6,0.9826,0,0.0889,1,0.9989,0,0,True,LEADING-SIM-V0.1
S‑ACC130,7,0.9922,0,0.0245,1,1.0,0,0,True,LEADING-SIM-V0.1
S‑ACC130,8,0.9825,0,0.031,1,0.9961,1,0,True,LEADING-SIM-V0.1
S‑ACC130,9,0.991,0,0.0035,2,0.9962,0,0,True,LEADING-SIM-V0.1
S‑ACC130,10,0.9821,1,0.0095,0,0.9963,0,0,True,LEADING-SIM-V0.1
S‑ACC130,11,0.9816,0,0.0397,1,0.9964,0,0,True,LEADING-SIM-V0.1
S‑ACC130,12,0.9803,1,0.0479,0,0.9959,0,0,True,LEADING-SIM-V0.1
S‑ACC130,13,0.992,0,0.0202,1,0.9983,0,0,True,LEADING-SIM-V0.1
S‑ACC130,14,0.991,0,0.0208,0,0.9944,0,0,True,LEADING-SIM-V0.1
S‑ACC130,15,0.9902,0,0.0209,0,0.9981,0,0,True,LEADING-SIM-V0.1
S‑ACC130,16,0.9829,0,0.0111,0,0.9949,0,0,True,LEADING-SIM-V0.1
S‑ACC130,17,0.9958,1,0.1447,0,0.998,0,0,True,LEADING-SIM-V0.1
S‑ACC130,18,0.9904,0,0.0248,0,0.9987,0,0,True,LEADING-SIM-V0.1
S‑ACC130,19,0.9829,1,0.0435,0,0.9958,0,0,True,LEADING-SIM-V0.1
S‑ACC130,20,0.9943,0,0.0036,0,0.9957,0,0,True,LEADING-SIM-V0.1
S‑ACC130,21,0.9775,0,0.0018,0,0.9958,0,1,True,LEADING-SIM-V0.1
S‑ACC130,22,0.9873,0,0.0567,1,0.9987,0,0,True,LEADING-SIM-V0.1
S‑ACC130,23,0.9717,2,0.0344,2,1.0,0,0,True,LEADING-SIM-V0.1
S‑ACC130,24,0.959,3,0.0378,3,0.9971,1,1,True,LEADING-SIM-V0.1
S‑ACC130,25,0.9599,5,0.0435,6,0.9995,1,1,True,LEADING-SIM-V0.1
S‑ACC130,26,0.9511,6,0.0231,6,0.9969,1,1,True,LEADING-SIM-V0.1
S‑ACC130,27,0.9899,0,0.0095,0,0.9959,0,0,True,LEADING-SIM-V0.1
S‑ACC130,28,0.9781,0,0.0079,0,0.9975,0,0,True,LEADING-SIM-V0.1
S‑ACC130,29,0.9863,0,0.0084,0,0.9966,0,0,True,LEADING-SIM-V0.1
S‑ACC130,30,0.9851,0,0.0307,1,0.9989,0,0,True,LEADING-SIM-V0.1
S‑ACC130,31,0.9845,0,0.0577,1,0.998,0,0,True,LEADING-SIM-V0.1
S‑ACC130,32,0.9815,0,0.0381,0,0.9952,0,0,True,LEADING-SIM-V0.1
S‑ACC130,33,0.9838,0,0.0034,0,0.9957,0,0,True,LEADING-SIM-V0.1
S‑ACC130,34,0.9933,0,0.0195,1,0.9974,0,0,True,LEADING-SIM-V0.1
S‑ACC130,35,0.9811,0,0.0105,1,0.997,0,0,True,LEADING-SIM-V0.1
S‑ACC130,36,0.9799,0,0.0613,0,0.9949,0,0,True,LEADING-SIM-V0.1
S‑ACC130,37,0.9882,0,0.0218,0,0.9965,0,0,True,LEADING-SIM-V0.1
S‑ACC130,38,0.9852,0,0.0376,0,0.9973,0,0,True,LEADING-SIM-V0.1
S‑ACC130,39,0.9881,0,0.0502,0,0.9954,1,0,True,LEADING-SIM-V0.1
S‑ACC130,40,0.9891,0,0.0234,0,0.9972,0,0,True,LEADING-SIM-V0.1
S‑ACC130,41,0.9878,0,0.0852,0,0.9983,0,0,True,LEADING-SIM-V0.1
S‑ACC130,42,0.979,0,0.0268,0,0.9972,0,0,True,LEADING-SIM-V0.1
S‑ACC130,43,0.9907,0,0.0075,0,0.9987,0,0,True,LEADING-SIM-V0.1
S‑ACC130,44,0.9891,0,0.0248,0,0.996,0,0,True,LEADING-SIM-V0.1
S‑ACC130,45,0.9842,0,0.0464,0,0.9996,0,0,True,LEADING-SIM-V0.1
S‑ACC130,46,0.987,0,0.0409,0,0.995,0,0,True,LEADING-SIM-V0.1
S‑ACC130,47,0.9924,0,0.0328,0,0.9975,0,0,True,LEADING-SIM-V0.1
S‑ACC130,48,0.9867,0,0.0335,1,0.998,0,0,True,LEADING-SIM-V0.1
S‑ACC130,49,0.9785,0,0.0492,0,0.9961,0,0,True,LEADING-SIM-V0.1
S‑ACC130,50,0.9804,0,0.0092,1,0.9988,0,0,True,LEADING-SIM-V0.1
S‑ACC130,51,0.9917,0,0.0064,2,0.9974,0,0,True,LEADING-SIM-V0.1
S‑ACC130,52,0.988,0,0.0026,0,0.9962,0,0,True,LEADING-SIM-V0.1
S‑ACC131,1,0.9965,0,0.0082,0,0.9967,0,0,True,LEADING-SIM-V0.1
S‑ACC131,2,0.9945,0,0.0186,0,0.9968,0,0,True,LEADING-SIM-V0.1
S‑ACC131,3,0.9791,0,0.0357,0,0.9951,0,0,True,LEADING-SIM-V0.1
S‑ACC131,4,0.9922,0,0.035,2,0.997,0,0,True,LEADING-SIM-V0.1
S‑ACC131,5,0.9803,0,0.0638,0,0.9972,0,0,True,LEADING-SIM-V0.1
S‑ACC131,6,0.9805,0,0.0158,0,0.9999,0,0,True,LEADING-SIM-V0.1
S‑ACC131,7,0.9926,0,0.0075,0,0.9968,0,0,True,LEADING-SIM-V0.1
S‑ACC131,8,0.9983,2,0.0222,0,0.9964,0,0,True,LEADING-SIM-V0.1
S‑ACC131,9,0.9882,0,0.0002,0,0.9977,0,0,True,LEADING-SIM-V0.1
S‑ACC131,10,0.9823,0,0.0396,0,0.9981,0,0,True,LEADING-SIM-V0.1
S‑ACC131,11,0.9895,0,0.026,0,0.9975,0,0,True,LEADING-SIM-V0.1
S‑ACC131,12,0.9959,1,0.0035,0,0.9983,0,0,True,LEADING-SIM-V0.1
S‑ACC131,13,0.986,0,0.0411,0,0.9957,0,0,True,LEADING-SIM-V0.1
S‑ACC131,14,0.9829,0,0.0309,0,0.9986,0,0,True,LEADING-SIM-V0.1
S‑ACC131,15,0.9938,0,0.0238,1,0.996,0,0,True,LEADING-SIM-V0.1
S‑ACC131,16,0.9836,0,0.026,1,0.9976,0,0,True,LEADING-SIM-V0.1
S‑ACC131,17,0.9842,0,0.0115,2,0.9959,0,0,True,LEADING-SIM-V0.1
S‑ACC131,18,0.9904,0,0.0577,0,0.998,0,0,True,LEADING-SIM-V0.1
S‑ACC131,19,0.9821,0,0.0649,0,0.9972,0,0,True,LEADING-SIM-V0.1
S‑ACC131,20,0.992,1,0.0616,0,0.9965,0,0,True,LEADING-SIM-V0.1
S‑ACC131,21,0.9816,0,0.0012,0,0.9999,0,0,True,LEADING-SIM-V0.1
S‑ACC131,22,0.9835,0,0.066,0,0.9954,0,0,True,LEADING-SIM-V0.1
S‑ACC131,23,0.9895,0,0.0688,0,0.9981,0,0,True,LEADING-SIM-V0.1
S‑ACC131,24,0.9904,0,0.0023,1,0.9974,0,0,True,LEADING-SIM-V0.1
S‑ACC131,25,0.9775,0,0.0055,1,0.9963,0,1,True,LEADING-SIM-V0.1
S‑ACC131,26,0.9806,0,0.0026,1,0.9962,0,0,True,LEADING-SIM-V0.1
S‑ACC131,27,0.977,0,0.0213,0,0.997,0,0,True,LEADING-SIM-V0.1
S‑ACC131,28,0.9842,0,0.0203,1,0.9966,0,0,True,LEADING-SIM-V0.1
S‑ACC131,29,0.9635,0,0.0294,0,0.9978,0,0,True,LEADING-SIM-V0.1
S‑ACC131,30,0.9872,0,0.0773,0,0.998,0,0,True,LEADING-SIM-V0.1
S‑ACC131,31,0.9783,1,0.0212,0,0.9981,0,0,True,LEADING-SIM-V0.1
S‑ACC131,32,0.9842,0,0.0536,0,0.9997,0,0,True,LEADING-SIM-V0.1
S‑ACC131,33,0.9692,2,0.0212,2,0.9972,0,0,True,LEADING-SIM-V0.1
S‑ACC131,34,0.9613,3,0.0166,5,0.9989,1,0,True,LEADING-SIM-V0.1
S‑ACC131,35,0.9508,5,0.0121,4,0.9981,1,0,True,LEADING-SIM-V0.1
S‑ACC131,36,0.9301,6,0.0554,6,0.9966,1,0,True,LEADING-SIM-V0.1
S‑ACC131,37,0.9916,0,0.0598,1,0.9989,1,0,True,LEADING-SIM-V0.1
S‑ACC131,38,0.974,0,0.0168,0,0.9986,0,0,True,LEADING-SIM-V0.1
S‑ACC131,39,0.9763,0,0.0063,0,0.9984,0,0,True,LEADING-SIM-V0.1
S‑ACC131,40,0.9832,0,0.0477,0,0.9968,0,0,True,LEADING-SIM-V0.1
S‑ACC131,41,0.9865,1,0.0023,0,0.9998,0,0,True,LEADING-SIM-V0.1
S‑ACC131,42,0.9868,0,0.0109,0,0.9965,0,0,True,LEADING-SIM-V0.1
S‑ACC131,43,0.9864,0,0.0072,1,0.996,1,0,True,LEADING-SIM-V0.1
S‑ACC131,44,0.9837,3,0.0402,0,0.9957,0,0,True,LEADING-SIM-V0.1
S‑ACC131,45,0.9864,1,0.0141,1,0.9978,0,0,True,LEADING-SIM-V0.1
S‑ACC131,46,0.981,0,0.0416,0,0.9957,0,0,True,LEADING-SIM-V0.1
S‑ACC131,47,0.9843,0,0.0185,0,0.9945,0,0,True,LEADING-SIM-V0.1
S‑ACC131,48,0.9811,0,0.0251,0,0.9966,0,0,True,LEADING-SIM-V0.1
S‑ACC131,49,0.9934,0,0.03,1,0.9961,0,0,True,LEADING-SIM-V0.1
S‑ACC131,50,0.9882,0,0.0128,1,0.9957,0,0,True,LEADING-SIM-V0.1
S‑ACC131,51,0.9809,1,0.0205,0,0.9952,0,0,True,LEADING-SIM-V0.1
S‑ACC131,52,0.9951,0,0.0493,0,0.9965,0,0,True,LEADING-SIM-V0.1
S‑ACC132,1,0.9754,0,0.0255,0,0.9962,0,0,True,LEADING-SIM-V0.1
S‑ACC132,2,0.9886,0,0.0032,0,0.9977,0,0,True,LEADING-SIM-V0.1
S‑ACC132,3,0.9901,0,0.0147,0,0.9992,0,0,True,LEADING-SIM-V0.1
S‑ACC132,4,0.9983,0,0.0336,0,0.998,0,0,True,LEADING-SIM-V0.1
S‑ACC132,5,0.9813,0,0.0267,0,0.997,0,0,True,LEADING-SIM-V0.1
S‑ACC132,6,0.9828,0,0.028,0,0.9977,0,0,True,LEADING-SIM-V0.1
S‑ACC132,7,0.9878,0,0.0409,0,0.9953,0,0,True,LEADING-SIM-V0.1
S‑ACC132,8,0.9829,0,0.0266,0,0.9972,0,0,True,LEADING-SIM-V0.1
S‑ACC132,9,0.987,0,0.0308,0,0.9964,0,0,True,LEADING-SIM-V0.1
S‑ACC132,10,0.988,0,0.0119,0,0.9965,0,0,True,LEADING-SIM-V0.1
S‑ACC132,11,0.9793,0,0.0563,0,0.9992,0,0,True,LEADING-SIM-V0.1
S‑ACC132,12,0.978,0,0.0426,0,0.9955,0,0,True,LEADING-SIM-V0.1
S‑ACC132,13,0.9864,0,0.075,0,0.9987,0,0,True,LEADING-SIM-V0.1
S‑ACC132,14,0.9811,0,0.0079,1,0.9978,0,0,True,LEADING-SIM-V0.1
S‑ACC132,15,0.9862,0,0.0275,0,0.9952,0,0,True,LEADING-SIM-V0.1
S‑ACC132,16,0.9864,0,0.067,1,0.9988,0,0,True,LEADING-SIM-V0.1
S‑ACC132,17,0.9924,1,0.041,1,0.9995,0,0,True,LEADING-SIM-V0.1
S‑ACC132,18,0.9835,0,0.0074,0,0.9946,0,0,True,LEADING-SIM-V0.1
S‑ACC132,19,0.977,2,0.0114,1,0.9959,0,0,True,LEADING-SIM-V0.1
S‑ACC132,20,0.961,3,0.0579,2,0.9963,1,1,True,LEADING-SIM-V0.1
S‑ACC132,21,0.9654,4,0.0061,3,0.9997,1,1,True,LEADING-SIM-V0.1
S‑ACC132,22,0.958,6,0.0167,4,0.9955,2,1,True,LEADING-SIM-V0.1
S‑ACC132,23,0.984,1,0.006,1,0.997,0,0,True,LEADING-SIM-V0.1
S‑ACC132,24,0.9961,0,0.1007,2,0.9962,0,0,True,LEADING-SIM-V0.1
S‑ACC132,25,1.0,0,0.041,1,0.9992,0,0,True,LEADING-SIM-V0.1
S‑ACC132,26,0.9873,0,0.0559,1,0.9982,0,0,True,LEADING-SIM-V0.1
S‑ACC132,27,0.9917,0,0.0127,0,0.9977,0,0,True,LEADING-SIM-V0.1
S‑ACC132,28,0.9795,1,0.0845,0,0.995,0,0,True,LEADING-SIM-V0.1
S‑ACC132,29,0.9808,0,0.0201,0,0.9988,1,0,True,LEADING-SIM-V0.1
S‑ACC132,30,0.9825,1,0.0319,0,1.0,0,0,True,LEADING-SIM-V0.1
S‑ACC132,31,0.9773,0,0.0549,0,0.9965,0,0,True,LEADING-SIM-V0.1
S‑ACC132,32,0.9884,0,0.0461,1,0.9969,0,0,True,LEADING-SIM-V0.1
S‑ACC132,33,0.9791,0,0.036,0,0.9968,0,0,True,LEADING-SIM-V0.1
S‑ACC132,34,0.9781,0,0.0056,0,0.994,0,0,True,LEADING-SIM-V0.1
S‑ACC132,35,0.9932,0,0.0137,1,0.9967,0,0,True,LEADING-SIM-V0.1
S‑ACC132,36,0.9784,0,0.0468,0,0.9966,0,0,True,LEADING-SIM-V0.1
S‑ACC132,37,0.9875,0,0.0628,0,0.9966,0,0,True,LEADING-SIM-V0.1
S‑ACC132,38,0.9778,0,0.0362,0,0.9969,0,0,True,LEADING-SIM-V0.1
S‑ACC132,39,0.9748,0,0.0072,1,0.9972,0,0,True,LEADING-SIM-V0.1
S‑ACC132,40,0.9832,0,0.0742,0,0.9934,0,0,True,LEADING-SIM-V0.1
S‑ACC132,41,0.9885,0,0.0933,0,0.997,0,0,True,LEADING-SIM-V0.1
S‑ACC132,42,0.9908,0,0.0147,1,0.9972,0,0,True,LEADING-SIM-V0.1
S‑ACC132,43,0.9874,0,0.0324,1,0.9971,0,0,True,LEADING-SIM-V0.1
S‑ACC132,44,0.9924,0,0.0576,0,0.9959,0,0,True,LEADING-SIM-V0.1
S‑ACC132,45,0.9925,0,0.0361,0,0.9976,0,0,True,LEADING-SIM-V0.1
S‑ACC132,46,0.9926,0,0.0153,0,0.9975,0,0,True,LEADING-SIM-V0.1
S‑ACC132,47,0.9844,0,0.15,1,0.998,0,0,True,LEADING-SIM-V0.1
S‑ACC132,48,0.9958,0,0.0026,1,0.9948,0,0,True,LEADING-SIM-V0.1
S‑ACC132,49,0.98,0,0.0018,1,0.9969,0,0,True,LEADING-SIM-V0.1
S‑ACC132,50,0.9837,0,0.0256,1,0.9988,0,0,True,LEADING-SIM-V0.1
S‑ACC132,51,0.9807,0,0.0417,1,0.9982,0,0,True,LEADING-SIM-V0.1
S‑ACC132,52,0.9782,0,0.0521,0,0.9969,0,0,True,LEADING-SIM-V0.1
S‑ACC133,1,0.9789,0,0.0446,0,0.9984,0,0,True,LEADING-SIM-V0.1
S‑ACC133,2,0.9926,0,0.0616,1,0.9989,0,0,True,LEADING-SIM-V0.1
S‑ACC133,3,0.9887,0,0.0151,0,0.9931,0,0,True,LEADING-SIM-V0.1
S‑ACC133,4,0.982,0,0.0711,0,0.9999,0,0,True,LEADING-SIM-V0.1
S‑ACC133,5,0.9831,0,0.046,1,0.9953,0,0,True,LEADING-SIM-V0.1
S‑ACC133,6,0.9857,0,0.0095,0,0.9963,0,0,True,LEADING-SIM-V0.1
S‑ACC133,7,0.9865,0,0.026,1,0.9963,0,0,True,LEADING-SIM-V0.1
S‑ACC133,8,0.9888,0,0.0038,0,0.997,0,0,True,LEADING-SIM-V0.1
S‑ACC133,9,0.9785,0,0.0257,1,0.9975,0,0,True,LEADING-SIM-V0.1
S‑ACC133,10,0.9885,1,0.0461,1,0.9993,0,0,True,LEADING-SIM-V0.1
S‑ACC133,11,0.9824,0,0.0032,0,0.9973,0,0,True,LEADING-SIM-V0.1
S‑ACC133,12,0.9731,0,0.0218,0,0.9971,0,0,True,LEADING-SIM-V0.1
S‑ACC133,13,0.9891,1,0.0974,1,0.997,0,0,True,LEADING-SIM-V0.1
S‑ACC133,14,0.9827,0,0.0248,0,0.9983,0,0,True,LEADING-SIM-V0.1
S‑ACC133,15,0.9827,0,0.0388,0,0.9961,0,0,True,LEADING-SIM-V0.1
S‑ACC133,16,0.9941,0,0.0093,0,0.998,0,0,True,LEADING-SIM-V0.1
S‑ACC133,17,0.9849,0,0.0888,1,0.9961,0,0,True,LEADING-SIM-V0.1
S‑ACC133,18,0.983,0,0.042,0,0.9973,0,0,True,LEADING-SIM-V0.1
S‑ACC133,19,0.9778,0,0.0046,0,0.9973,0,0,True,LEADING-SIM-V0.1
S‑ACC133,20,0.9799,0,0.0099,0,0.9994,0,0,True,LEADING-SIM-V0.1
S‑ACC133,21,0.9835,0,0.0367,1,0.9975,0,0,True,LEADING-SIM-V0.1
S‑ACC133,22,0.9826,0,0.0378,0,0.9965,0,0,True,LEADING-SIM-V0.1
S‑ACC133,23,0.9882,0,0.0409,0,0.9989,0,0,True,LEADING-SIM-V0.1
S‑ACC133,24,0.9917,0,0.1038,0,0.9988,0,0,True,LEADING-SIM-V0.1
S‑ACC133,25,0.9871,0,0.0162,0,0.9978,0,0,True,LEADING-SIM-V0.1
S‑ACC133,26,0.9698,1,0.0059,0,0.9962,0,0,True,LEADING-SIM-V0.1
S‑ACC133,27,0.977,0,0.0259,0,0.9967,0,0,True,LEADING-SIM-V0.1
S‑ACC133,28,0.9906,0,0.0243,1,0.997,0,0,True,LEADING-SIM-V0.1
S‑ACC133,29,0.9836,0,0.0279,0,0.9981,1,0,True,LEADING-SIM-V0.1
S‑ACC133,30,0.9756,0,0.0329,0,0.9954,0,0,True,LEADING-SIM-V0.1
S‑ACC133,31,0.9785,0,0.0314,0,0.999,0,0,True,LEADING-SIM-V0.1
S‑ACC133,32,0.9771,0,0.006,1,0.9983,0,0,True,LEADING-SIM-V0.1
S‑ACC133,33,0.9771,2,0.0084,3,0.9936,0,0,True,LEADING-SIM-V0.1
S‑ACC133,34,0.9782,4,0.0442,2,0.9919,1,1,True,LEADING-SIM-V0.1
S‑ACC133,35,0.9533,4,0.0039,3,0.9927,1,0,True,LEADING-SIM-V0.1
S‑ACC133,36,0.9476,5,0.0015,4,0.9882,1,0,True,LEADING-SIM-V0.1
S‑ACC133,37,0.9845,0,0.0094,0,0.9959,0,0,True,LEADING-SIM-V0.1
S‑ACC133,38,0.9837,0,0.0159,0,0.9975,0,0,True,LEADING-SIM-V0.1
S‑ACC133,39,0.989,0,0.0442,0,0.9961,0,0,True,LEADING-SIM-V0.1
S‑ACC133,40,0.9862,0,0.0403,0,0.997,0,0,True,LEADING-SIM-V0.1
S‑ACC133,41,0.9855,0,0.0444,1,0.9985,0,0,True,LEADING-SIM-V0.1
S‑ACC133,42,0.9904,0,0.0278,0,0.9978,0,0,True,LEADING-SIM-V0.1
S‑ACC133,43,0.995,0,0.027,0,0.997,0,0,True,LEADING-SIM-V0.1
S‑ACC133,44,0.9953,0,0.0471,2,0.9973,0,0,True,LEADING-SIM-V0.1
S‑ACC133,45,0.9925,0,0.1372,1,0.9972,0,0,True,LEADING-SIM-V0.1
S‑ACC133,46,0.9942,0,0.0111,0,0.9977,0,0,True,LEADING-SIM-V0.1
S‑ACC133,47,0.982,0,0.0349,0,0.9957,0,0,True,LEADING-SIM-V0.1
S‑ACC133,48,0.9878,0,0.0078,0,0.9965,0,0,True,LEADING-SIM-V0.1
S‑ACC133,49,0.9788,0,0.034,0,0.9944,0,0,True,LEADING-SIM-V0.1
S‑ACC133,50,0.9852,0,0.0245,0,0.9959,0,0,True,LEADING-SIM-V0.1
S‑ACC133,51,0.9777,0,0.024,0,0.9998,0,0,True,LEADING-SIM-V0.1
S‑ACC133,52,0.9864,0,0.018,0,0.9985,0,0,True,LEADING-SIM-V0.1
S‑ACC134,1,0.9922,0,0.0292,0,0.9972,0,0,True,LEADING-SIM-V0.1
S‑ACC134,2,0.9858,0,0.0176,0,0.9984,0,0,True,LEADING-SIM-V0.1
S‑ACC134,3,0.988,0,0.0617,0,0.998,0,0,True,LEADING-SIM-V0.1
S‑ACC134,4,0.989,1,0.0234,0,0.9966,0,0,True,LEADING-SIM-V0.1
S‑ACC134,5,0.9853,0,0.0009,0,0.9965,0,1,True,LEADING-SIM-V0.1
S‑ACC134,6,0.9856,0,0.0201,1,0.9978,0,0,True,LEADING-SIM-V0.1
S‑ACC134,7,0.9886,0,0.0441,0,0.9971,0,0,True,LEADING-SIM-V0.1
S‑ACC134,8,0.978,1,0.0282,0,0.996,0,0,True,LEADING-SIM-V0.1
S‑ACC134,9,0.9909,0,0.0543,0,0.995,1,0,True,LEADING-SIM-V0.1
S‑ACC134,10,0.989,0,0.004,0,0.9966,0,0,True,LEADING-SIM-V0.1
S‑ACC134,11,0.9982,0,0.0101,0,0.9958,0,0,True,LEADING-SIM-V0.1
S‑ACC134,12,0.9971,0,0.0407,0,0.9958,0,0,True,LEADING-SIM-V0.1
S‑ACC134,13,0.9823,0,0.099,0,0.9954,0,0,True,LEADING-SIM-V0.1
S‑ACC134,14,0.9826,0,0.0543,0,0.9968,0,0,True,LEADING-SIM-V0.1
S‑ACC134,15,0.9904,0,0.0126,1,0.9958,0,0,True,LEADING-SIM-V0.1
S‑ACC134,16,0.993,0,0.0066,0,0.9974,0,0,True,LEADING-SIM-V0.1
S‑ACC134,17,0.991,0,0.0108,1,0.999,0,0,True,LEADING-SIM-V0.1
S‑ACC134,18,0.9855,0,0.0504,0,1.0,0,0,True,LEADING-SIM-V0.1
S‑ACC134,19,0.9994,0,0.0482,0,0.9986,0,0,True,LEADING-SIM-V0.1
S‑ACC134,20,0.9861,0,0.0457,1,0.9952,0,0,True,LEADING-SIM-V0.1
S‑ACC134,21,0.9787,0,0.0062,1,0.9982,0,0,True,LEADING-SIM-V0.1
S‑ACC134,22,0.9845,0,0.031,0,0.995,0,0,True,LEADING-SIM-V0.1
S‑ACC134,23,0.9936,0,0.0106,0,0.996,0,0,True,LEADING-SIM-V0.1
S‑ACC134,24,0.9748,2,0.0113,3,0.9968,0,0,True,LEADING-SIM-V0.1
S‑ACC134,25,0.956,3,0.0152,3,1.0,1,1,True,LEADING-SIM-V0.1
S‑ACC134,26,0.9447,5,0.0132,4,0.9971,1,1,True,LEADING-SIM-V0.1
S‑ACC134,27,0.9459,7,0.0679,5,0.9955,1,1,True,LEADING-SIM-V0.1
S‑ACC134,28,0.9798,1,0.008,0,0.9998,0,0,True,LEADING-SIM-V0.1
S‑ACC134,29,0.9908,0,0.0085,0,0.9966,0,0,True,LEADING-SIM-V0.1
S‑ACC134,30,0.9905,0,0.0002,1,0.9993,0,0,True,LEADING-SIM-V0.1
S‑ACC134,31,0.9898,1,0.038,0,0.9962,0,0,True,LEADING-SIM-V0.1
S‑ACC134,32,0.9881,0,0.0665,0,0.9965,0,0,True,LEADING-SIM-V0.1
S‑ACC134,33,0.9766,0,0.0487,0,0.9956,0,0,True,LEADING-SIM-V0.1
S‑ACC134,34,0.9866,0,0.0393,1,1.0,0,0,True,LEADING-SIM-V0.1
S‑ACC134,35,0.9888,0,0.0093,1,0.999,0,0,True,LEADING-SIM-V0.1
S‑ACC134,36,0.9865,0,0.096,0,0.9971,0,0,True,LEADING-SIM-V0.1
S‑ACC134,37,0.9788,0,0.0397,0,0.9982,0,0,True,LEADING-SIM-V0.1
S‑ACC134,38,0.9807,1,0.0155,0,0.9983,0,0,True,LEADING-SIM-V0.1
S‑ACC134,39,0.9899,0,0.0212,0,0.9954,0,0,True,LEADING-SIM-V0.1
S‑ACC134,40,0.9846,0,0.0139,1,0.9979,0,0,True,LEADING-SIM-V0.1
S‑ACC134,41,0.9922,1,0.0398,0,0.9988,0,0,True,LEADING-SIM-V0.1
S‑ACC134,42,0.9918,0,0.0042,0,1.0,0,0,True,LEADING-SIM-V0.1
S‑ACC134,43,0.9858,1,0.0673,1,0.9964,0,0,True,LEADING-SIM-V0.1
S‑ACC134,44,0.9826,0,0.049,0,0.9949,1,0,True,LEADING-SIM-V0.1
S‑ACC134,45,0.9811,1,0.0125,0,0.9971,0,0,True,LEADING-SIM-V0.1
S‑ACC134,46,0.9853,0,0.0339,0,0.9977,0,0,True,LEADING-SIM-V0.1
S‑ACC134,47,0.9846,0,0.0597,0,0.9961,0,0,True,LEADING-SIM-V0.1
S‑ACC134,48,0.9879,0,0.0622,0,0.9949,0,0,True,LEADING-SIM-V0.1
S‑ACC134,49,0.9867,0,0.0251,1,0.9971,0,0,True,LEADING-SIM-V0.1
S‑ACC134,50,0.9823,0,0.0005,0,0.9971,1,0,True,LEADING-SIM-V0.1
S‑ACC134,51,0.9937,0,0.031,0,1.0,0,0,True,LEADING-SIM-V0.1
S‑ACC134,52,0.9803,0,0.0395,0,0.9984,0,0,True,LEADING-SIM-V0.1
S‑ACC135,1,0.9807,0,0.02,1,0.9974,0,0,True,LEADING-SIM-V0.1
S‑ACC135,2,0.9928,0,0.0314,0,0.9953,0,0,True,LEADING-SIM-V0.1
S‑ACC135,3,0.9819,0,0.0569,0,0.9961,0,0,True,LEADING-SIM-V0.1
S‑ACC135,4,0.9862,0,0.0116,0,0.9975,1,0,True,LEADING-SIM-V0.1
S‑ACC135,5,0.9888,0,0.0237,0,0.9976,0,0,True,LEADING-SIM-V0.1
S‑ACC135,6,0.9768,0,0.011,0,0.9946,0,0,True,LEADING-SIM-V0.1
S‑ACC135,7,0.9803,0,0.1056,1,0.9953,0,0,True,LEADING-SIM-V0.1
S‑ACC135,8,0.9916,0,0.0101,0,0.9956,0,0,True,LEADING-SIM-V0.1
S‑ACC135,9,0.9875,0,0.0291,2,0.9958,0,0,True,LEADING-SIM-V0.1
S‑ACC135,10,0.9853,0,0.0181,0,0.9957,0,0,True,LEADING-SIM-V0.1
S‑ACC135,11,0.9724,1,0.0111,1,0.9978,0,0,True,LEADING-SIM-V0.1
S‑ACC135,12,0.9857,0,0.0113,0,0.9954,0,0,True,LEADING-SIM-V0.1
S‑ACC135,13,0.9818,0,0.0325,0,0.9984,0,0,True,LEADING-SIM-V0.1
S‑ACC135,14,0.9888,0,0.0406,0,0.9978,0,0,True,LEADING-SIM-V0.1
S‑ACC135,15,0.9869,0,0.0138,0,0.9972,0,0,True,LEADING-SIM-V0.1
S‑ACC135,16,0.9846,0,0.0259,0,0.9978,0,0,True,LEADING-SIM-V0.1
S‑ACC135,17,0.9879,0,0.034,0,0.9956,0,0,True,LEADING-SIM-V0.1
S‑ACC135,18,0.989,0,0.0253,1,1.0,0,0,True,LEADING-SIM-V0.1
S‑ACC135,19,0.9764,0,0.031,1,0.9968,0,0,True,LEADING-SIM-V0.1
S‑ACC135,20,0.9769,0,0.0638,0,0.9952,0,0,True,LEADING-SIM-V0.1
S‑ACC135,21,0.9848,0,0.0388,0,0.9966,0,0,True,LEADING-SIM-V0.1
S‑ACC135,22,0.9798,1,0.0447,0,0.9951,0,0,True,LEADING-SIM-V0.1
S‑ACC135,23,0.9798,0,0.0048,0,0.9987,0,0,True,LEADING-SIM-V0.1
S‑ACC135,24,0.9852,0,0.0108,1,0.9962,0,0,True,LEADING-SIM-V0.1
S‑ACC135,25,0.9891,0,0.0434,0,0.997,0,0,True,LEADING-SIM-V0.1
S‑ACC135,26,0.9857,1,0.0651,0,0.9975,0,0,True,LEADING-SIM-V0.1
S‑ACC135,27,0.9849,0,0.0353,1,0.9961,0,0,True,LEADING-SIM-V0.1
S‑ACC135,28,0.9818,0,0.0013,1,0.9998,0,0,True,LEADING-SIM-V0.1
S‑ACC135,29,0.9659,3,0.0307,2,0.9974,0,0,True,LEADING-SIM-V0.1
S‑ACC135,30,0.9654,3,0.017,2,0.9914,1,0,True,LEADING-SIM-V0.1
S‑ACC135,31,0.9582,4,0.0529,5,0.9895,1,0,True,LEADING-SIM-V0.1
S‑ACC135,32,0.9474,5,0.0531,4,0.9902,1,0,True,LEADING-SIM-V0.1
S‑ACC135,33,0.9939,0,0.0744,0,0.9974,0,0,True,LEADING-SIM-V0.1
S‑ACC135,34,0.9829,0,0.0508,0,1.0,0,0,True,LEADING-SIM-V0.1
S‑ACC135,35,0.9894,0,0.0293,0,0.9954,0,0,True,LEADING-SIM-V0.1
S‑ACC135,36,0.9848,1,0.0319,0,0.9991,1,0,True,LEADING-SIM-V0.1
S‑ACC135,37,0.99,1,0.0057,0,0.998,0,0,True,LEADING-SIM-V0.1
S‑ACC135,38,0.9788,0,0.0194,2,0.9961,0,0,True,LEADING-SIM-V0.1
S‑ACC135,39,0.9757,0,0.0851,1,0.9972,0,0,True,LEADING-SIM-V0.1
S‑ACC135,40,0.9733,0,0.0019,0,0.9964,0,0,True,LEADING-SIM-V0.1
S‑ACC135,41,0.9914,1,0.0207,0,0.9986,0,0,True,LEADING-SIM-V0.1
S‑ACC135,42,0.9839,0,0.0474,0,0.9946,0,0,True,LEADING-SIM-V0.1
S‑ACC135,43,0.9817,0,0.0555,0,0.9979,0,0,True,LEADING-SIM-V0.1
S‑ACC135,44,0.9815,2,0.0417,0,0.9957,0,0,True,LEADING-SIM-V0.1
S‑ACC135,45,0.9851,0,0.0673,1,0.9956,0,0,True,LEADING-SIM-V0.1
S‑ACC135,46,0.9829,0,0.0336,0,0.997,0,0,True,LEADING-SIM-V0.1
S‑ACC135,47,0.9852,0,0.0524,0,0.9982,0,0,True,LEADING-SIM-V0.1
S‑ACC135,48,0.9825,0,0.019,1,0.9983,0,0,True,LEADING-SIM-V0.1
S‑ACC135,49,1.0,0,0.0012,2,0.9974,0,0,True,LEADING-SIM-V0.1
S‑ACC135,50,0.9808,0,0.0166,0,0.9947,0,0,True,LEADING-SIM-V0.1
S‑ACC135,51,0.9799,0,0.0244,1,0.9955,0,0,True,LEADING-SIM-V0.1
S‑ACC135,52,0.9876,0,0.069,0,0.9962,0,0,True,LEADING-SIM-V0.1
S‑ACC136,1,0.9908,0,0.0106,1,0.997,0,0,True,LEADING-SIM-V0.1
S‑ACC136,2,0.9807,0,0.0175,0,0.9985,0,0,True,LEADING-SIM-V0.1
S‑ACC136,3,0.9929,0,0.078,0,0.9978,0,0,True,LEADING-SIM-V0.1
S‑ACC136,4,0.9854,0,0.034,0,0.9984,0,1,True,LEADING-SIM-V0.1
S‑ACC136,5,0.9893,0,0.0072,0,0.9987,0,0,True,LEADING-SIM-V0.1
S‑ACC136,6,0.9799,0,0.0049,0,0.9963,0,0,True,LEADING-SIM-V0.1
S‑ACC136,7,0.986,0,0.006,1,0.9964,0,0,True,LEADING-SIM-V0.1
S‑ACC136,8,0.9854,0,0.0042,1,0.9947,0,0,True,LEADING-SIM-V0.1
S‑ACC136,9,0.9955,0,0.0623,0,0.9984,0,0,True,LEADING-SIM-V0.1
S‑ACC136,10,0.9895,0,0.0427,0,0.9971,0,0,True,LEADING-SIM-V0.1
S‑ACC136,11,0.9848,0,0.0483,1,0.9976,1,0,True,LEADING-SIM-V0.1
S‑ACC136,12,0.9813,0,0.0519,0,0.9963,0,0,True,LEADING-SIM-V0.1
S‑ACC136,13,0.9825,1,0.0596,0,0.9972,0,0,True,LEADING-SIM-V0.1
S‑ACC136,14,0.9876,0,0.025,0,0.9988,0,0,True,LEADING-SIM-V0.1
S‑ACC136,15,0.9813,0,0.0053,0,0.9971,0,0,True,LEADING-SIM-V0.1
S‑ACC136,16,0.9852,1,0.052,2,0.9956,0,0,True,LEADING-SIM-V0.1
S‑ACC136,17,0.9808,1,0.0107,0,0.9963,0,0,True,LEADING-SIM-V0.1
S‑ACC136,18,0.9928,0,0.0489,1,0.9964,0,0,True,LEADING-SIM-V0.1
S‑ACC136,19,0.9822,3,0.0623,1,0.9975,0,0,True,LEADING-SIM-V0.1
S‑ACC136,20,0.9753,3,0.0639,2,0.9984,1,0,True,LEADING-SIM-V0.1
S‑ACC136,21,0.9586,4,0.1941,3,0.9969,1,0,True,LEADING-SIM-V0.1
S‑ACC136,22,0.9538,5,0.109,4,0.9968,1,0,True,LEADING-SIM-V0.1
S‑ACC136,23,0.9796,0,0.0007,0,0.9969,0,0,True,LEADING-SIM-V0.1
S‑ACC136,24,0.982,0,0.0278,0,0.9957,0,0,True,LEADING-SIM-V0.1
S‑ACC136,25,0.9866,0,0.0111,0,0.995,0,0,True,LEADING-SIM-V0.1
S‑ACC136,26,0.9872,0,0.0021,0,0.9969,0,0,True,LEADING-SIM-V0.1
S‑ACC136,27,0.9834,0,0.0413,0,0.9954,0,0,True,LEADING-SIM-V0.1
S‑ACC136,28,0.9905,2,0.0125,2,0.9993,0,0,True,LEADING-SIM-V0.1
S‑ACC136,29,0.9772,0,0.0481,0,0.9969,0,0,True,LEADING-SIM-V0.1
S‑ACC136,30,0.9927,0,0.0134,1,0.999,0,1,True,LEADING-SIM-V0.1
S‑ACC136,31,0.9815,1,0.0923,0,0.9958,0,0,True,LEADING-SIM-V0.1
S‑ACC136,32,0.9771,0,0.011,0,0.9952,0,0,True,LEADING-SIM-V0.1
S‑ACC136,33,0.9951,0,0.0344,0,0.9961,0,0,True,LEADING-SIM-V0.1
S‑ACC136,34,0.9815,0,0.0298,0,0.9964,0,0,True,LEADING-SIM-V0.1
S‑ACC136,35,0.9825,0,0.0659,0,0.9974,0,0,True,LEADING-SIM-V0.1
S‑ACC136,36,0.983,0,0.0973,0,0.9961,0,0,True,LEADING-SIM-V0.1
S‑ACC136,37,0.9819,0,0.0331,0,0.9965,0,0,True,LEADING-SIM-V0.1
S‑ACC136,38,0.9829,0,0.15,0,0.9968,0,0,True,LEADING-SIM-V0.1
S‑ACC136,39,0.9823,0,0.0494,0,0.9976,0,0,True,LEADING-SIM-V0.1
S‑ACC136,40,0.9906,0,0.0558,0,0.9953,0,0,True,LEADING-SIM-V0.1
S‑ACC136,41,0.9838,0,0.0213,0,0.9971,0,0,True,LEADING-SIM-V0.1
S‑ACC136,42,0.982,0,0.0592,1,1.0,0,0,True,LEADING-SIM-V0.1
S‑ACC136,43,0.9912,0,0.0118,0,0.9972,0,0,True,LEADING-SIM-V0.1
S‑ACC136,44,0.9809,0,0.0951,0,0.999,0,0,True,LEADING-SIM-V0.1
S‑ACC136,45,0.9863,0,0.0031,0,0.9955,0,0,True,LEADING-SIM-V0.1
S‑ACC136,46,0.9832,0,0.0291,0,0.9956,0,0,True,LEADING-SIM-V0.1
S‑ACC136,47,0.9746,1,0.0094,0,0.9991,0,0,True,LEADING-SIM-V0.1
S‑ACC136,48,0.9774,0,0.0854,0,0.9986,0,0,True,LEADING-SIM-V0.1
S‑ACC136,49,0.9868,1,0.0294,0,0.9972,0,0,True,LEADING-SIM-V0.1
S‑ACC136,50,0.9905,0,0.0094,0,0.9964,0,0,True,LEADING-SIM-V0.1
S‑ACC136,51,0.9821,0,0.0571,1,0.9949,0,0,True,LEADING-SIM-V0.1
S‑ACC136,52,0.9907,0,0.0551,2,0.9956,0,0,True,LEADING-SIM-V0.1
S‑ACC137,1,0.9814,0,0.0105,3,0.9968,0,0,True,LEADING-SIM-V0.1
S‑ACC137,2,0.9801,0,0.0271,1,0.9983,0,0,True,LEADING-SIM-V0.1
S‑ACC137,3,0.9843,0,0.0131,1,0.997,1,0,True,LEADING-SIM-V0.1
S‑ACC137,4,0.9881,0,0.0221,0,0.9985,0,0,True,LEADING-SIM-V0.1
S‑ACC137,5,0.9841,0,0.0569,0,0.9953,0,0,True,LEADING-SIM-V0.1
S‑ACC137,6,0.9939,0,0.0002,0,0.9969,0,0,True,LEADING-SIM-V0.1
S‑ACC137,7,0.9915,0,0.0455,0,0.9957,0,0,True,LEADING-SIM-V0.1
S‑ACC137,8,0.9912,0,0.0542,0,0.9954,0,0,True,LEADING-SIM-V0.1
S‑ACC137,9,0.9876,1,0.0286,0,0.9983,1,0,True,LEADING-SIM-V0.1
S‑ACC137,10,0.9821,0,0.0414,0,0.9965,0,0,True,LEADING-SIM-V0.1
S‑ACC137,11,0.9857,0,0.0915,2,0.9981,0,0,True,LEADING-SIM-V0.1
S‑ACC137,12,0.9754,0,0.0038,0,0.9981,0,0,True,LEADING-SIM-V0.1
S‑ACC137,13,0.9757,0,0.0437,2,0.9958,0,1,True,LEADING-SIM-V0.1
S‑ACC137,14,0.984,0,0.019,0,0.9975,0,0,True,LEADING-SIM-V0.1
S‑ACC137,15,0.9882,0,0.0158,0,0.9999,0,0,True,LEADING-SIM-V0.1
S‑ACC137,16,0.9812,1,0.0032,0,0.9942,0,0,True,LEADING-SIM-V0.1
S‑ACC137,17,0.9954,0,0.0413,0,0.9934,0,0,True,LEADING-SIM-V0.1
S‑ACC137,18,0.9873,0,0.0363,0,0.9964,0,0,True,LEADING-SIM-V0.1
S‑ACC137,19,0.9808,0,0.0058,1,0.9963,0,0,True,LEADING-SIM-V0.1
S‑ACC137,20,0.9868,0,0.0059,1,0.9994,0,0,True,LEADING-SIM-V0.1
S‑ACC137,21,0.9815,0,0.0314,1,0.9959,0,0,True,LEADING-SIM-V0.1
S‑ACC137,22,0.978,0,0.0126,0,0.9968,0,0,True,LEADING-SIM-V0.1
S‑ACC137,23,0.9744,0,0.0261,0,0.9964,0,0,True,LEADING-SIM-V0.1
S‑ACC137,24,0.9795,0,0.0096,0,0.9967,0,0,True,LEADING-SIM-V0.1
S‑ACC137,25,0.9783,2,0.0789,1,0.9968,0,0,True,LEADING-SIM-V0.1
S‑ACC137,26,0.9698,6,0.0185,3,0.9995,1,0,True,LEADING-SIM-V0.1
S‑ACC137,27,0.9653,4,0.0616,4,0.9962,1,0,True,LEADING-SIM-V0.1
S‑ACC137,28,0.9441,5,0.096,4,0.9947,1,0,True,LEADING-SIM-V0.1
S‑ACC137,29,0.9727,0,0.0608,1,0.9989,0,0,True,LEADING-SIM-V0.1
S‑ACC137,30,0.9839,0,0.008,1,0.997,0,0,True,LEADING-SIM-V0.1
S‑ACC137,31,0.9899,0,0.071,0,0.9975,0,0,True,LEADING-SIM-V0.1
S‑ACC137,32,0.9702,0,0.0048,0,0.9961,0,0,True,LEADING-SIM-V0.1
S‑ACC137,33,0.9842,0,0.0077,0,0.9963,0,0,True,LEADING-SIM-V0.1
S‑ACC137,34,0.9906,0,0.0027,1,0.9983,0,0,True,LEADING-SIM-V0.1
S‑ACC137,35,0.985,0,0.0191,0,0.9991,0,0,True,LEADING-SIM-V0.1
S‑ACC137,36,0.9916,0,0.0094,0,0.9972,0,0,True,LEADING-SIM-V0.1
S‑ACC137,37,0.9868,0,0.0522,0,0.9933,0,0,True,LEADING-SIM-V0.1
S‑ACC137,38,0.9868,0,0.0472,0,0.997,0,0,True,LEADING-SIM-V0.1
S‑ACC137,39,0.9825,0,0.0048,0,0.9951,0,0,True,LEADING-SIM-V0.1
S‑ACC137,40,0.9785,0,0.024,0,0.9957,0,0,True,LEADING-SIM-V0.1
S‑ACC137,41,0.9777,0,0.0064,0,0.9963,0,0,True,LEADING-SIM-V0.1
S‑ACC137,42,0.9879,0,0.0298,2,0.9974,0,0,True,LEADING-SIM-V0.1
S‑ACC137,43,0.9801,0,0.0129,0,0.9959,0,0,True,LEADING-SIM-V0.1
S‑ACC137,44,0.9932,0,0.0406,0,0.9967,0,0,True,LEADING-SIM-V0.1
S‑ACC137,45,0.9869,1,0.102,0,0.9957,0,0,True,LEADING-SIM-V0.1
S‑ACC137,46,0.9938,0,0.0058,0,0.9965,0,0,True,LEADING-SIM-V0.1
S‑ACC137,47,0.9969,0,0.0105,0,0.9955,0,0,True,LEADING-SIM-V0.1
S‑ACC137,48,0.9875,0,0.0169,1,0.9979,0,0,True,LEADING-SIM-V0.1
S‑ACC137,49,0.9941,0,0.008,0,0.9958,0,0,True,LEADING-SIM-V0.1
S‑ACC137,50,0.9916,0,0.0735,0,0.9976,0,0,True,LEADING-SIM-V0.1
S‑ACC137,51,0.9897,0,0.0151,1,0.9956,0,0,True,LEADING-SIM-V0.1
S‑ACC137,52,0.9705,0,0.0127,1,0.9955,0,0,True,LEADING-SIM-V0.1
S‑ACC138,1,0.9854,0,0.0095,0,0.999,0,0,True,LEADING-SIM-V0.1
S‑ACC138,2,0.9801,0,0.0211,0,0.9959,0,0,True,LEADING-SIM-V0.1
S‑ACC138,3,0.9702,0,0.0534,1,0.9998,0,0,True,LEADING-SIM-V0.1
S‑ACC138,4,0.9885,0,0.0579,0,0.9983,0,0,True,LEADING-SIM-V0.1
S‑ACC138,5,0.9828,0,0.0152,0,0.9965,0,0,True,LEADING-SIM-V0.1
S‑ACC138,6,0.9818,1,0.0188,0,0.9984,0,0,True,LEADING-SIM-V0.1
S‑ACC138,7,0.9777,0,0.0425,0,0.9958,0,0,True,LEADING-SIM-V0.1
S‑ACC138,8,0.9904,1,0.0039,1,0.9966,0,0,True,LEADING-SIM-V0.1
S‑ACC138,9,0.9699,0,0.0868,0,0.9983,0,0,True,LEADING-SIM-V0.1
S‑ACC138,10,0.9819,0,0.0304,1,0.998,0,0,True,LEADING-SIM-V0.1
S‑ACC138,11,0.9897,0,0.0186,0,0.9972,0,0,True,LEADING-SIM-V0.1
S‑ACC138,12,0.9802,0,0.1227,0,0.9961,1,0,True,LEADING-SIM-V0.1
S‑ACC138,13,0.9981,0,0.0143,1,0.9962,0,0,True,LEADING-SIM-V0.1
S‑ACC138,14,0.9802,0,0.0281,1,0.9982,0,0,True,LEADING-SIM-V0.1
S‑ACC138,15,0.9983,0,0.026,0,0.9993,0,0,True,LEADING-SIM-V0.1
S‑ACC138,16,0.9824,0,0.0181,0,0.9962,0,0,True,LEADING-SIM-V0.1
S‑ACC138,17,0.9907,0,0.0118,0,0.9969,0,0,True,LEADING-SIM-V0.1
S‑ACC138,18,0.9813,0,0.0197,2,0.9984,0,0,True,LEADING-SIM-V0.1
S‑ACC138,19,0.9775,1,0.0185,1,0.9948,0,0,True,LEADING-SIM-V0.1
S‑ACC138,20,0.9824,0,0.0066,2,0.9984,0,0,True,LEADING-SIM-V0.1
S‑ACC138,21,0.9856,0,0.0073,1,0.9982,0,0,True,LEADING-SIM-V0.1
S‑ACC138,22,0.9838,0,0.0146,0,0.9976,1,0,True,LEADING-SIM-V0.1
S‑ACC138,23,0.9809,0,0.1093,0,0.9957,0,0,True,LEADING-SIM-V0.1
S‑ACC138,24,0.9835,0,0.0024,0,0.9967,0,0,True,LEADING-SIM-V0.1
S‑ACC138,25,0.994,0,0.0314,0,0.9954,0,0,True,LEADING-SIM-V0.1
S‑ACC138,26,0.983,0,0.0313,0,0.9942,0,0,True,LEADING-SIM-V0.1
S‑ACC138,27,0.9908,0,0.0087,0,0.9957,0,0,True,LEADING-SIM-V0.1
S‑ACC138,28,0.981,0,0.0346,0,0.9979,0,0,True,LEADING-SIM-V0.1
S‑ACC138,29,0.9779,0,0.011,0,0.999,0,0,True,LEADING-SIM-V0.1
S‑ACC138,30,0.9849,0,0.0585,2,0.9966,0,0,True,LEADING-SIM-V0.1
S‑ACC138,31,0.9846,0,0.0271,0,0.9983,0,0,True,LEADING-SIM-V0.1
S‑ACC138,32,0.9734,2,0.047,2,0.9953,0,0,True,LEADING-SIM-V0.1
S‑ACC138,33,0.9706,3,0.0782,3,0.9978,1,0,True,LEADING-SIM-V0.1
S‑ACC138,34,0.9434,5,0.139,5,0.9967,1,0,True,LEADING-SIM-V0.1
S‑ACC138,35,0.9429,6,0.1551,5,0.9981,1,0,True,LEADING-SIM-V0.1
S‑ACC138,36,0.9949,0,0.0576,3,0.9967,0,0,True,LEADING-SIM-V0.1
S‑ACC138,37,0.9878,1,0.0459,0,0.9967,0,0,True,LEADING-SIM-V0.1
S‑ACC138,38,0.9766,0,0.0161,0,0.9961,0,0,True,LEADING-SIM-V0.1
S‑ACC138,39,0.9947,0,0.0521,0,0.9966,0,0,True,LEADING-SIM-V0.1
S‑ACC138,40,0.974,0,0.0025,1,0.9971,0,0,True,LEADING-SIM-V0.1
S‑ACC138,41,0.9914,0,0.055,1,0.9958,0,0,True,LEADING-SIM-V0.1
S‑ACC138,42,0.9879,0,0.0104,0,0.997,0,0,True,LEADING-SIM-V0.1
S‑ACC138,43,0.9863,0,0.061,0,0.9963,0,0,True,LEADING-SIM-V0.1
S‑ACC138,44,0.9907,0,0.056,1,0.9969,0,0,True,LEADING-SIM-V0.1
S‑ACC138,45,0.9846,0,0.0133,0,0.9941,0,0,True,LEADING-SIM-V0.1
S‑ACC138,46,0.981,0,0.0331,0,1.0,0,0,True,LEADING-SIM-V0.1
S‑ACC138,47,0.9802,0,0.0041,2,0.9983,0,0,True,LEADING-SIM-V0.1
S‑ACC138,48,0.9828,0,0.0605,1,0.9966,0,0,True,LEADING-SIM-V0.1
S‑ACC138,49,0.9867,0,0.0375,0,0.998,0,0,True,LEADING-SIM-V0.1
S‑ACC138,50,0.9849,1,0.029,0,0.9967,0,0,True,LEADING-SIM-V0.1
S‑ACC138,51,0.991,0,0.0406,1,0.9966,0,0,True,LEADING-SIM-V0.1
S‑ACC138,52,0.9762,0,0.1156,0,0.9988,0,0,True,LEADING-SIM-V0.1
S‑ACC139,1,0.9916,0,0.0296,0,0.9947,0,0,True,LEADING-SIM-V0.1
S‑ACC139,2,0.9798,0,0.0058,1,0.9973,0,0,True,LEADING-SIM-V0.1
S‑ACC139,3,0.981,0,0.0053,2,0.9971,0,0,True,LEADING-SIM-V0.1
S‑ACC139,4,0.9903,0,0.0244,0,0.9954,0,0,True,LEADING-SIM-V0.1
S‑ACC139,5,0.9826,0,0.1217,0,1.0,0,0,True,LEADING-SIM-V0.1
S‑ACC139,6,0.9841,0,0.0534,1,0.9943,0,0,True,LEADING-SIM-V0.1
S‑ACC139,7,0.9863,0,0.0248,0,0.9983,0,0,True,LEADING-SIM-V0.1
S‑ACC139,8,0.978,0,0.0131,1,0.9968,0,0,True,LEADING-SIM-V0.1
S‑ACC139,9,0.9925,1,0.0086,1,0.9978,0,0,True,LEADING-SIM-V0.1
S‑ACC139,10,0.9814,0,0.002,0,0.9972,0,0,True,LEADING-SIM-V0.1
S‑ACC139,11,0.9867,0,0.0335,0,0.9975,0,0,True,LEADING-SIM-V0.1
S‑ACC139,12,0.9872,0,0.0127,0,0.9978,0,0,True,LEADING-SIM-V0.1
S‑ACC139,13,0.9855,1,0.038,1,0.9973,0,0,True,LEADING-SIM-V0.1
S‑ACC139,14,0.9797,2,0.0477,0,0.997,0,0,True,LEADING-SIM-V0.1
S‑ACC139,15,0.9938,0,0.0252,0,0.9976,0,0,True,LEADING-SIM-V0.1
S‑ACC139,16,0.9841,2,0.0337,1,0.9961,0,0,True,LEADING-SIM-V0.1
S‑ACC139,17,0.9912,0,0.0501,0,0.9967,0,0,True,LEADING-SIM-V0.1
S‑ACC139,18,0.988,0,0.0266,2,0.9937,0,0,True,LEADING-SIM-V0.1
S‑ACC139,19,0.9836,1,0.0755,1,0.9967,0,0,True,LEADING-SIM-V0.1
S‑ACC139,20,0.9824,0,0.0278,1,0.9981,0,0,True,LEADING-SIM-V0.1
S‑ACC139,21,0.9838,0,0.0334,0,0.9975,0,0,True,LEADING-SIM-V0.1
S‑ACC139,22,0.9852,0,0.0032,1,0.997,0,0,True,LEADING-SIM-V0.1
S‑ACC139,23,0.9871,0,0.0027,0,0.9967,0,0,True,LEADING-SIM-V0.1
S‑ACC139,24,0.9855,0,0.0502,0,0.9996,0,0,True,LEADING-SIM-V0.1
S‑ACC139,25,0.9928,0,0.0855,1,0.996,0,0,True,LEADING-SIM-V0.1
S‑ACC139,26,0.9912,0,0.0148,0,0.9977,0,0,True,LEADING-SIM-V0.1
S‑ACC139,27,0.9911,0,0.0069,0,0.998,0,0,True,LEADING-SIM-V0.1
S‑ACC139,28,0.996,0,0.1054,0,0.9983,0,0,True,LEADING-SIM-V0.1
S‑ACC139,29,0.9667,2,0.0206,3,0.9972,0,0,True,LEADING-SIM-V0.1
S‑ACC139,30,0.9607,3,0.0281,7,0.9981,1,0,True,LEADING-SIM-V0.1
S‑ACC139,31,0.9567,6,0.0301,4,0.9974,1,0,True,LEADING-SIM-V0.1
S‑ACC139,32,0.9365,6,0.026,5,0.9973,1,0,True,LEADING-SIM-V0.1
S‑ACC139,33,0.9803,0,0.0301,0,0.9934,1,0,True,LEADING-SIM-V0.1
S‑ACC139,34,0.9833,0,0.0055,0,0.9975,0,0,True,LEADING-SIM-V0.1
S‑ACC139,35,0.989,0,0.0122,0,0.9972,1,0,True,LEADING-SIM-V0.1
S‑ACC139,36,0.9762,0,0.0445,0,0.9983,0,0,True,LEADING-SIM-V0.1
S‑ACC139,37,0.9845,0,0.0312,2,1.0,0,0,True,LEADING-SIM-V0.1
S‑ACC139,38,0.9766,0,0.066,0,0.9965,0,0,True,LEADING-SIM-V0.1
S‑ACC139,39,0.9781,0,0.0209,0,0.9967,0,0,True,LEADING-SIM-V0.1
S‑ACC139,40,0.9917,0,0.0539,0,0.9957,0,0,True,LEADING-SIM-V0.1
S‑ACC139,41,0.9969,0,0.0174,1,0.9988,0,0,True,LEADING-SIM-V0.1
S‑ACC139,42,0.9895,0,0.0487,1,0.997,0,0,True,LEADING-SIM-V0.1
S‑ACC139,43,0.9818,0,0.0271,0,0.9957,1,0,True,LEADING-SIM-V0.1
S‑ACC139,44,0.9859,0,0.0303,1,0.996,0,0,True,LEADING-SIM-V0.1
S‑ACC139,45,0.9827,0,0.0039,2,0.9976,0,0,True,LEADING-SIM-V0.1
S‑ACC139,46,1.0,0,0.0186,2,0.9993,0,0,True,LEADING-SIM-V0.1
S‑ACC139,47,0.9724,0,0.0634,0,0.9979,0,0,True,LEADING-SIM-V0.1
S‑ACC139,48,0.9777,0,0.0542,0,0.9991,0,0,True,LEADING-SIM-V0.1
S‑ACC139,49,0.9801,0,0.0428,0,0.9986,0,0,True,LEADING-SIM-V0.1
S‑ACC139,50,0.9825,1,0.1074,0,0.9991,0,0,True,LEADING-SIM-V0.1
S‑ACC139,51,0.9749,0,0.0147,0,0.9961,0,0,True,LEADING-SIM-V0.1
S‑ACC139,52,0.9768,0,0.0444,1,0.9947,0,1,True,LEADING-SIM-V0.1
S‑ACC140,1,0.9838,0,0.0462,0,0.9961,1,0,True,LEADING-SIM-V0.1
S‑ACC140,2,0.988,0,0.044,1,0.9963,0,0,True,LEADING-SIM-V0.1
S‑ACC140,3,0.9838,0,0.0061,0,0.998,0,0,True,LEADING-SIM-V0.1
S‑ACC140,4,0.9809,0,0.0919,1,0.9947,0,0,True,LEADING-SIM-V0.1
S‑ACC140,5,0.9806,0,0.0555,0,0.9962,0,0,True,LEADING-SIM-V0.1
S‑ACC140,6,0.9848,0,0.0178,0,0.9961,0,0,True,LEADING-SIM-V0.1
S‑ACC140,7,0.982,0,0.016,0,0.9968,0,0,True,LEADING-SIM-V0.1
S‑ACC140,8,0.9904,0,0.0139,1,0.9977,0,0,True,LEADING-SIM-V0.1
S‑ACC140,9,0.9777,0,0.0086,0,0.9997,0,0,True,LEADING-SIM-V0.1
S‑ACC140,10,0.9913,0,0.0101,0,0.9964,0,0,True,LEADING-SIM-V0.1
S‑ACC140,11,0.9802,0,0.045,0,0.9963,0,0,True,LEADING-SIM-V0.1
S‑ACC140,12,0.9889,0,0.0374,0,0.9999,0,0,True,LEADING-SIM-V0.1
S‑ACC140,13,0.981,0,0.0292,1,0.9962,1,0,True,LEADING-SIM-V0.1
S‑ACC140,14,0.9845,1,0.0009,2,0.9988,0,0,True,LEADING-SIM-V0.1
S‑ACC140,15,0.9756,0,0.0223,0,0.9934,0,0,True,LEADING-SIM-V0.1
S‑ACC140,16,0.9786,0,0.0277,1,0.9955,0,0,True,LEADING-SIM-V0.1
S‑ACC140,17,0.981,0,0.0013,0,0.9965,0,0,True,LEADING-SIM-V0.1
S‑ACC140,18,0.9986,0,0.0298,0,0.9973,0,0,True,LEADING-SIM-V0.1
S‑ACC140,19,0.9892,0,0.0155,0,0.9956,0,0,True,LEADING-SIM-V0.1
S‑ACC140,20,0.9893,0,0.118,0,0.9995,0,0,True,LEADING-SIM-V0.1
S‑ACC140,21,0.9894,0,0.0515,0,0.9945,0,0,True,LEADING-SIM-V0.1
S‑ACC140,22,0.9777,0,0.0214,0,0.9954,0,0,True,LEADING-SIM-V0.1
S‑ACC140,23,0.9879,0,0.0675,0,0.9987,0,0,True,LEADING-SIM-V0.1
S‑ACC140,24,0.9917,1,0.0238,0,0.9967,0,0,True,LEADING-SIM-V0.1
S‑ACC140,25,0.9758,0,0.0249,0,0.9987,0,0,True,LEADING-SIM-V0.1
S‑ACC140,26,0.9736,0,0.0251,1,0.9952,0,0,True,LEADING-SIM-V0.1
S‑ACC140,27,0.9938,0,0.0843,0,0.9948,0,0,True,LEADING-SIM-V0.1
S‑ACC140,28,0.9912,1,0.0543,0,0.9978,0,0,True,LEADING-SIM-V0.1
S‑ACC140,29,0.972,1,0.0325,0,0.9984,0,0,True,LEADING-SIM-V0.1
S‑ACC140,30,0.978,0,0.0194,0,0.9981,0,0,True,LEADING-SIM-V0.1
S‑ACC140,31,0.9827,3,0.0536,2,0.9962,0,0,True,LEADING-SIM-V0.1
S‑ACC140,32,0.9595,3,0.1129,3,0.9967,1,0,True,LEADING-SIM-V0.1
S‑ACC140,33,0.9399,5,0.1509,4,0.9951,1,0,True,LEADING-SIM-V0.1
S‑ACC140,34,0.9312,6,0.1731,5,0.9954,1,0,True,LEADING-SIM-V0.1
S‑ACC140,35,0.9955,0,0.0045,0,0.9951,0,0,True,LEADING-SIM-V0.1
S‑ACC140,36,0.9802,1,0.042,0,0.9977,1,0,True,LEADING-SIM-V0.1
S‑ACC140,37,0.9847,0,0.0635,0,0.9967,0,0,True,LEADING-SIM-V0.1
S‑ACC140,38,0.9841,0,0.04,2,0.9956,0,0,True,LEADING-SIM-V0.1
S‑ACC140,39,0.9769,0,0.0894,1,0.9973,0,0,True,LEADING-SIM-V0.1
S‑ACC140,40,0.981,0,0.0342,0,0.9967,0,0,True,LEADING-SIM-V0.1
S‑ACC140,41,0.9811,0,0.0257,0,0.9989,0,0,True,LEADING-SIM-V0.1
S‑ACC140,42,0.9791,0,0.0502,0,0.9973,0,0,True,LEADING-SIM-V0.1
S‑ACC140,43,0.9898,1,0.0577,0,0.9968,0,0,True,LEADING-SIM-V0.1
S‑ACC140,44,0.9857,0,0.0587,0,0.9977,0,0,True,LEADING-SIM-V0.1
S‑ACC140,45,0.9791,2,0.0061,0,0.9969,0,0,True,LEADING-SIM-V0.1
S‑ACC140,46,0.9788,0,0.0226,2,0.9985,0,0,True,LEADING-SIM-V0.1
S‑ACC140,47,0.9771,0,0.0316,0,0.9997,0,0,True,LEADING-SIM-V0.1
S‑ACC140,48,0.9954,0,0.0184,2,0.9983,0,0,True,LEADING-SIM-V0.1
S‑ACC140,49,0.9827,0,0.0266,0,0.9985,0,0,True,LEADING-SIM-V0.1
S‑ACC140,50,0.98,0,0.0649,1,0.9963,0,0,True,LEADING-SIM-V0.1
S‑ACC140,51,0.9924,0,0.0182,0,0.9956,0,0,True,LEADING-SIM-V0.1
S‑ACC140,52,0.9827,0,0.0908,1,1.0,0,0,True,LEADING-SIM-V0.1
S‑ACC141,1,0.982,0,0.0032,1,0.9994,0,0,True,LEADING-SIM-V0.1
S‑ACC141,2,0.9921,1,0.0344,0,0.9966,0,0,True,LEADING-SIM-V0.1
S‑ACC141,3,0.9968,0,0.0466,0,0.9971,0,0,True,LEADING-SIM-V0.1
S‑ACC141,4,0.9848,0,0.0241,0,0.9989,0,0,True,LEADING-SIM-V0.1
S‑ACC141,5,0.9884,0,0.0117,1,0.9978,0,0,True,LEADING-SIM-V0.1
S‑ACC141,6,0.9825,0,0.0422,0,0.9969,0,0,True,LEADING-SIM-V0.1
S‑ACC141,7,0.9933,0,0.0029,0,0.9958,0,0,True,LEADING-SIM-V0.1
S‑ACC141,8,0.9841,0,0.0307,1,0.9933,0,0,True,LEADING-SIM-V0.1
S‑ACC141,9,1.0,1,0.0134,0,0.9965,0,0,True,LEADING-SIM-V0.1
S‑ACC141,10,0.9849,1,0.0622,0,0.9983,0,0,True,LEADING-SIM-V0.1
S‑ACC141,11,0.9837,0,0.0155,0,0.9984,0,0,True,LEADING-SIM-V0.1
S‑ACC141,12,0.9847,0,0.0192,0,0.9997,0,0,True,LEADING-SIM-V0.1
S‑ACC141,13,0.9936,0,0.0252,0,0.9976,0,0,True,LEADING-SIM-V0.1
S‑ACC141,14,0.9883,0,0.0074,0,0.9984,0,0,True,LEADING-SIM-V0.1
S‑ACC141,15,0.9862,0,0.0006,1,0.9974,0,0,True,LEADING-SIM-V0.1
S‑ACC141,16,0.9877,0,0.063,0,0.9973,1,0,True,LEADING-SIM-V0.1
S‑ACC141,17,0.9932,0,0.0016,1,0.9959,0,0,True,LEADING-SIM-V0.1
S‑ACC141,18,0.983,0,0.0079,0,0.9957,0,0,True,LEADING-SIM-V0.1
S‑ACC141,19,0.9808,0,0.0225,1,0.9963,0,0,True,LEADING-SIM-V0.1
S‑ACC141,20,0.9862,0,0.023,1,0.9974,0,0,True,LEADING-SIM-V0.1
S‑ACC141,21,0.99,0,0.1138,0,0.9971,0,0,True,LEADING-SIM-V0.1
S‑ACC141,22,0.9864,0,0.0368,0,0.9969,0,0,True,LEADING-SIM-V0.1
S‑ACC141,23,0.9765,2,0.0329,0,0.9962,0,0,True,LEADING-SIM-V0.1
S‑ACC141,24,0.978,0,0.038,1,0.998,0,0,True,LEADING-SIM-V0.1
S‑ACC141,25,0.9826,0,0.0502,1,0.9983,0,0,True,LEADING-SIM-V0.1
S‑ACC141,26,0.9773,0,0.0336,0,0.9978,0,0,True,LEADING-SIM-V0.1
S‑ACC141,27,0.9882,0,0.021,2,0.9951,0,0,True,LEADING-SIM-V0.1
S‑ACC141,28,0.9811,0,0.0066,0,0.9959,0,0,True,LEADING-SIM-V0.1
S‑ACC141,29,0.9851,0,0.0158,0,0.9978,0,0,True,LEADING-SIM-V0.1
S‑ACC141,30,0.9872,0,0.0544,0,0.993,0,0,True,LEADING-SIM-V0.1
S‑ACC141,31,0.9864,0,0.1346,0,0.9977,0,0,True,LEADING-SIM-V0.1
S‑ACC141,32,0.9808,2,0.0177,1,0.9933,0,0,True,LEADING-SIM-V0.1
S‑ACC141,33,0.964,3,0.0095,2,0.9955,1,0,True,LEADING-SIM-V0.1
S‑ACC141,34,0.9651,4,0.1454,3,0.9896,1,0,True,LEADING-SIM-V0.1
S‑ACC141,35,0.9512,5,0.0813,5,0.9884,1,0,True,LEADING-SIM-V0.1
S‑ACC141,36,0.9867,1,0.0263,0,0.9957,0,0,True,LEADING-SIM-V0.1
S‑ACC141,37,0.9765,1,0.0016,0,0.9971,0,0,True,LEADING-SIM-V0.1
S‑ACC141,38,0.9799,0,0.0225,0,0.9969,0,0,True,LEADING-SIM-V0.1
S‑ACC141,39,0.9907,0,0.0349,0,0.9972,0,0,True,LEADING-SIM-V0.1
S‑ACC141,40,0.991,0,0.0165,0,0.9984,0,0,True,LEADING-SIM-V0.1
S‑ACC141,41,0.9795,0,0.0162,0,0.9965,0,0,True,LEADING-SIM-V0.1
S‑ACC141,42,0.9888,0,0.0268,0,0.9976,0,0,True,LEADING-SIM-V0.1
S‑ACC141,43,0.9824,0,0.015,0,0.9957,0,0,True,LEADING-SIM-V0.1
S‑ACC141,44,0.9896,0,0.0113,0,0.996,0,0,True,LEADING-SIM-V0.1
S‑ACC141,45,0.9798,0,0.1353,0,0.9963,0,0,True,LEADING-SIM-V0.1
S‑ACC141,46,0.9821,1,0.0884,0,0.9983,0,0,True,LEADING-SIM-V0.1
S‑ACC141,47,0.9776,0,0.0023,0,0.9966,0,0,True,LEADING-SIM-V0.1
S‑ACC141,48,0.9709,0,0.0127,0,0.9989,0,0,True,LEADING-SIM-V0.1
S‑ACC141,49,0.9905,0,0.005,0,0.9976,0,0,True,LEADING-SIM-V0.1
S‑ACC141,50,0.979,0,0.0606,0,0.9967,0,0,True,LEADING-SIM-V0.1
S‑ACC141,51,0.9841,0,0.038,0,0.9944,0,0,True,LEADING-SIM-V0.1
S‑ACC141,52,0.9889,0,0.0224,1,0.9975,0,0,True,LEADING-SIM-V0.1
S‑ACC142,1,0.9912,0,0.0056,0,0.9969,0,0,True,LEADING-SIM-V0.1
S‑ACC142,2,0.988,0,0.0365,0,0.9985,1,0,True,LEADING-SIM-V0.1
S‑ACC142,3,0.9873,0,0.0057,0,0.9974,0,0,True,LEADING-SIM-V0.1
S‑ACC142,4,0.9787,0,0.0796,0,0.997,0,0,True,LEADING-SIM-V0.1
S‑ACC142,5,0.9786,0,0.0272,0,0.9957,0,0,True,LEADING-SIM-V0.1
S‑ACC142,6,0.988,1,0.0249,0,0.9954,0,0,True,LEADING-SIM-V0.1
S‑ACC142,7,0.9833,1,0.1004,1,0.9938,0,0,True,LEADING-SIM-V0.1
S‑ACC142,8,0.9828,0,0.0421,0,0.9979,0,0,True,LEADING-SIM-V0.1
S‑ACC142,9,0.98,0,0.0434,0,0.9965,0,0,True,LEADING-SIM-V0.1
S‑ACC142,10,0.974,1,0.05,0,0.9958,0,0,True,LEADING-SIM-V0.1
S‑ACC142,11,0.9816,1,0.0083,0,0.9943,0,0,True,LEADING-SIM-V0.1
S‑ACC142,12,0.9896,0,0.0297,0,0.9951,0,0,True,LEADING-SIM-V0.1
S‑ACC142,13,0.9762,0,0.0121,2,0.9983,0,0,True,LEADING-SIM-V0.1
S‑ACC142,14,0.9917,1,0.0581,1,0.9954,1,0,True,LEADING-SIM-V0.1
S‑ACC142,15,0.9906,0,0.0561,1,0.9991,0,0,True,LEADING-SIM-V0.1
S‑ACC142,16,0.9819,0,0.0087,0,0.9959,0,0,True,LEADING-SIM-V0.1
S‑ACC142,17,0.9808,0,0.0524,0,0.9958,0,0,True,LEADING-SIM-V0.1
S‑ACC142,18,0.9866,0,0.0415,0,0.9991,0,0,True,LEADING-SIM-V0.1
S‑ACC142,19,0.9866,0,0.0281,1,0.9959,0,0,True,LEADING-SIM-V0.1
S‑ACC142,20,0.9991,0,0.0106,0,0.9989,0,0,True,LEADING-SIM-V0.1
S‑ACC142,21,0.9904,0,0.0809,2,0.9952,0,0,True,LEADING-SIM-V0.1
S‑ACC142,22,0.9758,2,0.1006,2,0.995,0,0,True,LEADING-SIM-V0.1
S‑ACC142,23,0.9637,3,0.1321,3,0.9976,1,0,True,LEADING-SIM-V0.1
S‑ACC142,24,0.9629,5,0.142,3,0.9953,1,0,True,LEADING-SIM-V0.1
S‑ACC142,25,0.9534,5,0.1137,4,0.9987,1,0,True,LEADING-SIM-V0.1
S‑ACC142,26,0.9878,0,0.0776,0,0.9952,0,0,True,LEADING-SIM-V0.1
S‑ACC142,27,0.9841,0,0.0107,0,0.9959,0,0,True,LEADING-SIM-V0.1
S‑ACC142,28,0.9767,0,0.055,1,0.9957,0,0,True,LEADING-SIM-V0.1
S‑ACC142,29,0.9854,0,0.0705,0,0.9975,0,0,True,LEADING-SIM-V0.1
S‑ACC142,30,0.9812,0,0.0136,0,0.9987,0,0,True,LEADING-SIM-V0.1
S‑ACC142,31,0.9814,0,0.0073,0,0.9971,1,0,True,LEADING-SIM-V0.1
S‑ACC142,32,0.9866,0,0.0505,1,0.9956,0,0,True,LEADING-SIM-V0.1
S‑ACC142,33,0.9806,0,0.0165,1,0.9966,0,0,True,LEADING-SIM-V0.1
S‑ACC142,34,0.9875,0,0.1073,0,0.9964,0,0,True,LEADING-SIM-V0.1
S‑ACC142,35,0.9909,0,0.0439,0,0.9997,1,0,True,LEADING-SIM-V0.1
S‑ACC142,36,0.9851,0,0.0374,1,0.9968,0,0,True,LEADING-SIM-V0.1
S‑ACC142,37,0.9894,0,0.0197,1,0.9963,0,0,True,LEADING-SIM-V0.1
S‑ACC142,38,0.9952,0,0.0151,0,0.9978,0,0,True,LEADING-SIM-V0.1
S‑ACC142,39,0.9864,1,0.0098,1,0.9973,0,0,True,LEADING-SIM-V0.1
S‑ACC142,40,0.992,0,0.0423,0,0.9963,0,0,True,LEADING-SIM-V0.1
S‑ACC142,41,0.9819,1,0.0171,0,0.9975,0,0,True,LEADING-SIM-V0.1
S‑ACC142,42,0.9769,0,0.0459,0,0.9985,0,0,True,LEADING-SIM-V0.1
S‑ACC142,43,0.9843,1,0.0063,0,0.9965,0,0,True,LEADING-SIM-V0.1
S‑ACC142,44,0.9832,0,0.0069,1,0.9968,0,0,True,LEADING-SIM-V0.1
S‑ACC142,45,0.989,2,0.0254,0,0.9957,0,0,True,LEADING-SIM-V0.1
S‑ACC142,46,0.9817,0,0.0319,1,0.9982,0,0,True,LEADING-SIM-V0.1
S‑ACC142,47,0.9866,0,0.0229,0,0.9991,0,0,True,LEADING-SIM-V0.1
S‑ACC142,48,0.9873,1,0.0449,0,0.9957,0,0,True,LEADING-SIM-V0.1
S‑ACC142,49,0.9896,0,0.0006,0,0.9985,0,0,True,LEADING-SIM-V0.1
S‑ACC142,50,0.9753,0,0.0524,0,0.9945,0,0,True,LEADING-SIM-V0.1
S‑ACC142,51,0.9877,0,0.0054,0,0.9973,0,0,True,LEADING-SIM-V0.1
S‑ACC142,52,0.986,0,0.0038,0,0.9979,0,0,True,LEADING-SIM-V0.1
S‑ACC143,1,0.981,0,0.0352,0,0.9964,0,0,True,LEADING-SIM-V0.1
S‑ACC143,2,0.9873,1,0.0145,1,0.9979,0,0,True,LEADING-SIM-V0.1
S‑ACC143,3,0.9852,0,0.0428,0,0.9989,0,0,True,LEADING-SIM-V0.1
S‑ACC143,4,0.9909,1,0.0193,0,0.9983,0,0,True,LEADING-SIM-V0.1
S‑ACC143,5,0.9991,1,0.0009,1,0.9994,0,0,True,LEADING-SIM-V0.1
S‑ACC143,6,0.9787,1,0.0148,0,0.9963,0,0,True,LEADING-SIM-V0.1
S‑ACC143,7,0.9952,0,0.0187,0,0.9972,0,0,True,LEADING-SIM-V0.1
S‑ACC143,8,0.9899,1,0.0106,0,0.9976,0,0,True,LEADING-SIM-V0.1
S‑ACC143,9,0.9803,1,0.0273,1,0.9965,0,0,True,LEADING-SIM-V0.1
S‑ACC143,10,0.9818,0,0.0435,0,0.9976,0,0,True,LEADING-SIM-V0.1
S‑ACC143,11,0.9757,0,0.0192,1,0.9971,0,0,True,LEADING-SIM-V0.1
S‑ACC143,12,0.9692,1,0.0486,0,0.9951,0,0,True,LEADING-SIM-V0.1
S‑ACC143,13,0.992,0,0.0306,0,0.9998,0,0,True,LEADING-SIM-V0.1
S‑ACC143,14,0.9826,0,0.0012,1,0.9946,0,0,True,LEADING-SIM-V0.1
S‑ACC143,15,0.99,0,0.0288,1,0.9966,1,0,True,LEADING-SIM-V0.1
S‑ACC143,16,0.9757,0,0.0057,0,0.997,0,0,True,LEADING-SIM-V0.1
S‑ACC143,17,0.9818,0,0.0516,0,1.0,0,0,True,LEADING-SIM-V0.1
S‑ACC143,18,0.9857,0,0.1194,1,0.999,0,0,True,LEADING-SIM-V0.1
S‑ACC143,19,0.9891,0,0.0045,1,0.9976,0,0,True,LEADING-SIM-V0.1
S‑ACC143,20,0.9774,0,0.0127,0,0.995,0,0,True,LEADING-SIM-V0.1
S‑ACC143,21,0.9863,1,0.0174,1,0.9981,0,0,True,LEADING-SIM-V0.1
S‑ACC143,22,0.9748,2,0.0172,1,0.9974,0,0,True,LEADING-SIM-V0.1
S‑ACC143,23,0.9604,3,0.0947,2,0.9992,1,1,True,LEADING-SIM-V0.1
S‑ACC143,24,0.9571,4,0.0469,3,0.9943,1,1,True,LEADING-SIM-V0.1
S‑ACC143,25,0.9487,7,0.1084,4,0.9958,1,1,True,LEADING-SIM-V0.1
S‑ACC143,26,0.99,0,0.0539,0,0.9951,0,0,True,LEADING-SIM-V0.1
S‑ACC143,27,0.9916,0,0.0429,2,0.9961,0,0,True,LEADING-SIM-V0.1
S‑ACC143,28,0.9877,0,0.0297,0,0.9961,0,0,True,LEADING-SIM-V0.1
S‑ACC143,29,0.9788,1,0.0442,0,0.9951,0,0,True,LEADING-SIM-V0.1
S‑ACC143,30,0.9818,0,0.0428,1,0.9986,0,0,True,LEADING-SIM-V0.1
S‑ACC143,31,0.9804,0,0.0195,0,0.9983,1,0,True,LEADING-SIM-V0.1
S‑ACC143,32,0.9815,0,0.0188,0,0.9999,0,0,True,LEADING-SIM-V0.1
S‑ACC143,33,0.9818,0,0.0135,1,0.9999,0,0,True,LEADING-SIM-V0.1
S‑ACC143,34,0.9859,0,0.019,0,0.9979,0,0,True,LEADING-SIM-V0.1
S‑ACC143,35,0.9932,0,0.0325,1,0.995,0,0,True,LEADING-SIM-V0.1
S‑ACC143,36,0.9853,0,0.0348,0,0.9965,0,0,True,LEADING-SIM-V0.1
S‑ACC143,37,0.9852,0,0.0559,0,0.9984,0,0,True,LEADING-SIM-V0.1
S‑ACC143,38,0.9878,0,0.017,0,0.9963,0,0,True,LEADING-SIM-V0.1
S‑ACC143,39,0.9854,0,0.0081,0,0.9952,0,0,True,LEADING-SIM-V0.1
S‑ACC143,40,0.9893,0,0.0043,1,0.9957,0,0,True,LEADING-SIM-V0.1
S‑ACC143,41,0.9763,0,0.0076,2,0.9964,0,0,True,LEADING-SIM-V0.1
S‑ACC143,42,0.9826,0,0.031,0,0.9978,0,0,True,LEADING-SIM-V0.1
S‑ACC143,43,0.9832,0,0.0084,0,0.9979,0,0,True,LEADING-SIM-V0.1
S‑ACC143,44,0.984,0,0.0704,1,0.9976,0,0,True,LEADING-SIM-V0.1
S‑ACC143,45,0.9895,1,0.0031,0,0.9942,0,0,True,LEADING-SIM-V0.1
S‑ACC143,46,0.9812,0,0.0219,0,0.9941,0,0,True,LEADING-SIM-V0.1
S‑ACC143,47,0.982,0,0.0647,1,0.9986,0,0,True,LEADING-SIM-V0.1
S‑ACC143,48,0.9839,0,0.0164,0,0.9967,0,0,True,LEADING-SIM-V0.1
S‑ACC143,49,0.9899,0,0.0017,0,0.9959,0,0,True,LEADING-SIM-V0.1
S‑ACC143,50,0.9892,1,0.0024,0,0.9952,0,0,True,LEADING-SIM-V0.1
S‑ACC143,51,0.9924,0,0.0434,1,0.9944,0,0,True,LEADING-SIM-V0.1
S‑ACC143,52,0.9786,1,0.0008,0,0.9969,0,0,True,LEADING-SIM-V0.1
S‑ACC144,1,0.9858,0,0.0811,0,0.9974,1,0,True,LEADING-SIM-V0.1
S‑ACC144,2,0.9968,1,0.0424,0,0.9973,0,0,True,LEADING-SIM-V0.1
S‑ACC144,3,0.98,2,0.009,0,0.997,0,0,True,LEADING-SIM-V0.1
S‑ACC144,4,0.9778,0,0.0079,0,1.0,0,0,True,LEADING-SIM-V0.1
S‑ACC144,5,0.9853,0,0.0111,0,0.9949,0,0,True,LEADING-SIM-V0.1
S‑ACC144,6,0.9844,0,0.0705,0,0.9993,0,0,True,LEADING-SIM-V0.1
S‑ACC144,7,0.9882,1,0.0031,0,0.998,0,0,True,LEADING-SIM-V0.1
S‑ACC144,8,0.9811,0,0.0275,0,0.9985,0,0,True,LEADING-SIM-V0.1
S‑ACC144,9,0.9747,0,0.0146,1,0.9959,0,0,True,LEADING-SIM-V0.1
S‑ACC144,10,0.9797,0,0.0428,0,0.993,0,0,True,LEADING-SIM-V0.1
S‑ACC144,11,0.9803,0,0.0093,0,0.997,0,0,True,LEADING-SIM-V0.1
S‑ACC144,12,0.9949,0,0.0627,1,0.9965,0,0,True,LEADING-SIM-V0.1
S‑ACC144,13,0.9897,0,0.0387,1,0.9959,0,0,True,LEADING-SIM-V0.1
S‑ACC144,14,0.9766,0,0.0811,0,0.9969,0,0,True,LEADING-SIM-V0.1
S‑ACC144,15,0.9943,0,0.016,0,0.9978,0,0,True,LEADING-SIM-V0.1
S‑ACC144,16,0.9819,0,0.0127,0,0.9967,0,0,True,LEADING-SIM-V0.1
S‑ACC144,17,0.9832,0,0.0224,0,0.9978,0,0,True,LEADING-SIM-V0.1
S‑ACC144,18,0.975,2,0.098,0,0.9991,0,0,True,LEADING-SIM-V0.1
S‑ACC144,19,0.9784,2,0.0485,3,0.9972,0,0,True,LEADING-SIM-V0.1
S‑ACC144,20,0.9665,3,0.0785,3,0.9966,1,0,True,LEADING-SIM-V0.1
S‑ACC144,21,0.9554,4,0.1355,5,0.9971,1,0,True,LEADING-SIM-V0.1
S‑ACC144,22,0.9561,5,0.1967,4,0.9957,1,0,True,LEADING-SIM-V0.1
S‑ACC144,23,0.9771,0,0.0116,0,0.9974,0,0,True,LEADING-SIM-V0.1
S‑ACC144,24,0.9854,0,0.0106,0,0.997,0,0,True,LEADING-SIM-V0.1
S‑ACC144,25,0.9827,0,0.0004,0,0.9977,0,0,True,LEADING-SIM-V0.1
S‑ACC144,26,0.9857,0,0.0188,0,0.9977,0,0,True,LEADING-SIM-V0.1
S‑ACC144,27,0.9895,0,0.0405,0,0.9958,0,0,True,LEADING-SIM-V0.1
S‑ACC144,28,0.9846,0,0.0383,1,0.9985,0,0,True,LEADING-SIM-V0.1
S‑ACC144,29,0.9855,0,0.0106,1,0.9948,0,0,True,LEADING-SIM-V0.1
S‑ACC144,30,0.9928,0,0.0773,1,0.9986,0,0,True,LEADING-SIM-V0.1
S‑ACC144,31,0.9922,0,0.0219,1,0.9963,0,0,True,LEADING-SIM-V0.1
S‑ACC144,32,0.9866,0,0.008,1,0.9967,0,0,True,LEADING-SIM-V0.1
S‑ACC144,33,0.9817,0,0.0742,1,0.9954,0,0,True,LEADING-SIM-V0.1
S‑ACC144,34,0.9994,0,0.0107,0,0.9988,0,0,True,LEADING-SIM-V0.1
S‑ACC144,35,0.9867,0,0.0324,0,1.0,0,0,True,LEADING-SIM-V0.1
S‑ACC144,36,0.9816,0,0.0412,0,0.9979,0,0,True,LEADING-SIM-V0.1
S‑ACC144,37,0.9971,0,0.009,0,0.9975,0,0,True,LEADING-SIM-V0.1
S‑ACC144,38,0.9745,0,0.0027,0,0.9987,1,0,True,LEADING-SIM-V0.1
S‑ACC144,39,0.987,0,0.0495,1,0.9979,0,0,True,LEADING-SIM-V0.1
S‑ACC144,40,0.9805,0,0.0518,0,0.9978,0,0,True,LEADING-SIM-V0.1
S‑ACC144,41,0.9901,0,0.0419,1,0.9964,0,0,True,LEADING-SIM-V0.1
S‑ACC144,42,0.989,0,0.0057,0,0.9962,0,0,True,LEADING-SIM-V0.1
S‑ACC144,43,0.9836,0,0.009,1,0.9979,0,0,True,LEADING-SIM-V0.1
S‑ACC144,44,0.9775,0,0.0669,0,0.9967,0,0,True,LEADING-SIM-V0.1
S‑ACC144,45,0.9953,0,0.0219,2,0.9978,0,0,True,LEADING-SIM-V0.1
S‑ACC144,46,0.9843,0,0.0102,0,0.9948,0,0,True,LEADING-SIM-V0.1
S‑ACC144,47,0.9741,0,0.0243,0,0.9992,0,0,True,LEADING-SIM-V0.1
S‑ACC144,48,0.9726,0,0.0178,0,0.9944,0,0,True,LEADING-SIM-V0.1
S‑ACC144,49,0.9872,0,0.0338,0,0.9993,0,0,True,LEADING-SIM-V0.1
S‑ACC144,50,0.984,0,0.0328,1,0.9995,0,0,True,LEADING-SIM-V0.1
S‑ACC144,51,0.9846,0,0.021,0,0.9948,0,0,True,LEADING-SIM-V0.1
S‑ACC144,52,0.9816,0,0.0035,0,1.0,0,0,True,LEADING-SIM-V0.1
S‑ACC145,1,0.9873,1,0.0131,0,0.9947,0,0,True,LEADING-SIM-V0.1
S‑ACC145,2,0.9803,0,0.0172,0,0.9948,1,0,True,LEADING-SIM-V0.1
S‑ACC145,3,0.9812,0,0.0341,0,0.9941,0,0,True,LEADING-SIM-V0.1
S‑ACC145,4,0.992,0,0.0243,0,0.993,0,1,True,LEADING-SIM-V0.1
S‑ACC145,5,0.9814,0,0.0904,0,0.9973,0,0,True,LEADING-SIM-V0.1
S‑ACC145,6,0.9944,0,0.0658,0,0.9954,0,0,True,LEADING-SIM-V0.1
S‑ACC145,7,0.9817,0,0.0041,0,0.9956,0,0,True,LEADING-SIM-V0.1
S‑ACC145,8,0.9776,0,0.0545,1,0.9946,0,0,True,LEADING-SIM-V0.1
S‑ACC145,9,0.9955,0,0.0063,0,1.0,0,0,True,LEADING-SIM-V0.1
S‑ACC145,10,0.9821,0,0.0272,0,0.9957,0,0,True,LEADING-SIM-V0.1
S‑ACC145,11,0.9908,1,0.034,1,1.0,0,0,True,LEADING-SIM-V0.1
S‑ACC145,12,0.981,0,0.0167,0,0.9978,0,0,True,LEADING-SIM-V0.1
S‑ACC145,13,0.9762,0,0.0545,0,0.9957,0,1,True,LEADING-SIM-V0.1
S‑ACC145,14,0.984,0,0.0403,0,0.9963,0,0,True,LEADING-SIM-V0.1
S‑ACC145,15,0.9886,0,0.0497,1,0.9972,0,0,True,LEADING-SIM-V0.1
S‑ACC145,16,0.9884,0,0.0602,0,0.998,0,0,True,LEADING-SIM-V0.1
S‑ACC145,17,0.9929,0,0.0272,1,0.9994,0,0,True,LEADING-SIM-V0.1
S‑ACC145,18,0.978,0,0.0448,0,0.9952,0,0,True,LEADING-SIM-V0.1
S‑ACC145,19,0.9757,0,0.0142,1,0.9971,0,0,True,LEADING-SIM-V0.1
S‑ACC145,20,0.99,0,0.0492,0,0.9997,0,0,True,LEADING-SIM-V0.1
S‑ACC145,21,0.9789,0,0.0206,2,0.9993,0,0,True,LEADING-SIM-V0.1
S‑ACC145,22,0.9843,0,0.0185,1,0.9973,0,0,True,LEADING-SIM-V0.1
S‑ACC145,23,0.9915,0,0.0957,0,0.995,0,0,True,LEADING-SIM-V0.1
S‑ACC145,24,0.9893,0,0.0508,1,0.9949,0,0,True,LEADING-SIM-V0.1
S‑ACC145,25,0.9796,1,0.006,0,0.9977,0,0,True,LEADING-SIM-V0.1
S‑ACC145,26,0.9795,0,0.1457,0,0.9959,0,0,True,LEADING-SIM-V0.1
S‑ACC145,27,0.9771,2,0.0146,2,0.9978,0,0,True,LEADING-SIM-V0.1
S‑ACC145,28,0.9736,5,0.0754,3,0.9962,1,1,True,LEADING-SIM-V0.1
S‑ACC145,29,0.9619,4,0.0182,3,0.9989,1,1,True,LEADING-SIM-V0.1
S‑ACC145,30,0.9437,6,0.0161,4,0.9984,1,1,True,LEADING-SIM-V0.1
S‑ACC145,31,0.981,0,0.0245,0,1.0,0,0,True,LEADING-SIM-V0.1
S‑ACC145,32,0.9854,0,0.0265,1,0.9951,0,0,True,LEADING-SIM-V0.1
S‑ACC145,33,0.9842,0,0.0115,2,0.9986,0,0,True,LEADING-SIM-V0.1
S‑ACC145,34,0.9958,0,0.0107,0,0.9975,0,0,True,LEADING-SIM-V0.1
S‑ACC145,35,0.9873,0,0.0179,1,0.9975,0,0,True,LEADING-SIM-V0.1
S‑ACC145,36,0.9856,0,0.0314,0,0.9979,0,1,True,LEADING-SIM-V0.1
S‑ACC145,37,0.9885,0,0.0235,1,0.9972,0,0,True,LEADING-SIM-V0.1
S‑ACC145,38,0.9787,0,0.0036,0,0.9979,0,0,True,LEADING-SIM-V0.1
S‑ACC145,39,0.9815,0,0.0132,0,0.9971,0,0,True,LEADING-SIM-V0.1
S‑ACC145,40,0.9909,0,0.0328,0,0.9975,0,0,True,LEADING-SIM-V0.1
S‑ACC145,41,0.9876,0,0.0808,0,0.9972,0,0,True,LEADING-SIM-V0.1
S‑ACC145,42,0.9937,1,0.0521,0,0.9984,0,0,True,LEADING-SIM-V0.1
S‑ACC145,43,0.9812,0,0.0225,1,0.9978,0,0,True,LEADING-SIM-V0.1
S‑ACC145,44,0.9801,0,0.0093,1,0.997,1,0,True,LEADING-SIM-V0.1
S‑ACC145,45,0.9863,0,0.0124,0,0.9968,0,0,True,LEADING-SIM-V0.1
S‑ACC145,46,0.9904,0,0.0365,2,0.995,0,0,True,LEADING-SIM-V0.1
S‑ACC145,47,0.9879,0,0.0061,0,0.9966,0,0,True,LEADING-SIM-V0.1
S‑ACC145,48,0.9824,0,0.0102,0,0.9956,0,0,True,LEADING-SIM-V0.1
S‑ACC145,49,1.0,0,0.0079,0,0.9983,0,0,True,LEADING-SIM-V0.1
S‑ACC145,50,0.9893,0,0.0676,0,0.9987,0,0,True,LEADING-SIM-V0.1
S‑ACC145,51,0.9855,0,0.0236,0,0.999,0,0,True,LEADING-SIM-V0.1
S‑ACC145,52,0.9715,0,0.0416,1,0.9979,0,0,True,LEADING-SIM-V0.1
S‑ACC146,1,0.9849,0,0.0359,2,0.9957,0,0,True,LEADING-SIM-V0.1
S‑ACC146,2,0.971,0,0.0053,0,0.9974,0,0,True,LEADING-SIM-V0.1
S‑ACC146,3,0.9705,1,0.0092,0,0.9957,0,0,True,LEADING-SIM-V0.1
S‑ACC146,4,0.9861,1,0.004,3,0.996,0,0,True,LEADING-SIM-V0.1
S‑ACC146,5,0.9961,1,0.1341,1,0.9958,0,0,True,LEADING-SIM-V0.1
S‑ACC146,6,0.9917,0,0.0118,0,0.9976,0,0,True,LEADING-SIM-V0.1
S‑ACC146,7,0.9833,0,0.0376,0,0.9972,0,0,True,LEADING-SIM-V0.1
S‑ACC146,8,0.9867,0,0.0097,1,0.9963,0,1,True,LEADING-SIM-V0.1
S‑ACC146,9,0.9947,1,0.0154,0,0.9964,0,0,True,LEADING-SIM-V0.1
S‑ACC146,10,0.9779,0,0.0466,0,0.9983,0,0,True,LEADING-SIM-V0.1
S‑ACC146,11,0.9868,1,0.0103,0,0.9994,0,0,True,LEADING-SIM-V0.1
S‑ACC146,12,0.9786,0,0.0471,0,0.9959,0,0,True,LEADING-SIM-V0.1
S‑ACC146,13,0.9911,0,0.0483,2,0.9975,0,0,True,LEADING-SIM-V0.1
S‑ACC146,14,0.9867,0,0.02,2,0.9936,0,0,True,LEADING-SIM-V0.1
S‑ACC146,15,0.9801,0,0.0613,0,0.9982,0,0,True,LEADING-SIM-V0.1
S‑ACC146,16,0.9918,0,0.0264,0,0.9969,0,0,True,LEADING-SIM-V0.1
S‑ACC146,17,0.995,0,0.0341,0,0.9963,0,0,True,LEADING-SIM-V0.1
S‑ACC146,18,0.9906,1,0.0028,0,0.9974,0,0,True,LEADING-SIM-V0.1
S‑ACC146,19,0.9863,0,0.019,0,0.9999,0,0,True,LEADING-SIM-V0.1
S‑ACC146,20,0.9868,0,0.0382,2,0.9963,0,0,True,LEADING-SIM-V0.1
S‑ACC146,21,0.9756,0,0.0784,2,0.9956,0,0,True,LEADING-SIM-V0.1
S‑ACC146,22,0.9745,0,0.0404,1,0.9974,0,0,True,LEADING-SIM-V0.1
S‑ACC146,23,0.9869,0,0.022,0,0.9986,0,0,True,LEADING-SIM-V0.1
S‑ACC146,24,0.9888,0,0.012,0,0.9919,0,0,True,LEADING-SIM-V0.1
S‑ACC146,25,0.9833,0,0.0277,0,0.9962,0,0,True,LEADING-SIM-V0.1
S‑ACC146,26,0.9818,0,0.0366,0,0.9969,0,0,True,LEADING-SIM-V0.1
S‑ACC146,27,0.996,0,0.0014,0,0.9984,0,0,True,LEADING-SIM-V0.1
S‑ACC146,28,0.9911,0,0.0214,0,0.9983,0,0,True,LEADING-SIM-V0.1
S‑ACC146,29,0.9811,0,0.0125,1,0.9981,0,0,True,LEADING-SIM-V0.1
S‑ACC146,30,0.9815,0,0.0411,0,0.9949,0,0,True,LEADING-SIM-V0.1
S‑ACC146,31,0.9821,1,0.0265,1,0.9986,0,0,True,LEADING-SIM-V0.1
S‑ACC146,32,0.9759,2,0.0023,1,0.9973,0,0,True,LEADING-SIM-V0.1
S‑ACC146,33,0.9598,3,0.0527,2,0.9948,1,0,True,LEADING-SIM-V0.1
S‑ACC146,34,0.9556,4,0.0726,3,0.9891,1,0,True,LEADING-SIM-V0.1
S‑ACC146,35,0.9433,5,0.0442,4,0.9877,1,0,True,LEADING-SIM-V0.1
S‑ACC146,36,0.9867,0,0.0265,0,0.9987,0,0,True,LEADING-SIM-V0.1
S‑ACC146,37,0.9872,0,0.0878,0,0.997,0,0,True,LEADING-SIM-V0.1
S‑ACC146,38,0.9905,0,0.0307,0,0.9971,0,0,True,LEADING-SIM-V0.1
S‑ACC146,39,0.9886,0,0.0617,0,0.9955,0,0,True,LEADING-SIM-V0.1
S‑ACC146,40,0.9814,0,0.0427,1,0.9963,1,0,True,LEADING-SIM-V0.1
S‑ACC146,41,0.9947,0,0.0038,0,0.996,0,0,True,LEADING-SIM-V0.1
S‑ACC146,42,0.9853,0,0.0206,0,0.9953,0,0,True,LEADING-SIM-V0.1
S‑ACC146,43,0.9863,0,0.0014,0,0.9978,0,0,True,LEADING-SIM-V0.1
S‑ACC146,44,0.9884,0,0.0749,0,0.9968,0,0,True,LEADING-SIM-V0.1
S‑ACC146,45,0.9772,0,0.0108,1,0.9975,0,0,True,LEADING-SIM-V0.1
S‑ACC146,46,0.9759,0,0.0121,0,0.997,0,0,True,LEADING-SIM-V0.1
S‑ACC146,47,0.9797,0,0.0591,1,0.9974,0,0,True,LEADING-SIM-V0.1
S‑ACC146,48,0.9869,1,0.0576,0,0.9942,0,0,True,LEADING-SIM-V0.1
S‑ACC146,49,0.9873,0,0.009,0,0.9962,0,0,True,LEADING-SIM-V0.1
S‑ACC146,50,0.9967,1,0.0203,0,0.9938,0,0,True,LEADING-SIM-V0.1
S‑ACC146,51,0.9861,0,0.0192,0,0.9944,0,0,True,LEADING-SIM-V0.1
S‑ACC146,52,0.9779,0,0.0698,0,0.9937,0,0,True,LEADING-SIM-V0.1
S‑ACC147,1,0.9871,0,0.0471,0,0.997,0,0,True,LEADING-SIM-V0.1
S‑ACC147,2,0.9745,1,0.004,0,0.9992,0,0,True,LEADING-SIM-V0.1
S‑ACC147,3,0.9872,0,0.0063,0,0.9956,0,0,True,LEADING-SIM-V0.1
S‑ACC147,4,0.9926,0,0.0423,0,0.9969,1,0,True,LEADING-SIM-V0.1
S‑ACC147,5,0.9808,0,0.0043,0,0.9974,0,0,True,LEADING-SIM-V0.1
S‑ACC147,6,0.9876,1,0.0093,0,1.0,0,0,True,LEADING-SIM-V0.1
S‑ACC147,7,0.9846,0,0.0389,1,0.9972,0,0,True,LEADING-SIM-V0.1
S‑ACC147,8,0.981,0,0.0209,0,0.9991,0,0,True,LEADING-SIM-V0.1
S‑ACC147,9,0.9762,0,0.0284,0,0.9939,0,0,True,LEADING-SIM-V0.1
S‑ACC147,10,0.9949,1,0.0641,0,0.9969,0,1,True,LEADING-SIM-V0.1
S‑ACC147,11,0.9904,0,0.0145,1,0.9966,0,0,True,LEADING-SIM-V0.1
S‑ACC147,12,0.9907,0,0.0436,0,0.9958,0,0,True,LEADING-SIM-V0.1
S‑ACC147,13,0.9879,2,0.0855,0,0.9967,0,0,True,LEADING-SIM-V0.1
S‑ACC147,14,0.9892,0,0.0599,2,0.9965,0,0,True,LEADING-SIM-V0.1
S‑ACC147,15,0.9659,0,0.0426,0,0.9958,0,0,True,LEADING-SIM-V0.1
S‑ACC147,16,0.9903,0,0.0582,0,0.9982,0,0,True,LEADING-SIM-V0.1
S‑ACC147,17,0.9802,1,0.0104,1,0.9962,0,0,True,LEADING-SIM-V0.1
S‑ACC147,18,0.9949,0,0.1105,1,0.9936,0,0,True,LEADING-SIM-V0.1
S‑ACC147,19,0.9789,0,0.1066,1,0.996,0,0,True,LEADING-SIM-V0.1
S‑ACC147,20,0.99,0,0.0806,0,0.9937,0,0,True,LEADING-SIM-V0.1
S‑ACC147,21,0.9913,0,0.0134,0,0.9974,0,0,True,LEADING-SIM-V0.1
S‑ACC147,22,0.9799,0,0.1156,0,0.9968,0,0,True,LEADING-SIM-V0.1
S‑ACC147,23,0.9931,0,0.0544,0,0.996,0,0,True,LEADING-SIM-V0.1
S‑ACC147,24,0.9812,0,0.0152,1,0.9977,0,0,True,LEADING-SIM-V0.1
S‑ACC147,25,0.9801,3,0.0455,2,0.995,0,0,True,LEADING-SIM-V0.1
S‑ACC147,26,0.9609,3,0.0471,4,0.9919,1,0,True,LEADING-SIM-V0.1
S‑ACC147,27,0.9503,5,0.0282,5,0.9881,1,0,True,LEADING-SIM-V0.1
S‑ACC147,28,0.9377,7,0.0539,6,0.9858,1,0,True,LEADING-SIM-V0.1
S‑ACC147,29,0.9818,0,0.0054,1,0.9952,0,0,True,LEADING-SIM-V0.1
S‑ACC147,30,0.9811,0,0.0742,1,0.9962,0,0,True,LEADING-SIM-V0.1
S‑ACC147,31,0.9873,0,0.0393,0,0.9982,0,0,True,LEADING-SIM-V0.1
S‑ACC147,32,0.9939,0,0.0811,1,0.9992,0,0,True,LEADING-SIM-V0.1
S‑ACC147,33,0.9928,0,0.0612,1,0.996,0,0,True,LEADING-SIM-V0.1
S‑ACC147,34,0.9895,0,0.0107,0,0.9998,0,0,True,LEADING-SIM-V0.1
S‑ACC147,35,0.9749,0,0.0486,0,0.9955,0,0,True,LEADING-SIM-V0.1
S‑ACC147,36,0.9777,0,0.0228,0,1.0,0,0,True,LEADING-SIM-V0.1
S‑ACC147,37,0.979,0,0.0584,0,0.999,0,0,True,LEADING-SIM-V0.1
S‑ACC147,38,0.9918,0,0.0173,0,0.9979,0,0,True,LEADING-SIM-V0.1
S‑ACC147,39,0.9862,0,0.029,0,0.9971,0,0,True,LEADING-SIM-V0.1
S‑ACC147,40,0.9895,0,0.0644,1,1.0,0,0,True,LEADING-SIM-V0.1
S‑ACC147,41,0.9971,0,0.0255,1,0.9953,0,0,True,LEADING-SIM-V0.1
S‑ACC147,42,0.9891,0,0.0385,1,0.9956,0,0,True,LEADING-SIM-V0.1
S‑ACC147,43,0.9739,0,0.0108,1,0.9959,0,0,True,LEADING-SIM-V0.1
S‑ACC147,44,0.9912,0,0.0122,0,0.9956,1,0,True,LEADING-SIM-V0.1
S‑ACC147,45,0.9794,0,0.017,0,0.9955,1,0,True,LEADING-SIM-V0.1
S‑ACC147,46,0.9912,0,0.0366,1,1.0,0,0,True,LEADING-SIM-V0.1
S‑ACC147,47,0.9804,1,0.0563,0,0.9966,0,0,True,LEADING-SIM-V0.1
S‑ACC147,48,0.9942,0,0.0047,0,0.9974,0,0,True,LEADING-SIM-V0.1
S‑ACC147,49,0.982,0,0.079,0,0.9979,0,0,True,LEADING-SIM-V0.1
S‑ACC147,50,0.9798,0,0.0631,0,0.9956,0,1,True,LEADING-SIM-V0.1
S‑ACC147,51,0.9807,0,0.0572,0,0.9941,0,0,True,LEADING-SIM-V0.1
S‑ACC147,52,0.9868,0,0.1227,0,0.9968,0,0,True,LEADING-SIM-V0.1
S‑ACC148,1,0.9825,0,0.0372,0,0.9949,0,0,True,LEADING-SIM-V0.1
S‑ACC148,2,0.9805,0,0.0338,0,0.9986,0,0,True,LEADING-SIM-V0.1
S‑ACC148,3,0.9909,0,0.0278,0,0.9975,0,0,True,LEADING-SIM-V0.1
S‑ACC148,4,0.9736,0,0.0067,1,0.9952,0,0,True,LEADING-SIM-V0.1
S‑ACC148,5,0.9915,0,0.0026,0,0.9961,0,0,True,LEADING-SIM-V0.1
S‑ACC148,6,0.9855,0,0.0437,0,0.9988,0,0,True,LEADING-SIM-V0.1
S‑ACC148,7,0.9875,0,0.0033,0,0.9958,0,0,True,LEADING-SIM-V0.1
S‑ACC148,8,0.983,0,0.0145,2,0.9954,0,0,True,LEADING-SIM-V0.1
S‑ACC148,9,0.9837,0,0.0036,1,0.9964,0,0,True,LEADING-SIM-V0.1
S‑ACC148,10,0.9852,1,0.0201,0,0.9969,0,0,True,LEADING-SIM-V0.1
S‑ACC148,11,0.986,0,0.0558,0,0.9958,0,0,True,LEADING-SIM-V0.1
S‑ACC148,12,0.9931,0,0.0125,1,0.9947,0,0,True,LEADING-SIM-V0.1
S‑ACC148,13,0.9779,0,0.0243,1,0.995,0,0,True,LEADING-SIM-V0.1
S‑ACC148,14,0.9895,0,0.0012,0,0.9976,0,0,True,LEADING-SIM-V0.1
S‑ACC148,15,0.9815,0,0.0016,1,0.9964,0,0,True,LEADING-SIM-V0.1
S‑ACC148,16,0.9854,0,0.0294,0,0.9965,0,0,True,LEADING-SIM-V0.1
S‑ACC148,17,1.0,0,0.0431,0,1.0,0,0,True,LEADING-SIM-V0.1
S‑ACC148,18,0.9881,1,0.0312,1,0.9949,0,0,True,LEADING-SIM-V0.1
S‑ACC148,19,0.9682,2,0.0809,4,0.996,0,0,True,LEADING-SIM-V0.1
S‑ACC148,20,0.9617,3,0.0056,3,0.9982,1,1,True,LEADING-SIM-V0.1
S‑ACC148,21,0.9419,5,0.0401,4,0.9962,1,1,True,LEADING-SIM-V0.1
S‑ACC148,22,0.9472,6,0.0426,5,0.9966,1,1,True,LEADING-SIM-V0.1
S‑ACC148,23,0.9795,0,0.0135,0,0.9957,0,0,True,LEADING-SIM-V0.1
S‑ACC148,24,0.9902,0,0.0396,0,0.9985,0,0,True,LEADING-SIM-V0.1
S‑ACC148,25,0.9777,0,0.0461,0,0.9973,0,0,True,LEADING-SIM-V0.1
S‑ACC148,26,0.9807,0,0.0074,1,0.9939,0,0,True,LEADING-SIM-V0.1
S‑ACC148,27,0.9925,0,0.031,0,0.9976,0,0,True,LEADING-SIM-V0.1
S‑ACC148,28,0.984,0,0.0078,0,0.9956,0,0,True,LEADING-SIM-V0.1
S‑ACC148,29,0.9959,0,0.0213,0,0.9965,0,0,True,LEADING-SIM-V0.1
S‑ACC148,30,0.9983,0,0.0233,0,0.9962,0,0,True,LEADING-SIM-V0.1
S‑ACC148,31,0.9863,0,0.0778,0,0.9969,0,0,True,LEADING-SIM-V0.1
S‑ACC148,32,0.9788,0,0.0386,1,0.9977,0,0,True,LEADING-SIM-V0.1
S‑ACC148,33,0.9892,0,0.0076,1,0.9942,0,0,True,LEADING-SIM-V0.1
S‑ACC148,34,0.9807,0,0.1003,0,1.0,0,0,True,LEADING-SIM-V0.1
S‑ACC148,35,0.9895,0,0.0023,0,0.9968,0,0,True,LEADING-SIM-V0.1
S‑ACC148,36,0.9809,0,0.037,0,0.9943,0,0,True,LEADING-SIM-V0.1
S‑ACC148,37,0.9828,0,0.0395,1,0.9948,0,0,True,LEADING-SIM-V0.1
S‑ACC148,38,0.9834,0,0.0241,1,0.9941,0,0,True,LEADING-SIM-V0.1
S‑ACC148,39,0.9848,0,0.0401,1,0.9982,0,0,True,LEADING-SIM-V0.1
S‑ACC148,40,0.9896,0,0.0084,0,0.9962,0,0,True,LEADING-SIM-V0.1
S‑ACC148,41,0.9809,0,0.0287,1,0.9977,0,0,True,LEADING-SIM-V0.1
S‑ACC148,42,0.9862,0,0.038,1,0.996,0,0,True,LEADING-SIM-V0.1
S‑ACC148,43,0.9832,1,0.0872,1,0.9975,0,0,True,LEADING-SIM-V0.1
S‑ACC148,44,0.9873,0,0.0322,1,0.9987,0,0,True,LEADING-SIM-V0.1
S‑ACC148,45,0.9756,0,0.0429,1,0.9976,0,0,True,LEADING-SIM-V0.1
S‑ACC148,46,0.9912,0,0.0692,0,0.9968,0,0,True,LEADING-SIM-V0.1
S‑ACC148,47,0.9928,0,0.0665,0,0.9977,0,0,True,LEADING-SIM-V0.1
S‑ACC148,48,0.9821,0,0.0544,0,0.9996,0,0,True,LEADING-SIM-V0.1
S‑ACC148,49,0.9756,0,0.0426,1,0.9954,0,0,True,LEADING-SIM-V0.1
S‑ACC148,50,0.9835,0,0.0198,0,0.997,0,0,True,LEADING-SIM-V0.1
S‑ACC148,51,0.9933,0,0.0113,0,0.9954,0,0,True,LEADING-SIM-V0.1
S‑ACC148,52,0.9895,0,0.0141,0,0.9973,1,0,True,LEADING-SIM-V0.1
S‑ACC149,1,0.9766,1,0.0129,0,0.997,0,0,True,LEADING-SIM-V0.1
S‑ACC149,2,0.9871,0,0.0798,0,0.9988,0,0,True,LEADING-SIM-V0.1
S‑ACC149,3,0.9805,0,0.0174,1,0.9965,0,0,True,LEADING-SIM-V0.1
S‑ACC149,4,0.9841,1,0.0017,0,0.9953,0,0,True,LEADING-SIM-V0.1
S‑ACC149,5,0.9822,1,0.0228,0,0.9952,0,0,True,LEADING-SIM-V0.1
S‑ACC149,6,0.9684,0,0.0039,1,0.9965,0,0,True,LEADING-SIM-V0.1
S‑ACC149,7,0.982,0,0.0798,0,0.9946,1,0,True,LEADING-SIM-V0.1
S‑ACC149,8,0.9804,0,0.0423,0,0.9976,0,0,True,LEADING-SIM-V0.1
S‑ACC149,9,0.9976,0,0.014,0,0.9966,0,0,True,LEADING-SIM-V0.1
S‑ACC149,10,0.9763,0,0.1489,0,0.9975,0,0,True,LEADING-SIM-V0.1
S‑ACC149,11,0.9829,1,0.0471,1,0.9969,0,0,True,LEADING-SIM-V0.1
S‑ACC149,12,0.9794,0,0.0831,0,0.9973,0,0,True,LEADING-SIM-V0.1
S‑ACC149,13,0.9913,0,0.0195,0,0.9964,0,0,True,LEADING-SIM-V0.1
S‑ACC149,14,0.9718,0,0.0041,0,0.9984,0,0,True,LEADING-SIM-V0.1
S‑ACC149,15,0.9842,0,0.0563,0,0.9978,0,0,True,LEADING-SIM-V0.1
S‑ACC149,16,0.996,0,0.0106,0,0.9974,1,0,True,LEADING-SIM-V0.1
S‑ACC149,17,0.9778,0,0.1031,0,0.9959,0,0,True,LEADING-SIM-V0.1
S‑ACC149,18,0.9948,0,0.0311,1,0.999,0,0,True,LEADING-SIM-V0.1
S‑ACC149,19,0.9768,0,0.0144,1,0.9981,0,0,True,LEADING-SIM-V0.1
S‑ACC149,20,0.9834,0,0.0084,0,0.9958,0,0,True,LEADING-SIM-V0.1
S‑ACC149,21,0.9741,1,0.0127,0,0.9969,0,0,True,LEADING-SIM-V0.1
S‑ACC149,22,0.982,0,0.0119,0,0.9952,0,0,True,LEADING-SIM-V0.1
S‑ACC149,23,0.9922,0,0.0131,0,0.9989,0,0,True,LEADING-SIM-V0.1
S‑ACC149,24,0.9803,0,0.0833,0,0.9973,0,0,True,LEADING-SIM-V0.1
S‑ACC149,25,0.9882,0,0.0315,0,0.9972,0,0,True,LEADING-SIM-V0.1
S‑ACC149,26,0.9703,2,0.0088,1,0.9978,0,0,True,LEADING-SIM-V0.1
S‑ACC149,27,0.9577,3,0.0182,2,0.9988,1,0,True,LEADING-SIM-V0.1
S‑ACC149,28,0.9493,4,0.0003,4,0.997,1,0,True,LEADING-SIM-V0.1
S‑ACC149,29,0.9438,5,0.0488,4,0.9961,1,0,True,LEADING-SIM-V0.1
S‑ACC149,30,0.9798,0,0.042,0,0.9966,0,0,True,LEADING-SIM-V0.1
S‑ACC149,31,0.9781,0,0.1164,1,0.997,0,0,True,LEADING-SIM-V0.1
S‑ACC149,32,0.9849,0,0.0074,1,0.9994,0,0,True,LEADING-SIM-V0.1
S‑ACC149,33,0.9722,0,0.0633,0,0.9983,0,0,True,LEADING-SIM-V0.1
S‑ACC149,34,0.9738,0,0.0518,0,0.9991,0,0,True,LEADING-SIM-V0.1
S‑ACC149,35,0.9944,0,0.026,1,0.9961,0,0,True,LEADING-SIM-V0.1
S‑ACC149,36,0.9912,0,0.0729,1,0.997,0,0,True,LEADING-SIM-V0.1
S‑ACC149,37,0.9862,0,0.0273,0,0.9977,0,0,True,LEADING-SIM-V0.1
S‑ACC149,38,0.988,1,0.0047,0,1.0,0,0,True,LEADING-SIM-V0.1
S‑ACC149,39,0.9865,0,0.0191,0,0.9974,0,0,True,LEADING-SIM-V0.1
S‑ACC149,40,0.9748,0,0.0343,0,1.0,0,0,True,LEADING-SIM-V0.1
S‑ACC149,41,0.9819,0,0.0158,1,0.9965,0,0,True,LEADING-SIM-V0.1
S‑ACC149,42,0.9829,0,0.0405,1,0.9969,0,1,True,LEADING-SIM-V0.1
S‑ACC149,43,0.9866,0,0.0699,2,0.9973,0,0,True,LEADING-SIM-V0.1
S‑ACC149,44,0.9793,0,0.0117,1,0.9973,0,0,True,LEADING-SIM-V0.1
S‑ACC149,45,0.9871,0,0.0441,1,0.9974,0,0,True,LEADING-SIM-V0.1
S‑ACC149,46,0.9783,0,0.0148,0,0.9964,0,0,True,LEADING-SIM-V0.1
S‑ACC149,47,0.9732,0,0.019,1,0.9975,0,0,True,LEADING-SIM-V0.1
S‑ACC149,48,0.9807,0,0.0028,1,0.9963,0,0,True,LEADING-SIM-V0.1
S‑ACC149,49,0.9861,0,0.0374,0,0.9977,0,0,True,LEADING-SIM-V0.1
S‑ACC149,50,0.9886,0,0.019,0,0.9962,0,0,True,LEADING-SIM-V0.1
S‑ACC149,51,0.9758,1,0.027,1,0.9959,0,0,True,LEADING-SIM-V0.1
S‑ACC149,52,0.9826,0,0.0167,0,0.9986,0,0,True,LEADING-SIM-V0.1
S‑ACC150,1,0.9753,0,0.0877,0,0.9951,0,0,True,LEADING-SIM-V0.1
S‑ACC150,2,0.9766,0,0.0441,0,0.998,0,0,True,LEADING-SIM-V0.1
S‑ACC150,3,0.9831,0,0.0089,0,0.9977,0,0,True,LEADING-SIM-V0.1
S‑ACC150,4,0.9852,0,0.0491,0,0.9976,0,0,True,LEADING-SIM-V0.1
S‑ACC150,5,0.9825,0,0.0324,0,0.9948,0,0,True,LEADING-SIM-V0.1
S‑ACC150,6,0.9821,0,0.0035,0,0.9961,0,0,True,LEADING-SIM-V0.1
S‑ACC150,7,0.9811,0,0.0186,0,0.9984,0,0,True,LEADING-SIM-V0.1
S‑ACC150,8,0.9804,0,0.0338,0,0.9972,0,0,True,LEADING-SIM-V0.1
S‑ACC150,9,0.9765,0,0.0822,0,0.996,0,0,True,LEADING-SIM-V0.1
S‑ACC150,10,0.9921,0,0.0008,1,0.9937,0,0,True,LEADING-SIM-V0.1
S‑ACC150,11,0.9858,0,0.0167,0,0.9981,0,0,True,LEADING-SIM-V0.1
S‑ACC150,12,0.9809,0,0.0032,0,0.9953,0,0,True,LEADING-SIM-V0.1
S‑ACC150,13,0.9812,0,0.0135,0,0.9967,0,0,True,LEADING-SIM-V0.1
S‑ACC150,14,0.9874,0,0.051,0,0.9951,0,0,True,LEADING-SIM-V0.1
S‑ACC150,15,0.9859,0,0.0738,0,0.9978,0,0,True,LEADING-SIM-V0.1
S‑ACC150,16,0.9837,0,0.0459,0,0.9974,0,0,True,LEADING-SIM-V0.1
S‑ACC150,17,0.9888,0,0.1354,2,0.9997,0,0,True,LEADING-SIM-V0.1
S‑ACC150,18,0.9961,0,0.0499,1,0.9951,0,0,True,LEADING-SIM-V0.1
S‑ACC150,19,0.9949,0,0.0637,0,0.9937,1,0,True,LEADING-SIM-V0.1
S‑ACC150,20,0.9823,2,0.003,1,0.9947,0,0,True,LEADING-SIM-V0.1
S‑ACC150,21,0.9566,3,0.0154,2,0.9939,1,0,True,LEADING-SIM-V0.1
S‑ACC150,22,0.9629,4,0.1093,4,0.9932,1,0,True,LEADING-SIM-V0.1
S‑ACC150,23,0.9561,5,0.0142,5,0.9887,1,0,True,LEADING-SIM-V0.1
S‑ACC150,24,0.978,0,0.052,0,0.9975,0,0,True,LEADING-SIM-V0.1
S‑ACC150,25,0.979,1,0.0165,0,0.9975,0,0,True,LEADING-SIM-V0.1
S‑ACC150,26,0.9906,0,0.0034,1,0.9999,0,0,True,LEADING-SIM-V0.1
S‑ACC150,27,0.9881,1,0.0159,0,0.995,0,0,True,LEADING-SIM-V0.1
S‑ACC150,28,0.9835,0,0.035,0,0.9959,0,1,True,LEADING-SIM-V0.1
S‑ACC150,29,0.9766,0,0.0076,0,0.997,0,0,True,LEADING-SIM-V0.1
S‑ACC150,30,0.9815,0,0.0195,0,0.9974,0,0,True,LEADING-SIM-V0.1
S‑ACC150,31,0.9779,0,0.0973,0,0.9995,0,0,True,LEADING-SIM-V0.1
S‑ACC150,32,0.9758,0,0.0319,0,0.9959,0,0,True,LEADING-SIM-V0.1
S‑ACC150,33,0.9746,1,0.0032,1,0.9939,0,0,True,LEADING-SIM-V0.1
S‑ACC150,34,0.9936,1,0.0213,0,0.9968,0,0,True,LEADING-SIM-V0.1
S‑ACC150,35,0.9928,0,0.0122,0,0.9959,0,0,True,LEADING-SIM-V0.1
S‑ACC150,36,0.9916,0,0.1091,1,0.9963,0,0,True,LEADING-SIM-V0.1
S‑ACC150,37,0.9859,0,0.0248,0,0.9969,0,0,True,LEADING-SIM-V0.1
S‑ACC150,38,0.9968,0,0.0834,0,0.9968,0,0,True,LEADING-SIM-V0.1
S‑ACC150,39,0.9929,0,0.0176,0,0.9974,0,0,True,LEADING-SIM-V0.1
S‑ACC150,40,0.9885,0,0.0485,0,0.9967,0,0,True,LEADING-SIM-V0.1
S‑ACC150,41,0.9851,0,0.0391,1,0.9953,0,0,True,LEADING-SIM-V0.1
S‑ACC150,42,0.9866,0,0.0053,0,0.9964,0,0,True,LEADING-SIM-V0.1
S‑ACC150,43,0.9728,0,0.0168,0,0.9953,0,0,True,LEADING-SIM-V0.1
S‑ACC150,44,0.9823,0,0.0021,0,0.996,0,0,True,LEADING-SIM-V0.1
S‑ACC150,45,0.9893,1,0.0056,2,0.9958,0,0,True,LEADING-SIM-V0.1
S‑ACC150,46,0.9818,1,0.0011,0,0.9935,0,0,True,LEADING-SIM-V0.1
S‑ACC150,47,0.981,0,0.0711,1,0.9986,0,0,True,LEADING-SIM-V0.1
S‑ACC150,48,0.9867,0,0.0339,1,1.0,0,0,True,LEADING-SIM-V0.1
S‑ACC150,49,0.9843,0,0.0724,0,1.0,0,0,True,LEADING-SIM-V0.1
S‑ACC150,50,0.9882,0,0.003,0,0.9957,0,0,True,LEADING-SIM-V0.1
S‑ACC150,51,0.9842,0,0.0245,0,0.995,0,0,True,LEADING-SIM-V0.1
S‑ACC150,52,0.9883,0,0.0426,0,0.9945,0,0,True,LEADING-SIM-V0.1
S‑ACC151,1,0.9867,0,0.1093,0,0.9976,0,0,True,LEADING-SIM-V0.1
S‑ACC151,2,0.9903,0,0.0664,1,0.9969,0,0,True,LEADING-SIM-V0.1
S‑ACC151,3,0.9914,0,0.0145,0,0.9965,0,0,True,LEADING-SIM-V0.1
S‑ACC151,4,0.9827,0,0.0035,0,0.995,0,0,True,LEADING-SIM-V0.1
S‑ACC151,5,0.9953,1,0.1224,0,0.9974,0,0,True,LEADING-SIM-V0.1
S‑ACC151,6,0.9853,1,0.0126,0,0.9965,0,0,True,LEADING-SIM-V0.1
S‑ACC151,7,0.9845,0,0.0482,1,0.998,0,0,True,LEADING-SIM-V0.1
S‑ACC151,8,0.9879,0,0.0377,0,0.997,0,0,True,LEADING-SIM-V0.1
S‑ACC151,9,0.9863,0,0.0028,0,0.9969,0,0,True,LEADING-SIM-V0.1
S‑ACC151,10,0.9815,0,0.0037,0,0.9933,0,0,True,LEADING-SIM-V0.1
S‑ACC151,11,0.9923,0,0.0414,0,0.9967,0,0,True,LEADING-SIM-V0.1
S‑ACC151,12,0.9834,1,0.0141,0,0.9949,0,0,True,LEADING-SIM-V0.1
S‑ACC151,13,0.9908,1,0.0101,0,0.9976,0,0,True,LEADING-SIM-V0.1
S‑ACC151,14,0.9846,0,0.0014,1,0.9985,0,0,True,LEADING-SIM-V0.1
S‑ACC151,15,0.9832,0,0.049,2,0.996,0,0,True,LEADING-SIM-V0.1
S‑ACC151,16,0.9857,0,0.0825,0,0.9969,0,0,True,LEADING-SIM-V0.1
S‑ACC151,17,0.9846,0,0.0399,0,0.997,0,0,True,LEADING-SIM-V0.1
S‑ACC151,18,0.9775,1,0.0649,0,0.996,0,0,True,LEADING-SIM-V0.1
S‑ACC151,19,0.9961,0,0.0675,0,0.9959,0,0,True,LEADING-SIM-V0.1
S‑ACC151,20,0.9839,0,0.0195,1,0.9973,0,0,True,LEADING-SIM-V0.1
S‑ACC151,21,0.9904,0,0.0178,1,0.9953,0,0,True,LEADING-SIM-V0.1
S‑ACC151,22,0.9738,1,0.0121,0,0.9969,0,0,True,LEADING-SIM-V0.1
S‑ACC151,23,0.9772,0,0.0202,1,0.9983,0,0,True,LEADING-SIM-V0.1
S‑ACC151,24,0.9888,0,0.0502,1,1.0,0,0,True,LEADING-SIM-V0.1
S‑ACC151,25,0.9831,0,0.0185,1,0.9962,0,0,True,LEADING-SIM-V0.1
S‑ACC151,26,0.9834,0,0.0065,1,0.9982,0,0,True,LEADING-SIM-V0.1
S‑ACC151,27,0.9709,2,0.0741,2,0.9963,0,0,True,LEADING-SIM-V0.1
S‑ACC151,28,0.9458,3,0.0876,5,0.9967,1,1,True,LEADING-SIM-V0.1
S‑ACC151,29,0.951,5,0.1082,4,0.9973,1,0,True,LEADING-SIM-V0.1
S‑ACC151,30,0.9401,6,0.2052,5,0.9992,1,0,True,LEADING-SIM-V0.1
S‑ACC151,31,0.9839,0,0.0465,0,0.9963,0,0,True,LEADING-SIM-V0.1
S‑ACC151,32,0.9865,1,0.0176,0,0.9968,0,0,True,LEADING-SIM-V0.1
S‑ACC151,33,0.9923,0,0.0772,1,0.9957,0,0,True,LEADING-SIM-V0.1
S‑ACC151,34,0.9829,0,0.1195,2,0.9934,0,0,True,LEADING-SIM-V0.1
S‑ACC151,35,0.9913,0,0.0376,0,0.9981,0,0,True,LEADING-SIM-V0.1
S‑ACC151,36,0.9975,0,0.0019,0,0.9951,0,0,True,LEADING-SIM-V0.1
S‑ACC151,37,0.9919,1,0.0116,0,0.9921,0,0,True,LEADING-SIM-V0.1
S‑ACC151,38,0.9726,0,0.0064,0,0.9962,0,0,True,LEADING-SIM-V0.1
S‑ACC151,39,0.9764,0,0.0202,0,0.9997,0,0,True,LEADING-SIM-V0.1
S‑ACC151,40,0.983,0,0.0131,1,0.9946,0,0,True,LEADING-SIM-V0.1
S‑ACC151,41,0.9976,0,0.0089,2,0.9958,0,0,True,LEADING-SIM-V0.1
S‑ACC151,42,0.9816,0,0.0503,0,0.9942,0,0,True,LEADING-SIM-V0.1
S‑ACC151,43,0.9798,1,0.0261,2,0.9979,0,0,True,LEADING-SIM-V0.1
S‑ACC151,44,0.9866,0,0.0904,1,0.9964,1,0,True,LEADING-SIM-V0.1
S‑ACC151,45,0.986,0,0.0305,0,0.998,0,0,True,LEADING-SIM-V0.1
S‑ACC151,46,0.9862,1,0.0329,2,0.9953,0,0,True,LEADING-SIM-V0.1
S‑ACC151,47,0.9915,0,0.0662,0,0.9976,1,0,True,LEADING-SIM-V0.1
S‑ACC151,48,0.9869,0,0.0284,1,0.9965,0,0,True,LEADING-SIM-V0.1
S‑ACC151,49,0.992,0,0.0107,0,0.9966,0,0,True,LEADING-SIM-V0.1
S‑ACC151,50,0.9774,0,0.0205,0,0.9967,0,0,True,LEADING-SIM-V0.1
S‑ACC151,51,0.9972,0,0.001,1,0.9975,0,0,True,LEADING-SIM-V0.1
S‑ACC151,52,0.9884,0,0.0015,0,0.9975,0,0,True,LEADING-SIM-V0.1
S‑ACC152,1,0.9934,1,0.0144,1,0.9973,0,0,True,LEADING-SIM-V0.1
S‑ACC152,2,0.9872,0,0.021,0,0.9956,1,0,True,LEADING-SIM-V0.1
S‑ACC152,3,0.9918,0,0.0657,0,0.9979,0,0,True,LEADING-SIM-V0.1
S‑ACC152,4,0.9848,0,0.0261,0,0.9966,0,0,True,LEADING-SIM-V0.1
S‑ACC152,5,0.9852,0,0.0115,1,0.997,0,0,True,LEADING-SIM-V0.1
S‑ACC152,6,0.9859,0,0.15,0,0.9981,0,0,True,LEADING-SIM-V0.1
S‑ACC152,7,0.9847,0,0.0077,1,0.9996,0,0,True,LEADING-SIM-V0.1
S‑ACC152,8,0.9835,0,0.0274,0,0.9983,0,0,True,LEADING-SIM-V0.1
S‑ACC152,9,0.9717,0,0.0219,0,0.9964,0,0,True,LEADING-SIM-V0.1
S‑ACC152,10,0.9853,1,0.0492,1,0.996,0,0,True,LEADING-SIM-V0.1
S‑ACC152,11,0.9775,1,0.064,0,0.996,0,0,True,LEADING-SIM-V0.1
S‑ACC152,12,0.9842,0,0.0016,0,0.9982,0,0,True,LEADING-SIM-V0.1
S‑ACC152,13,0.9794,0,0.0167,1,0.9946,0,0,True,LEADING-SIM-V0.1
S‑ACC152,14,0.9822,0,0.0896,1,0.9962,0,0,True,LEADING-SIM-V0.1
S‑ACC152,15,0.9954,1,0.0114,0,0.998,0,0,True,LEADING-SIM-V0.1
S‑ACC152,16,0.9802,0,0.0922,0,0.9958,0,0,True,LEADING-SIM-V0.1
S‑ACC152,17,0.9807,1,0.0576,1,0.9972,0,0,True,LEADING-SIM-V0.1
S‑ACC152,18,0.9878,0,0.0256,0,0.9963,0,1,True,LEADING-SIM-V0.1
S‑ACC152,19,0.9849,0,0.0638,0,0.9975,0,0,True,LEADING-SIM-V0.1
S‑ACC152,20,0.9841,0,0.0359,0,0.9984,0,0,True,LEADING-SIM-V0.1
S‑ACC152,21,0.9821,0,0.0043,0,0.9974,0,0,True,LEADING-SIM-V0.1
S‑ACC152,22,0.9869,1,0.0424,1,0.9992,0,0,True,LEADING-SIM-V0.1
S‑ACC152,23,0.9936,1,0.012,1,0.9981,0,0,True,LEADING-SIM-V0.1
S‑ACC152,24,0.9747,2,0.0282,2,0.9964,0,0,True,LEADING-SIM-V0.1
S‑ACC152,25,0.9736,3,0.0364,3,0.9904,1,0,True,LEADING-SIM-V0.1
S‑ACC152,26,0.9433,6,0.0176,4,0.9877,1,0,True,LEADING-SIM-V0.1
S‑ACC152,27,0.9327,6,0.0487,5,0.9856,1,0,True,LEADING-SIM-V0.1
S‑ACC152,28,0.9819,1,0.0062,0,0.9973,0,0,True,LEADING-SIM-V0.1
S‑ACC152,29,0.9884,1,0.0079,3,0.996,0,0,True,LEADING-SIM-V0.1
S‑ACC152,30,0.9894,1,0.0154,1,0.9958,0,0,True,LEADING-SIM-V0.1
S‑ACC152,31,0.9827,0,0.0429,0,0.9973,0,0,True,LEADING-SIM-V0.1
S‑ACC152,32,0.9862,0,0.0366,0,0.9989,0,0,True,LEADING-SIM-V0.1
S‑ACC152,33,0.9851,0,0.0021,0,0.9993,0,0,True,LEADING-SIM-V0.1
S‑ACC152,34,0.9878,0,0.0422,1,0.9961,0,0,True,LEADING-SIM-V0.1
S‑ACC152,35,0.9846,0,0.0605,0,0.9986,0,0,True,LEADING-SIM-V0.1
S‑ACC152,36,0.9821,0,0.0305,0,0.9972,0,0,True,LEADING-SIM-V0.1
S‑ACC152,37,0.9937,0,0.0257,0,0.9944,0,0,True,LEADING-SIM-V0.1
S‑ACC152,38,0.991,0,0.0139,1,0.9974,0,0,True,LEADING-SIM-V0.1
S‑ACC152,39,0.9944,0,0.1311,0,0.997,0,0,True,LEADING-SIM-V0.1
S‑ACC152,40,0.9774,0,0.0139,1,0.9966,1,0,True,LEADING-SIM-V0.1
S‑ACC152,41,0.9801,0,0.0106,0,0.9981,0,0,True,LEADING-SIM-V0.1
S‑ACC152,42,0.995,0,0.0333,0,0.9986,0,0,True,LEADING-SIM-V0.1
S‑ACC152,43,0.9851,0,0.15,0,0.9983,0,0,True,LEADING-SIM-V0.1
S‑ACC152,44,0.9886,0,0.15,0,0.9957,0,0,True,LEADING-SIM-V0.1
S‑ACC152,45,0.9912,0,0.0217,0,0.9972,0,0,True,LEADING-SIM-V0.1
S‑ACC152,46,0.9906,0,0.0977,1,0.9974,0,0,True,LEADING-SIM-V0.1
S‑ACC152,47,0.9831,0,0.0103,0,0.9971,0,0,True,LEADING-SIM-V0.1
S‑ACC152,48,0.9903,0,0.0109,1,0.996,0,0,True,LEADING-SIM-V0.1
S‑ACC152,49,0.9747,0,0.0374,2,0.9968,0,0,True,LEADING-SIM-V0.1
S‑ACC152,50,0.9899,0,0.0326,0,0.995,0,0,True,LEADING-SIM-V0.1
S‑ACC152,51,0.9968,0,0.0028,0,0.9976,0,0,True,LEADING-SIM-V0.1
S‑ACC152,52,0.984,0,0.0245,1,0.9973,0,0,True,LEADING-SIM-V0.1
S‑ACC153,1,0.9921,0,0.0282,0,0.997,0,0,True,LEADING-SIM-V0.1
S‑ACC153,2,0.9867,0,0.0146,1,0.9979,0,0,True,LEADING-SIM-V0.1
S‑ACC153,3,0.9844,0,0.0459,0,0.995,0,0,True,LEADING-SIM-V0.1
S‑ACC153,4,0.9819,0,0.0064,0,0.9953,0,0,True,LEADING-SIM-V0.1
S‑ACC153,5,0.9814,0,0.0135,0,0.9962,0,0,True,LEADING-SIM-V0.1
S‑ACC153,6,0.9866,0,0.0048,0,0.9938,0,0,True,LEADING-SIM-V0.1
S‑ACC153,7,0.9928,0,0.0575,0,0.998,0,0,True,LEADING-SIM-V0.1
S‑ACC153,8,0.9901,0,0.0474,0,0.9957,0,0,True,LEADING-SIM-V0.1
S‑ACC153,9,0.9843,1,0.0755,0,0.9973,0,0,True,LEADING-SIM-V0.1
S‑ACC153,10,0.9792,0,0.0068,1,0.9984,0,0,True,LEADING-SIM-V0.1
S‑ACC153,11,0.9907,0,0.0265,0,0.9982,0,0,True,LEADING-SIM-V0.1
S‑ACC153,12,0.9841,0,0.1014,1,0.9973,0,0,True,LEADING-SIM-V0.1
S‑ACC153,13,0.9827,0,0.0767,0,0.9963,0,0,True,LEADING-SIM-V0.1
S‑ACC153,14,0.9848,0,0.0221,1,0.9977,0,0,True,LEADING-SIM-V0.1
S‑ACC153,15,0.9928,0,0.0553,0,0.9962,0,0,True,LEADING-SIM-V0.1
S‑ACC153,16,0.9878,0,0.0153,0,0.9961,0,0,True,LEADING-SIM-V0.1
S‑ACC153,17,0.9902,0,0.0175,0,0.9954,0,0,True,LEADING-SIM-V0.1
S‑ACC153,18,0.9835,0,0.0274,1,1.0,0,0,True,LEADING-SIM-V0.1
S‑ACC153,19,0.9891,0,0.0977,1,0.995,0,0,True,LEADING-SIM-V0.1
S‑ACC153,20,0.9742,2,0.0339,1,0.9975,0,0,True,LEADING-SIM-V0.1
S‑ACC153,21,0.9681,3,0.0482,2,0.9971,1,0,True,LEADING-SIM-V0.1
S‑ACC153,22,0.9594,4,0.0243,3,0.9962,1,0,True,LEADING-SIM-V0.1
S‑ACC153,23,0.9483,5,0.008,4,0.9932,2,0,True,LEADING-SIM-V0.1
S‑ACC153,24,0.9836,0,0.0238,1,0.9971,0,0,True,LEADING-SIM-V0.1
S‑ACC153,25,0.9773,0,0.0052,0,0.9971,0,0,True,LEADING-SIM-V0.1
S‑ACC153,26,0.9875,0,0.0036,0,0.9981,0,0,True,LEADING-SIM-V0.1
S‑ACC153,27,0.9803,1,0.0332,0,0.9997,0,0,True,LEADING-SIM-V0.1
S‑ACC153,28,0.9918,0,0.0264,1,0.9969,0,0,True,LEADING-SIM-V0.1
S‑ACC153,29,0.9895,0,0.0507,0,0.9984,0,0,True,LEADING-SIM-V0.1
S‑ACC153,30,0.9876,0,0.0176,1,0.9963,0,0,True,LEADING-SIM-V0.1
S‑ACC153,31,0.9915,0,0.0192,0,0.9978,0,0,True,LEADING-SIM-V0.1
S‑ACC153,32,0.9732,0,0.0124,0,0.9973,0,0,True,LEADING-SIM-V0.1
S‑ACC153,33,0.9838,1,0.0127,1,0.9978,0,0,True,LEADING-SIM-V0.1
S‑ACC153,34,0.9909,0,0.018,0,0.9942,0,0,True,LEADING-SIM-V0.1
S‑ACC153,35,0.9782,0,0.0595,0,0.9946,0,0,True,LEADING-SIM-V0.1
S‑ACC153,36,0.9907,0,0.0122,0,0.9973,0,0,True,LEADING-SIM-V0.1
S‑ACC153,37,0.9859,0,0.0072,2,0.9961,0,0,True,LEADING-SIM-V0.1
S‑ACC153,38,0.9915,0,0.0072,0,1.0,0,0,True,LEADING-SIM-V0.1
S‑ACC153,39,0.9847,0,0.0891,0,0.9972,0,0,True,LEADING-SIM-V0.1
S‑ACC153,40,0.986,0,0.0494,0,0.9967,0,0,True,LEADING-SIM-V0.1
S‑ACC153,41,1.0,0,0.0027,1,0.9998,0,0,True,LEADING-SIM-V0.1
S‑ACC153,42,0.9938,0,0.0052,0,0.9958,0,0,True,LEADING-SIM-V0.1
S‑ACC153,43,0.99,0,0.029,0,0.9968,0,0,True,LEADING-SIM-V0.1
S‑ACC153,44,0.9856,0,0.053,0,0.9981,0,0,True,LEADING-SIM-V0.1
S‑ACC153,45,0.9804,1,0.0247,1,0.9977,0,0,True,LEADING-SIM-V0.1
S‑ACC153,46,0.985,0,0.0328,1,0.9958,0,0,True,LEADING-SIM-V0.1
S‑ACC153,47,0.9882,0,0.03,1,0.9981,0,0,True,LEADING-SIM-V0.1
S‑ACC153,48,0.9963,0,0.0273,0,0.9967,0,0,True,LEADING-SIM-V0.1
S‑ACC153,49,0.9821,0,0.0141,0,0.9958,0,0,True,LEADING-SIM-V0.1
S‑ACC153,50,0.9798,0,0.0191,0,0.9954,0,0,True,LEADING-SIM-V0.1
S‑ACC153,51,0.9827,0,0.0762,1,0.9985,0,0,True,LEADING-SIM-V0.1
S‑ACC153,52,0.9899,0,0.0135,0,0.9952,0,0,True,LEADING-SIM-V0.1
S‑ACC154,1,0.9905,0,0.135,1,0.9982,0,0,True,LEADING-SIM-V0.1
S‑ACC154,2,0.9778,0,0.0066,1,1.0,0,0,True,LEADING-SIM-V0.1
S‑ACC154,3,0.9888,0,0.0956,0,0.9986,1,0,True,LEADING-SIM-V0.1
S‑ACC154,4,0.9846,0,0.0136,2,0.9977,0,0,True,LEADING-SIM-V0.1
S‑ACC154,5,0.9935,0,0.0017,0,0.9957,0,0,True,LEADING-SIM-V0.1
S‑ACC154,6,0.9922,0,0.0335,0,0.9968,0,0,True,LEADING-SIM-V0.1
S‑ACC154,7,0.9774,0,0.0272,0,0.9975,1,0,True,LEADING-SIM-V0.1
S‑ACC154,8,0.9841,0,0.0292,1,0.9967,0,0,True,LEADING-SIM-V0.1
S‑ACC154,9,0.9851,0,0.0636,0,0.9999,0,0,True,LEADING-SIM-V0.1
S‑ACC154,10,0.9878,0,0.0312,0,0.9945,0,0,True,LEADING-SIM-V0.1
S‑ACC154,11,0.986,0,0.0222,0,0.9976,0,0,True,LEADING-SIM-V0.1
S‑ACC154,12,0.9913,1,0.0159,0,0.996,0,0,True,LEADING-SIM-V0.1
S‑ACC154,13,0.9943,0,0.0707,0,0.9973,0,0,True,LEADING-SIM-V0.1
S‑ACC154,14,0.9943,0,0.1129,1,0.9974,0,0,True,LEADING-SIM-V0.1
S‑ACC154,15,0.989,0,0.0548,0,0.9969,0,0,True,LEADING-SIM-V0.1
S‑ACC154,16,0.9807,0,0.077,0,0.9986,0,0,True,LEADING-SIM-V0.1
S‑ACC154,17,0.9812,0,0.0021,0,0.9983,0,0,True,LEADING-SIM-V0.1
S‑ACC154,18,0.9965,0,0.0077,0,0.9974,0,0,True,LEADING-SIM-V0.1
S‑ACC154,19,0.9767,0,0.0232,0,0.9959,0,0,True,LEADING-SIM-V0.1
S‑ACC154,20,0.9845,0,0.0086,0,0.9952,0,0,True,LEADING-SIM-V0.1
S‑ACC154,21,0.9853,0,0.0021,0,0.9955,0,0,True,LEADING-SIM-V0.1
S‑ACC154,22,0.9752,0,0.0266,0,0.9979,0,0,True,LEADING-SIM-V0.1
S‑ACC154,23,0.9823,0,0.0117,1,0.9989,0,0,True,LEADING-SIM-V0.1
S‑ACC154,24,0.9839,0,0.0216,1,0.9953,0,0,True,LEADING-SIM-V0.1
S‑ACC154,25,0.9749,0,0.0207,0,0.9988,0,0,True,LEADING-SIM-V0.1
S‑ACC154,26,0.9907,0,0.0636,3,0.9985,0,0,True,LEADING-SIM-V0.1
S‑ACC154,27,0.9881,0,0.0334,1,0.9976,0,0,True,LEADING-SIM-V0.1
S‑ACC154,28,0.9706,2,0.0787,1,0.9937,0,0,True,LEADING-SIM-V0.1
S‑ACC154,29,0.9629,3,0.0615,2,0.9966,1,0,True,LEADING-SIM-V0.1
S‑ACC154,30,0.9574,4,0.1355,3,0.9975,1,0,True,LEADING-SIM-V0.1
S‑ACC154,31,0.9431,5,0.1189,4,0.9973,1,0,True,LEADING-SIM-V0.1
S‑ACC154,32,0.9886,1,0.0031,1,0.9945,0,0,True,LEADING-SIM-V0.1
S‑ACC154,33,0.9852,0,0.0191,0,0.9978,1,0,True,LEADING-SIM-V0.1
S‑ACC154,34,0.9855,1,0.0227,0,0.9934,0,0,True,LEADING-SIM-V0.1
S‑ACC154,35,0.9712,0,0.0284,0,0.9964,0,0,True,LEADING-SIM-V0.1
S‑ACC154,36,0.9927,0,0.0109,0,0.9974,0,0,True,LEADING-SIM-V0.1
S‑ACC154,37,0.9879,2,0.0061,0,0.9964,0,0,True,LEADING-SIM-V0.1
S‑ACC154,38,0.9847,0,0.057,0,0.9966,0,0,True,LEADING-SIM-V0.1
S‑ACC154,39,0.9821,0,0.0161,0,0.9975,0,0,True,LEADING-SIM-V0.1
S‑ACC154,40,0.9767,0,0.0016,0,0.9957,0,0,True,LEADING-SIM-V0.1
S‑ACC154,41,0.9826,0,0.0149,2,0.9954,0,0,True,LEADING-SIM-V0.1
S‑ACC154,42,0.9911,0,0.0204,0,0.9964,0,0,True,LEADING-SIM-V0.1
S‑ACC154,43,0.9839,0,0.0327,0,0.997,0,0,True,LEADING-SIM-V0.1
S‑ACC154,44,0.9884,0,0.0214,0,0.9971,0,0,True,LEADING-SIM-V0.1
S‑ACC154,45,0.9891,0,0.0677,0,0.9959,0,0,True,LEADING-SIM-V0.1
S‑ACC154,46,1.0,2,0.0255,0,0.9966,0,0,True,LEADING-SIM-V0.1
S‑ACC154,47,0.9783,0,0.0139,0,0.9989,0,0,True,LEADING-SIM-V0.1
S‑ACC154,48,0.9902,0,0.0351,0,0.9988,0,0,True,LEADING-SIM-V0.1
S‑ACC154,49,0.9829,0,0.0034,1,0.9977,0,0,True,LEADING-SIM-V0.1
S‑ACC154,50,0.9955,0,0.0013,0,0.9968,0,0,True,LEADING-SIM-V0.1
S‑ACC154,51,0.9703,0,0.0962,2,0.9967,0,0,True,LEADING-SIM-V0.1
S‑ACC154,52,0.9744,0,0.0342,0,0.9996,0,0,True,LEADING-SIM-V0.1
S‑ACC155,1,0.9833,0,0.0101,0,0.9953,1,0,True,LEADING-SIM-V0.1
S‑ACC155,2,0.982,0,0.0196,1,0.9962,0,0,True,LEADING-SIM-V0.1
S‑ACC155,3,0.9899,0,0.0542,0,0.9971,0,0,True,LEADING-SIM-V0.1
S‑ACC155,4,0.9756,1,0.013,0,0.9955,0,0,True,LEADING-SIM-V0.1
S‑ACC155,5,0.9814,1,0.0145,0,0.9963,0,0,True,LEADING-SIM-V0.1
S‑ACC155,6,0.977,0,0.0402,0,0.9978,0,0,True,LEADING-SIM-V0.1
S‑ACC155,7,0.9882,0,0.0439,0,0.9962,0,0,True,LEADING-SIM-V0.1
S‑ACC155,8,0.98,0,0.0653,0,0.9957,0,0,True,LEADING-SIM-V0.1
S‑ACC155,9,0.9762,0,0.0083,0,0.9948,0,0,True,LEADING-SIM-V0.1
S‑ACC155,10,0.9903,0,0.0606,1,0.9955,0,0,True,LEADING-SIM-V0.1
S‑ACC155,11,0.9861,0,0.0161,0,0.998,0,0,True,LEADING-SIM-V0.1
S‑ACC155,12,0.9886,0,0.0364,0,0.9971,0,0,True,LEADING-SIM-V0.1
S‑ACC155,13,0.9815,0,0.0235,0,0.9974,0,0,True,LEADING-SIM-V0.1
S‑ACC155,14,0.9831,0,0.0139,0,0.9948,0,0,True,LEADING-SIM-V0.1
S‑ACC155,15,0.9997,0,0.0369,0,0.9965,0,0,True,LEADING-SIM-V0.1
S‑ACC155,16,0.9851,0,0.0561,0,0.9945,0,0,True,LEADING-SIM-V0.1
S‑ACC155,17,0.9958,0,0.037,0,0.9936,0,0,True,LEADING-SIM-V0.1
S‑ACC155,18,0.9839,0,0.0094,1,0.9981,0,0,True,LEADING-SIM-V0.1
S‑ACC155,19,0.9843,0,0.0622,0,0.9966,0,0,True,LEADING-SIM-V0.1
S‑ACC155,20,0.9748,2,0.08,3,0.9976,0,0,True,LEADING-SIM-V0.1
S‑ACC155,21,0.9675,3,0.0814,4,0.9995,1,0,True,LEADING-SIM-V0.1
S‑ACC155,22,0.9505,6,0.1171,4,0.9973,1,0,True,LEADING-SIM-V0.1
S‑ACC155,23,0.9329,6,0.2699,5,0.9962,1,0,True,LEADING-SIM-V0.1
S‑ACC155,24,0.9756,0,0.0429,0,0.997,0,0,True,LEADING-SIM-V0.1
S‑ACC155,25,0.9845,0,0.0463,0,0.9995,0,0,True,LEADING-SIM-V0.1
S‑ACC155,26,0.9847,0,0.019,0,0.9962,0,0,True,LEADING-SIM-V0.1
S‑ACC155,27,0.9814,0,0.019,0,0.9958,0,0,True,LEADING-SIM-V0.1
S‑ACC155,28,0.987,0,0.0231,2,0.9986,0,0,True,LEADING-SIM-V0.1
S‑ACC155,29,0.9863,0,0.01,1,0.9957,0,0,True,LEADING-SIM-V0.1
S‑ACC155,30,0.9817,0,0.002,1,0.9965,0,0,True,LEADING-SIM-V0.1
S‑ACC155,31,0.9802,0,0.0069,1,0.9995,0,0,True,LEADING-SIM-V0.1
S‑ACC155,32,0.9868,0,0.0113,0,0.9966,1,0,True,LEADING-SIM-V0.1
S‑ACC155,33,0.9866,0,0.0639,0,0.9953,0,0,True,LEADING-SIM-V0.1
S‑ACC155,34,0.992,0,0.0148,1,0.9972,1,0,True,LEADING-SIM-V0.1
S‑ACC155,35,0.9823,0,0.0117,1,0.9973,0,0,True,LEADING-SIM-V0.1
S‑ACC155,36,0.9945,0,0.0245,0,0.9971,0,0,True,LEADING-SIM-V0.1
S‑ACC155,37,0.978,0,0.0205,0,0.9991,0,0,True,LEADING-SIM-V0.1
S‑ACC155,38,0.9877,0,0.0139,0,0.998,0,0,True,LEADING-SIM-V0.1
S‑ACC155,39,0.9839,0,0.0003,0,0.9968,0,0,True,LEADING-SIM-V0.1
S‑ACC155,40,0.9821,0,0.0234,1,0.9981,0,0,True,LEADING-SIM-V0.1
S‑ACC155,41,0.9873,0,0.0821,0,0.9944,0,0,True,LEADING-SIM-V0.1
S‑ACC155,42,0.9887,0,0.104,0,0.9986,0,0,True,LEADING-SIM-V0.1
S‑ACC155,43,0.9992,1,0.0296,0,0.9954,0,0,True,LEADING-SIM-V0.1
S‑ACC155,44,0.9839,0,0.0195,0,0.9969,0,0,True,LEADING-SIM-V0.1
S‑ACC155,45,0.9817,0,0.0234,1,0.9966,0,0,True,LEADING-SIM-V0.1
S‑ACC155,46,0.9927,0,0.0238,0,0.9969,0,0,True,LEADING-SIM-V0.1
S‑ACC155,47,0.989,0,0.015,0,0.9964,0,0,True,LEADING-SIM-V0.1
S‑ACC155,48,0.9871,0,0.0422,0,0.9956,0,0,True,LEADING-SIM-V0.1
S‑ACC155,49,0.9864,0,0.0034,0,0.9987,0,0,True,LEADING-SIM-V0.1
S‑ACC155,50,0.9789,0,0.1265,0,0.9994,0,0,True,LEADING-SIM-V0.1
S‑ACC155,51,0.9822,0,0.0027,0,0.9969,0,0,True,LEADING-SIM-V0.1
S‑ACC155,52,0.9877,0,0.0342,0,0.9972,0,0,True,LEADING-SIM-V0.1
S‑ACC156,1,0.9825,0,0.0609,0,0.995,0,0,True,LEADING-SIM-V0.1
S‑ACC156,2,0.982,0,0.0165,0,0.9959,0,0,True,LEADING-SIM-V0.1
S‑ACC156,3,0.9822,0,0.0636,0,0.9971,0,0,True,LEADING-SIM-V0.1
S‑ACC156,4,0.9919,0,0.0526,1,0.9972,0,0,True,LEADING-SIM-V0.1
S‑ACC156,5,0.9788,0,0.1232,0,0.9964,0,0,True,LEADING-SIM-V0.1
S‑ACC156,6,0.9851,0,0.0157,0,0.998,0,0,True,LEADING-SIM-V0.1
S‑ACC156,7,0.9781,2,0.0803,2,0.9955,0,0,True,LEADING-SIM-V0.1
S‑ACC156,8,0.9751,0,0.0365,0,0.9973,0,0,True,LEADING-SIM-V0.1
S‑ACC156,9,0.987,0,0.002,0,0.9975,0,0,True,LEADING-SIM-V0.1
S‑ACC156,10,0.9874,0,0.0119,0,1.0,0,0,True,LEADING-SIM-V0.1
S‑ACC156,11,0.9845,0,0.0228,0,0.9977,0,0,True,LEADING-SIM-V0.1
S‑ACC156,12,0.994,0,0.052,1,0.9971,0,0,True,LEADING-SIM-V0.1
S‑ACC156,13,0.9828,0,0.0015,0,0.9988,0,0,True,LEADING-SIM-V0.1
S‑ACC156,14,0.9935,1,0.02,0,0.9976,1,0,True,LEADING-SIM-V0.1
S‑ACC156,15,0.9917,0,0.0276,0,1.0,0,0,True,LEADING-SIM-V0.1
S‑ACC156,16,0.9898,0,0.0269,0,0.9973,0,0,True,LEADING-SIM-V0.1
S‑ACC156,17,0.9832,0,0.0071,0,0.9978,0,0,True,LEADING-SIM-V0.1
S‑ACC156,18,0.9785,0,0.0105,0,0.9953,0,0,True,LEADING-SIM-V0.1
S‑ACC156,19,0.9811,0,0.0345,2,0.9967,0,0,True,LEADING-SIM-V0.1
S‑ACC156,20,0.9804,2,0.0203,1,0.9958,0,0,True,LEADING-SIM-V0.1
S‑ACC156,21,0.9673,3,0.0171,3,0.9925,1,1,True,LEADING-SIM-V0.1
S‑ACC156,22,0.9516,4,0.0368,3,0.9905,1,0,True,LEADING-SIM-V0.1
S‑ACC156,23,0.9463,5,0.0045,5,0.9865,1,0,True,LEADING-SIM-V0.1
S‑ACC156,24,0.9845,0,0.0058,0,0.995,0,0,True,LEADING-SIM-V0.1
S‑ACC156,25,0.9792,1,0.0433,0,0.9995,0,0,True,LEADING-SIM-V0.1
S‑ACC156,26,0.9808,0,0.0417,0,0.9973,0,0,True,LEADING-SIM-V0.1
S‑ACC156,27,0.9821,0,0.0226,0,0.9991,0,0,True,LEADING-SIM-V0.1
S‑ACC156,28,0.9884,0,0.0139,0,0.9981,0,0,True,LEADING-SIM-V0.1
S‑ACC156,29,0.9792,0,0.0615,1,0.9979,0,0,True,LEADING-SIM-V0.1
S‑ACC156,30,0.9905,0,0.01,0,0.995,0,0,True,LEADING-SIM-V0.1
S‑ACC156,31,0.989,0,0.0372,0,0.9987,0,0,True,LEADING-SIM-V0.1
S‑ACC156,32,0.9959,0,0.0357,1,0.9949,0,0,True,LEADING-SIM-V0.1
S‑ACC156,33,0.9955,1,0.0067,1,0.9953,0,0,True,LEADING-SIM-V0.1
S‑ACC156,34,0.9958,0,0.0386,0,0.9974,0,0,True,LEADING-SIM-V0.1
S‑ACC156,35,0.9899,0,0.0396,1,0.9974,0,1,True,LEADING-SIM-V0.1
S‑ACC156,36,0.9933,1,0.0157,2,0.9946,0,0,True,LEADING-SIM-V0.1
S‑ACC156,37,0.9847,0,0.0483,1,0.9987,0,0,True,LEADING-SIM-V0.1
S‑ACC156,38,0.9887,0,0.15,0,0.9965,0,0,True,LEADING-SIM-V0.1
S‑ACC156,39,0.9922,0,0.0239,0,0.9963,0,0,True,LEADING-SIM-V0.1
S‑ACC156,40,0.9838,0,0.0444,0,0.9935,0,0,True,LEADING-SIM-V0.1
S‑ACC156,41,0.9847,0,0.0072,1,0.9964,0,0,True,LEADING-SIM-V0.1
S‑ACC156,42,0.9873,0,0.0588,1,0.9967,0,0,True,LEADING-SIM-V0.1
S‑ACC156,43,0.9846,0,0.0266,0,0.9945,0,0,True,LEADING-SIM-V0.1
S‑ACC156,44,0.9907,0,0.0002,0,0.9947,0,0,True,LEADING-SIM-V0.1
S‑ACC156,45,0.9914,0,0.05,0,0.9973,0,0,True,LEADING-SIM-V0.1
S‑ACC156,46,0.9713,0,0.0255,0,0.9978,0,0,True,LEADING-SIM-V0.1
S‑ACC156,47,0.9837,0,0.0858,0,0.9982,0,0,True,LEADING-SIM-V0.1
S‑ACC156,48,0.9866,0,0.101,0,0.9991,0,0,True,LEADING-SIM-V0.1
S‑ACC156,49,0.9771,0,0.0688,0,0.9949,0,0,True,LEADING-SIM-V0.1
S‑ACC156,50,0.9881,0,0.1329,0,0.9981,0,0,True,LEADING-SIM-V0.1
S‑ACC156,51,0.9856,0,0.0059,0,0.9937,0,0,True,LEADING-SIM-V0.1
S‑ACC156,52,0.9872,0,0.0373,0,0.997,0,0,True,LEADING-SIM-V0.1
S‑ACC157,1,0.9678,0,0.041,1,0.9947,0,0,True,LEADING-SIM-V0.1
S‑ACC157,2,0.9824,0,0.0521,0,0.9985,0,0,True,LEADING-SIM-V0.1
S‑ACC157,3,0.9817,0,0.0103,0,0.9977,0,0,True,LEADING-SIM-V0.1
S‑ACC157,4,0.9894,0,0.0174,1,0.9961,0,0,True,LEADING-SIM-V0.1
S‑ACC157,5,0.9935,0,0.0299,2,0.9962,0,0,True,LEADING-SIM-V0.1
S‑ACC157,6,0.9874,0,0.0518,0,0.9937,0,0,True,LEADING-SIM-V0.1
S‑ACC157,7,0.985,0,0.1281,0,0.9959,0,0,True,LEADING-SIM-V0.1
S‑ACC157,8,0.9937,0,0.0539,0,0.9991,0,0,True,LEADING-SIM-V0.1
S‑ACC157,9,0.9904,0,0.0735,0,0.9998,0,0,True,LEADING-SIM-V0.1
S‑ACC157,10,0.977,0,0.0191,0,0.9968,0,0,True,LEADING-SIM-V0.1
S‑ACC157,11,0.988,0,0.0237,1,0.9969,0,0,True,LEADING-SIM-V0.1
S‑ACC157,12,0.9807,1,0.15,0,0.9978,0,0,True,LEADING-SIM-V0.1
S‑ACC157,13,0.9998,0,0.0012,0,0.9953,0,0,True,LEADING-SIM-V0.1
S‑ACC157,14,0.9885,0,0.0868,0,0.9991,0,0,True,LEADING-SIM-V0.1
S‑ACC157,15,0.9874,0,0.0407,0,0.9964,0,0,True,LEADING-SIM-V0.1
S‑ACC157,16,0.9858,0,0.0594,1,0.9947,0,0,True,LEADING-SIM-V0.1
S‑ACC157,17,0.9782,1,0.0212,0,0.9976,0,0,True,LEADING-SIM-V0.1
S‑ACC157,18,0.9775,0,0.0019,1,0.9969,0,0,True,LEADING-SIM-V0.1
S‑ACC157,19,0.9832,0,0.0156,0,0.996,0,1,True,LEADING-SIM-V0.1
S‑ACC157,20,0.9856,2,0.0391,2,0.9959,0,0,True,LEADING-SIM-V0.1
S‑ACC157,21,0.9577,3,0.004,3,0.9988,1,1,True,LEADING-SIM-V0.1
S‑ACC157,22,0.9468,5,0.0048,5,0.9989,1,1,True,LEADING-SIM-V0.1
S‑ACC157,23,0.9342,7,0.0958,6,0.999,1,1,True,LEADING-SIM-V0.1
S‑ACC157,24,0.981,0,0.0384,2,0.998,0,0,True,LEADING-SIM-V0.1
S‑ACC157,25,0.9815,0,0.0412,0,0.9972,0,0,True,LEADING-SIM-V0.1
S‑ACC157,26,0.9807,1,0.0454,0,0.9971,0,0,True,LEADING-SIM-V0.1
S‑ACC157,27,0.9746,0,0.0683,0,0.9951,0,0,True,LEADING-SIM-V0.1
S‑ACC157,28,0.9854,0,0.098,1,0.9999,0,0,True,LEADING-SIM-V0.1
S‑ACC157,29,0.9883,0,0.0588,0,0.9989,0,0,True,LEADING-SIM-V0.1
S‑ACC157,30,0.992,0,0.0258,0,0.9977,0,0,True,LEADING-SIM-V0.1
S‑ACC157,31,0.9814,1,0.0042,1,1.0,0,0,True,LEADING-SIM-V0.1
S‑ACC157,32,0.9826,0,0.0349,0,0.9965,0,0,True,LEADING-SIM-V0.1
S‑ACC157,33,0.9846,0,0.0533,2,0.9947,0,0,True,LEADING-SIM-V0.1
S‑ACC157,34,0.9842,0,0.0239,0,0.9984,0,0,True,LEADING-SIM-V0.1
S‑ACC157,35,0.978,0,0.1299,0,0.9988,0,0,True,LEADING-SIM-V0.1
S‑ACC157,36,0.9792,0,0.0251,0,0.9979,0,0,True,LEADING-SIM-V0.1
S‑ACC157,37,0.9966,0,0.0465,0,0.9984,0,0,True,LEADING-SIM-V0.1
S‑ACC157,38,0.9874,0,0.0571,0,0.998,0,0,True,LEADING-SIM-V0.1
S‑ACC157,39,0.9839,0,0.0554,1,0.9949,0,0,True,LEADING-SIM-V0.1
S‑ACC157,40,0.9862,0,0.0031,2,0.9969,0,0,True,LEADING-SIM-V0.1
S‑ACC157,41,0.9797,1,0.0706,0,0.996,0,0,True,LEADING-SIM-V0.1
S‑ACC157,42,0.9877,1,0.0799,1,0.999,0,0,True,LEADING-SIM-V0.1
S‑ACC157,43,0.9836,1,0.0424,0,0.9982,0,0,True,LEADING-SIM-V0.1
S‑ACC157,44,0.9896,0,0.0815,1,0.9978,0,0,True,LEADING-SIM-V0.1
S‑ACC157,45,0.9767,0,0.0295,0,0.998,0,0,True,LEADING-SIM-V0.1
S‑ACC157,46,0.9858,0,0.0499,0,0.9974,0,0,True,LEADING-SIM-V0.1
S‑ACC157,47,0.9952,0,0.0703,1,0.9981,0,0,True,LEADING-SIM-V0.1
S‑ACC157,48,0.9689,0,0.0248,0,0.9948,0,0,True,LEADING-SIM-V0.1
S‑ACC157,49,0.9799,0,0.0782,0,0.9951,0,0,True,LEADING-SIM-V0.1
S‑ACC157,50,0.9896,0,0.0321,1,0.9957,0,0,True,LEADING-SIM-V0.1
S‑ACC157,51,0.9841,0,0.0479,0,0.996,0,0,True,LEADING-SIM-V0.1
S‑ACC157,52,0.9767,0,0.0176,0,0.9988,0,0,True,LEADING-SIM-V0.1
S‑ACC158,1,0.9789,0,0.0668,0,0.997,0,0,True,LEADING-SIM-V0.1
S‑ACC158,2,0.9825,0,0.0146,0,1.0,0,0,True,LEADING-SIM-V0.1
S‑ACC158,3,0.9811,0,0.012,0,0.9954,0,0,True,LEADING-SIM-V0.1
S‑ACC158,4,0.9817,0,0.0448,0,0.9994,0,0,True,LEADING-SIM-V0.1
S‑ACC158,5,0.9826,0,0.0029,1,0.9979,0,0,True,LEADING-SIM-V0.1
S‑ACC158,6,0.9856,0,0.0273,0,0.996,0,0,True,LEADING-SIM-V0.1
S‑ACC158,7,0.9772,0,0.0376,1,0.9976,0,0,True,LEADING-SIM-V0.1
S‑ACC158,8,0.9842,1,0.0199,1,0.995,0,0,True,LEADING-SIM-V0.1
S‑ACC158,9,0.9866,0,0.0155,0,1.0,0,0,True,LEADING-SIM-V0.1
S‑ACC158,10,0.9886,0,0.0479,0,0.9957,0,0,True,LEADING-SIM-V0.1
S‑ACC158,11,0.9905,0,0.007,0,0.9963,0,0,True,LEADING-SIM-V0.1
S‑ACC158,12,0.9848,0,0.0095,0,0.9993,0,0,True,LEADING-SIM-V0.1
S‑ACC158,13,0.9796,0,0.0051,0,0.9971,0,0,True,LEADING-SIM-V0.1
S‑ACC158,14,0.9757,0,0.0015,0,0.9949,0,0,True,LEADING-SIM-V0.1
S‑ACC158,15,0.978,0,0.0278,0,0.9957,0,0,True,LEADING-SIM-V0.1
S‑ACC158,16,0.9807,0,0.016,0,0.9992,0,0,True,LEADING-SIM-V0.1
S‑ACC158,17,0.9792,0,0.0388,0,0.9975,0,0,True,LEADING-SIM-V0.1
S‑ACC158,18,0.9887,0,0.0743,1,0.9953,0,0,True,LEADING-SIM-V0.1
S‑ACC158,19,0.9784,0,0.0253,1,0.9965,0,0,True,LEADING-SIM-V0.1
S‑ACC158,20,0.9963,0,0.0681,1,0.999,0,0,True,LEADING-SIM-V0.1
S‑ACC158,21,0.9886,0,0.0012,1,0.9968,0,0,True,LEADING-SIM-V0.1
S‑ACC158,22,0.9808,0,0.011,0,0.9959,0,0,True,LEADING-SIM-V0.1
S‑ACC158,23,0.9824,0,0.0156,0,0.998,0,0,True,LEADING-SIM-V0.1
S‑ACC158,24,0.9909,0,0.0067,0,0.9964,0,0,True,LEADING-SIM-V0.1
S‑ACC158,25,0.988,0,0.0437,1,0.9972,0,0,True,LEADING-SIM-V0.1
S‑ACC158,26,0.9865,0,0.0214,0,0.9965,0,0,True,LEADING-SIM-V0.1
S‑ACC158,27,0.9874,0,0.0692,0,0.9972,0,0,True,LEADING-SIM-V0.1
S‑ACC158,28,0.99,0,0.0813,0,0.9945,0,0,True,LEADING-SIM-V0.1
S‑ACC158,29,0.991,1,0.0099,0,0.997,0,0,True,LEADING-SIM-V0.1
S‑ACC158,30,0.9712,2,0.0322,2,0.994,0,0,True,LEADING-SIM-V0.1
S‑ACC158,31,0.9681,3,0.0472,4,0.9965,1,0,True,LEADING-SIM-V0.1
S‑ACC158,32,0.949,5,0.0019,5,0.995,1,0,True,LEADING-SIM-V0.1
S‑ACC158,33,0.9472,6,0.0249,6,0.9971,1,0,True,LEADING-SIM-V0.1
S‑ACC158,34,0.9867,1,0.0925,1,0.996,0,0,True,LEADING-SIM-V0.1
S‑ACC158,35,0.9826,0,0.0022,1,0.9978,0,0,True,LEADING-SIM-V0.1
S‑ACC158,36,0.9966,0,0.0184,0,0.9993,0,0,True,LEADING-SIM-V0.1
S‑ACC158,37,0.9755,2,0.0005,0,0.9977,0,0,True,LEADING-SIM-V0.1
S‑ACC158,38,0.9827,0,0.0612,0,0.9978,0,0,True,LEADING-SIM-V0.1
S‑ACC158,39,0.992,0,0.0085,0,0.9982,0,0,True,LEADING-SIM-V0.1
S‑ACC158,40,0.9937,0,0.0026,1,0.9946,0,0,True,LEADING-SIM-V0.1
S‑ACC158,41,0.9765,1,0.0027,2,1.0,0,0,True,LEADING-SIM-V0.1
S‑ACC158,42,0.9745,0,0.0089,0,0.9973,0,0,True,LEADING-SIM-V0.1
S‑ACC158,43,0.9772,0,0.0558,0,0.9993,0,0,True,LEADING-SIM-V0.1
S‑ACC158,44,0.9895,0,0.0039,0,0.994,0,0,True,LEADING-SIM-V0.1
S‑ACC158,45,0.9803,0,0.0451,1,0.9986,0,0,True,LEADING-SIM-V0.1
S‑ACC158,46,0.9902,0,0.0322,1,0.9964,0,0,True,LEADING-SIM-V0.1
S‑ACC158,47,0.982,0,0.0133,0,0.9966,0,0,True,LEADING-SIM-V0.1
S‑ACC158,48,0.9792,0,0.0562,0,0.9955,0,0,True,LEADING-SIM-V0.1
S‑ACC158,49,0.9805,0,0.01,1,0.9975,0,0,True,LEADING-SIM-V0.1
S‑ACC158,50,0.9755,1,0.1015,1,0.9991,0,0,True,LEADING-SIM-V0.1
S‑ACC158,51,0.9821,0,0.0066,0,0.9973,0,0,True,LEADING-SIM-V0.1
S‑ACC158,52,0.9712,0,0.0582,0,0.9973,0,0,True,LEADING-SIM-V0.1
S‑ACC159,1,0.9843,1,0.0216,0,1.0,0,0,True,LEADING-SIM-V0.1
S‑ACC159,2,0.9791,0,0.0328,0,0.9971,0,0,True,LEADING-SIM-V0.1
S‑ACC159,3,0.9801,1,0.0185,0,0.9952,0,0,True,LEADING-SIM-V0.1
S‑ACC159,4,0.9794,0,0.0469,0,0.9978,0,0,True,LEADING-SIM-V0.1
S‑ACC159,5,0.9869,0,0.0936,1,0.9969,0,0,True,LEADING-SIM-V0.1
S‑ACC159,6,0.9779,0,0.02,0,0.9961,0,0,True,LEADING-SIM-V0.1
S‑ACC159,7,0.991,0,0.0711,1,0.9976,0,0,True,LEADING-SIM-V0.1
S‑ACC159,8,0.9853,0,0.0053,0,0.9975,0,0,True,LEADING-SIM-V0.1
S‑ACC159,9,0.9772,0,0.0089,1,0.9947,0,0,True,LEADING-SIM-V0.1
S‑ACC159,10,0.9924,1,0.1367,0,0.9965,0,0,True,LEADING-SIM-V0.1
S‑ACC159,11,0.9881,0,0.0487,1,0.9969,0,0,True,LEADING-SIM-V0.1
S‑ACC159,12,0.9927,0,0.027,0,0.9971,0,0,True,LEADING-SIM-V0.1
S‑ACC159,13,0.9774,1,0.0097,0,0.9961,0,0,True,LEADING-SIM-V0.1
S‑ACC159,14,0.9764,0,0.0229,0,1.0,0,0,True,LEADING-SIM-V0.1
S‑ACC159,15,0.9853,0,0.0198,2,0.9945,0,0,True,LEADING-SIM-V0.1
S‑ACC159,16,0.9963,0,0.0119,1,0.9987,0,0,True,LEADING-SIM-V0.1
S‑ACC159,17,0.9916,0,0.0768,0,0.9962,0,0,True,LEADING-SIM-V0.1
S‑ACC159,18,0.9945,0,0.0581,0,0.9944,0,0,True,LEADING-SIM-V0.1
S‑ACC159,19,0.9869,0,0.0193,0,0.9985,0,0,True,LEADING-SIM-V0.1
S‑ACC159,20,0.989,0,0.0052,0,0.9963,0,0,True,LEADING-SIM-V0.1
S‑ACC159,21,0.9947,0,0.0345,0,0.9948,0,0,True,LEADING-SIM-V0.1
S‑ACC159,22,0.9866,0,0.046,0,0.9976,0,0,True,LEADING-SIM-V0.1
S‑ACC159,23,0.9787,0,0.0359,0,0.9971,0,0,True,LEADING-SIM-V0.1
S‑ACC159,24,0.9716,2,0.0249,4,0.9941,0,0,True,LEADING-SIM-V0.1
S‑ACC159,25,0.9613,3,0.063,3,0.9912,1,0,True,LEADING-SIM-V0.1
S‑ACC159,26,0.9487,5,0.0077,4,0.9879,2,0,True,LEADING-SIM-V0.1
S‑ACC159,27,0.9279,6,0.026,5,0.987,1,0,True,LEADING-SIM-V0.1
S‑ACC159,28,0.984,0,0.1165,0,0.9978,0,0,True,LEADING-SIM-V0.1
S‑ACC159,29,0.9896,2,0.0015,0,0.9981,0,0,True,LEADING-SIM-V0.1
S‑ACC159,30,0.9852,1,0.0013,0,0.9962,0,0,True,LEADING-SIM-V0.1
S‑ACC159,31,0.9952,0,0.0035,0,0.9967,0,0,True,LEADING-SIM-V0.1
S‑ACC159,32,0.9884,0,0.0056,0,0.9965,0,0,True,LEADING-SIM-V0.1
S‑ACC159,33,0.979,0,0.0501,0,0.998,0,0,True,LEADING-SIM-V0.1
S‑ACC159,34,0.9794,0,0.0141,1,0.9961,0,0,True,LEADING-SIM-V0.1
S‑ACC159,35,0.9711,0,0.028,1,0.9962,0,0,True,LEADING-SIM-V0.1
S‑ACC159,36,0.9799,0,0.0834,0,0.9989,0,0,True,LEADING-SIM-V0.1
S‑ACC159,37,0.9879,1,0.0206,1,0.9957,0,0,True,LEADING-SIM-V0.1
S‑ACC159,38,0.9958,0,0.1497,0,0.9974,0,0,True,LEADING-SIM-V0.1
S‑ACC159,39,0.9793,0,0.0267,0,0.9985,0,0,True,LEADING-SIM-V0.1
S‑ACC159,40,0.9837,1,0.0019,0,0.9967,0,0,True,LEADING-SIM-V0.1
S‑ACC159,41,0.9955,0,0.0073,0,0.9964,0,0,True,LEADING-SIM-V0.1
S‑ACC159,42,0.9851,0,0.0197,0,0.9967,0,0,True,LEADING-SIM-V0.1
S‑ACC159,43,0.9783,0,0.0099,0,0.9973,0,0,True,LEADING-SIM-V0.1
S‑ACC159,44,0.9811,1,0.032,0,0.9965,0,0,True,LEADING-SIM-V0.1
S‑ACC159,45,0.9862,0,0.0987,0,0.9963,0,0,True,LEADING-SIM-V0.1
S‑ACC159,46,0.9867,0,0.0328,0,0.9974,0,0,True,LEADING-SIM-V0.1
S‑ACC159,47,0.982,1,0.0606,1,0.9968,0,0,True,LEADING-SIM-V0.1
S‑ACC159,48,0.9838,0,0.053,0,0.9976,0,0,True,LEADING-SIM-V0.1
S‑ACC159,49,0.9889,0,0.067,0,0.9958,0,0,True,LEADING-SIM-V0.1
S‑ACC159,50,0.9991,0,0.0139,0,0.9977,0,0,True,LEADING-SIM-V0.1
S‑ACC159,51,0.9816,0,0.031,0,0.9982,0,0,True,LEADING-SIM-V0.1
S‑ACC159,52,0.9926,1,0.0104,1,0.9979,0,0,True,LEADING-SIM-V0.1
S‑ACC160,1,0.9856,0,0.0102,0,1.0,0,0,True,LEADING-SIM-V0.1
S‑ACC160,2,0.9943,1,0.0067,1,0.9944,0,0,True,LEADING-SIM-V0.1
S‑ACC160,3,0.978,0,0.0237,1,0.9945,0,0,True,LEADING-SIM-V0.1
S‑ACC160,4,0.9814,0,0.067,1,0.9981,0,0,True,LEADING-SIM-V0.1
S‑ACC160,5,0.9904,0,0.0296,0,0.9952,0,0,True,LEADING-SIM-V0.1
S‑ACC160,6,0.9871,0,0.0093,0,0.9959,0,0,True,LEADING-SIM-V0.1
S‑ACC160,7,0.9877,0,0.0076,0,0.9959,0,0,True,LEADING-SIM-V0.1
S‑ACC160,8,0.9835,0,0.0137,0,0.9996,0,0,True,LEADING-SIM-V0.1
S‑ACC160,9,0.9852,0,0.0028,0,0.9954,0,0,True,LEADING-SIM-V0.1
S‑ACC160,10,0.9745,1,0.0132,0,0.9977,0,0,True,LEADING-SIM-V0.1
S‑ACC160,11,0.9726,0,0.0253,0,1.0,0,0,True,LEADING-SIM-V0.1
S‑ACC160,12,0.9922,0,0.0218,0,0.996,0,0,True,LEADING-SIM-V0.1
S‑ACC160,13,0.9844,0,0.0319,0,0.9984,0,0,True,LEADING-SIM-V0.1
S‑ACC160,14,0.9784,0,0.0108,1,0.9998,0,0,True,LEADING-SIM-V0.1
S‑ACC160,15,0.9873,0,0.0155,0,0.9982,0,0,True,LEADING-SIM-V0.1
S‑ACC160,16,0.978,0,0.1105,1,0.9971,0,0,True,LEADING-SIM-V0.1
S‑ACC160,17,0.9748,0,0.0021,1,0.9949,0,0,True,LEADING-SIM-V0.1
S‑ACC160,18,0.9887,0,0.0027,0,0.9948,0,0,True,LEADING-SIM-V0.1
S‑ACC160,19,0.9941,1,0.0215,0,0.9979,0,0,True,LEADING-SIM-V0.1
S‑ACC160,20,0.9873,0,0.0111,0,0.998,0,0,True,LEADING-SIM-V0.1
S‑ACC160,21,0.9813,0,0.0273,0,0.9956,0,0,True,LEADING-SIM-V0.1
S‑ACC160,22,0.9896,0,0.0266,1,0.9964,1,0,True,LEADING-SIM-V0.1
S‑ACC160,23,0.9698,2,0.0131,3,0.9964,0,0,True,LEADING-SIM-V0.1
S‑ACC160,24,0.9574,3,0.0173,3,0.9929,1,0,True,LEADING-SIM-V0.1
S‑ACC160,25,0.9514,5,0.0168,5,0.9904,1,0,True,LEADING-SIM-V0.1
S‑ACC160,26,0.9383,6,0.0536,5,0.9844,1,0,True,LEADING-SIM-V0.1
S‑ACC160,27,0.9922,0,0.029,0,0.9985,0,0,True,LEADING-SIM-V0.1
S‑ACC160,28,0.9801,0,0.0092,0,0.9958,0,0,True,LEADING-SIM-V0.1
S‑ACC160,29,0.9779,0,0.0033,1,0.9964,1,0,True,LEADING-SIM-V0.1
S‑ACC160,30,0.984,0,0.0023,0,0.9942,0,0,True,LEADING-SIM-V0.1
S‑ACC160,31,0.9787,0,0.0151,0,0.9989,0,0,True,LEADING-SIM-V0.1
S‑ACC160,32,0.9914,1,0.0456,0,0.9947,0,0,True,LEADING-SIM-V0.1
S‑ACC160,33,0.9822,0,0.0226,0,0.9963,0,0,True,LEADING-SIM-V0.1
S‑ACC160,34,0.9887,0,0.0052,0,0.9978,0,0,True,LEADING-SIM-V0.1
S‑ACC160,35,0.9913,0,0.0432,0,0.9971,0,0,True,LEADING-SIM-V0.1
S‑ACC160,36,0.994,0,0.0176,1,0.9964,0,0,True,LEADING-SIM-V0.1
S‑ACC160,37,0.9833,1,0.0396,0,0.9939,0,0,True,LEADING-SIM-V0.1
S‑ACC160,38,0.9878,1,0.007,0,0.997,0,0,True,LEADING-SIM-V0.1
S‑ACC160,39,0.9945,0,0.0025,0,0.9973,0,0,True,LEADING-SIM-V0.1
S‑ACC160,40,0.9944,0,0.0645,0,0.9958,0,0,True,LEADING-SIM-V0.1
S‑ACC160,41,0.9766,1,0.0138,1,0.9962,0,0,True,LEADING-SIM-V0.1
S‑ACC160,42,0.9776,0,0.0514,0,0.9967,0,1,True,LEADING-SIM-V0.1
S‑ACC160,43,0.9761,1,0.0088,0,0.9997,0,0,True,LEADING-SIM-V0.1
S‑ACC160,44,0.9899,0,0.0149,0,0.9975,0,0,True,LEADING-SIM-V0.1
S‑ACC160,45,0.9889,0,0.014,1,0.9966,1,0,True,LEADING-SIM-V0.1
S‑ACC160,46,0.9822,0,0.0505,0,0.996,0,0,True,LEADING-SIM-V0.1
S‑ACC160,47,0.9678,0,0.0705,0,0.9976,1,0,True,LEADING-SIM-V0.1
S‑ACC160,48,0.9807,0,0.0071,0,0.9952,1,0,True,LEADING-SIM-V0.1
S‑ACC160,49,0.9706,1,0.0391,0,0.9963,0,0,True,LEADING-SIM-V0.1
S‑ACC160,50,0.984,1,0.0094,0,0.9957,0,0,True,LEADING-SIM-V0.1
S‑ACC160,51,0.9874,0,0.0457,0,0.9963,0,0,True,LEADING-SIM-V0.1
S‑ACC160,52,0.9809,0,0.0482,0,0.9965,0,0,True,LEADING-SIM-V0.1
S‑SUD161,1,0.9912,1,0.0618,0,0.9973,0,0,True,LEADING-SIM-V0.1
S‑SUD161,2,0.9777,1,0.0133,0,0.994,0,0,True,LEADING-SIM-V0.1
S‑SUD161,3,0.9796,0,0.027,1,0.9958,0,0,True,LEADING-SIM-V0.1
S‑SUD161,4,0.9876,0,0.0688,0,0.9978,0,0,True,LEADING-SIM-V0.1
S‑SUD161,5,0.9803,0,0.0309,0,0.9977,0,0,True,LEADING-SIM-V0.1
S‑SUD161,6,0.9751,0,0.022,0,0.9966,0,0,True,LEADING-SIM-V0.1
S‑SUD161,7,0.9854,0,0.0563,1,0.9959,0,0,True,LEADING-SIM-V0.1
S‑SUD161,8,0.9923,0,0.0097,1,0.9935,0,0,True,LEADING-SIM-V0.1
S‑SUD161,9,0.9854,1,0.0082,1,0.9986,0,0,True,LEADING-SIM-V0.1
S‑SUD161,10,0.9852,1,0.0053,0,0.9977,0,0,True,LEADING-SIM-V0.1
S‑SUD161,11,0.9862,0,0.038,0,0.9969,0,0,True,LEADING-SIM-V0.1
S‑SUD161,12,0.9801,0,0.0991,0,1.0,0,0,True,LEADING-SIM-V0.1
S‑SUD161,13,0.9823,0,0.0458,0,0.9986,0,0,True,LEADING-SIM-V0.1
S‑SUD161,14,0.9815,1,0.0767,0,0.9985,0,0,True,LEADING-SIM-V0.1
S‑SUD161,15,0.9858,0,0.0136,0,0.9977,0,0,True,LEADING-SIM-V0.1
S‑SUD161,16,0.9816,0,0.0331,0,0.9939,0,0,True,LEADING-SIM-V0.1
S‑SUD161,17,0.99,0,0.0008,1,0.9989,0,0,True,LEADING-SIM-V0.1
S‑SUD161,18,0.9759,0,0.0276,0,0.9971,0,0,True,LEADING-SIM-V0.1
S‑SUD161,19,0.9746,0,0.0055,1,0.9965,0,0,True,LEADING-SIM-V0.1
S‑SUD161,20,0.9882,0,0.0298,0,0.9972,0,0,True,LEADING-SIM-V0.1
S‑SUD161,21,0.9858,0,0.0139,0,0.9969,0,0,True,LEADING-SIM-V0.1
S‑SUD161,22,0.9878,0,0.084,0,0.9958,0,0,True,LEADING-SIM-V0.1
S‑SUD161,23,0.9864,0,0.0056,0,0.9953,0,0,True,LEADING-SIM-V0.1
S‑SUD161,24,0.9749,0,0.0046,0,0.9958,0,0,True,LEADING-SIM-V0.1
S‑SUD161,25,0.9895,0,0.0345,0,0.9982,0,0,True,LEADING-SIM-V0.1
S‑SUD161,26,0.9761,0,0.0009,3,0.9974,1,0,True,LEADING-SIM-V0.1
S‑SUD161,27,0.9812,0,0.0429,1,0.9956,0,0,True,LEADING-SIM-V0.1
S‑SUD161,28,0.9944,0,0.0859,0,0.9963,0,0,True,LEADING-SIM-V0.1
S‑SUD161,29,0.9755,0,0.0377,0,0.9982,1,0,True,LEADING-SIM-V0.1
S‑SUD161,30,0.9983,0,0.0065,0,0.9975,0,0,True,LEADING-SIM-V0.1
S‑SUD161,31,0.9818,0,0.0511,0,0.9976,0,0,True,LEADING-SIM-V0.1
S‑SUD161,32,0.9796,0,0.0695,1,0.998,0,0,True,LEADING-SIM-V0.1
S‑SUD161,33,0.9819,0,0.0127,0,0.9987,0,0,True,LEADING-SIM-V0.1
S‑SUD161,34,0.9856,0,0.0431,1,0.995,0,0,True,LEADING-SIM-V0.1
S‑SUD161,35,0.9842,0,0.0341,0,0.9999,0,0,True,LEADING-SIM-V0.1
S‑SUD161,36,0.9866,0,0.049,0,0.9967,0,1,True,LEADING-SIM-V0.1
S‑SUD161,37,0.9881,0,0.0002,0,0.9985,0,0,True,LEADING-SIM-V0.1
S‑SUD161,38,0.9742,3,0.015,2,0.992,0,0,True,LEADING-SIM-V0.1
S‑SUD161,39,0.9612,6,0.0427,3,0.9921,1,0,True,LEADING-SIM-V0.1
S‑SUD161,40,0.9513,5,0.0249,4,0.9889,1,0,True,LEADING-SIM-V0.1
S‑SUD161,41,0.9277,6,0.0968,6,0.9872,1,0,True,LEADING-SIM-V0.1
S‑SUD161,42,0.9883,0,0.024,0,0.9985,0,0,True,LEADING-SIM-V0.1
S‑SUD161,43,0.9893,0,0.0328,0,0.9982,0,0,True,LEADING-SIM-V0.1
S‑SUD161,44,0.9854,1,0.0212,0,0.9987,0,0,True,LEADING-SIM-V0.1
S‑SUD161,45,0.9794,0,0.0204,1,0.9955,0,0,True,LEADING-SIM-V0.1
S‑SUD161,46,0.9833,1,0.0885,0,0.9996,0,0,True,LEADING-SIM-V0.1
S‑SUD161,47,0.9806,0,0.077,1,0.9985,0,0,True,LEADING-SIM-V0.1
S‑SUD161,48,0.982,0,0.0409,1,0.9985,0,0,True,LEADING-SIM-V0.1
S‑SUD161,49,0.99,0,0.0321,0,0.9977,0,0,True,LEADING-SIM-V0.1
S‑SUD161,50,0.9839,0,0.0297,0,0.9968,0,0,True,LEADING-SIM-V0.1
S‑SUD161,51,0.9827,1,0.0181,0,0.9966,0,0,True,LEADING-SIM-V0.1
S‑SUD161,52,0.9943,1,0.0894,0,0.9957,0,0,True,LEADING-SIM-V0.1
S‑SUD162,1,0.9889,0,0.0155,1,0.9963,0,0,True,LEADING-SIM-V0.1
S‑SUD162,2,0.9765,0,0.002,0,0.9965,0,0,True,LEADING-SIM-V0.1
S‑SUD162,3,0.9881,0,0.0013,1,0.9968,0,0,True,LEADING-SIM-V0.1
S‑SUD162,4,0.984,0,0.0664,0,0.9963,0,0,True,LEADING-SIM-V0.1
S‑SUD162,5,0.9902,0,0.0164,1,0.9983,0,0,True,LEADING-SIM-V0.1
S‑SUD162,6,0.9845,0,0.0037,0,0.9963,0,0,True,LEADING-SIM-V0.1
S‑SUD162,7,0.9874,0,0.0162,1,0.9981,0,0,True,LEADING-SIM-V0.1
S‑SUD162,8,0.9859,0,0.0051,0,0.9989,0,0,True,LEADING-SIM-V0.1
S‑SUD162,9,0.9807,0,0.071,0,1.0,0,0,True,LEADING-SIM-V0.1
S‑SUD162,10,0.9854,1,0.0131,0,0.9966,0,0,True,LEADING-SIM-V0.1
S‑SUD162,11,0.9947,0,0.0772,0,0.9996,0,0,True,LEADING-SIM-V0.1
S‑SUD162,12,0.9854,0,0.014,0,0.9966,0,0,True,LEADING-SIM-V0.1
S‑SUD162,13,0.9834,0,0.0203,0,0.9989,0,0,True,LEADING-SIM-V0.1
S‑SUD162,14,0.9816,0,0.0428,0,0.9991,0,0,True,LEADING-SIM-V0.1
S‑SUD162,15,0.9873,0,0.0043,0,0.9961,0,0,True,LEADING-SIM-V0.1
S‑SUD162,16,0.9838,0,0.0306,0,0.9996,0,0,True,LEADING-SIM-V0.1
S‑SUD162,17,0.9979,0,0.0523,1,0.9956,0,0,True,LEADING-SIM-V0.1
S‑SUD162,18,0.9802,0,0.013,1,0.9954,0,0,True,LEADING-SIM-V0.1
S‑SUD162,19,0.9775,0,0.011,0,0.9985,0,0,True,LEADING-SIM-V0.1
S‑SUD162,20,0.9839,0,0.0549,2,0.9978,0,0,True,LEADING-SIM-V0.1
S‑SUD162,21,0.9842,0,0.0175,0,0.9966,0,0,True,LEADING-SIM-V0.1
S‑SUD162,22,0.9936,1,0.0192,1,0.9967,0,0,True,LEADING-SIM-V0.1
S‑SUD162,23,0.9846,0,0.0376,0,0.9976,0,0,True,LEADING-SIM-V0.1
S‑SUD162,24,0.98,0,0.0104,1,0.9988,0,0,True,LEADING-SIM-V0.1
S‑SUD162,25,0.9844,0,0.0347,0,0.9982,0,0,True,LEADING-SIM-V0.1
S‑SUD162,26,0.984,0,0.019,1,0.9978,0,0,True,LEADING-SIM-V0.1
S‑SUD162,27,0.9737,2,0.0118,1,0.9958,0,0,True,LEADING-SIM-V0.1
S‑SUD162,28,0.9861,0,0.0045,0,0.9971,0,0,True,LEADING-SIM-V0.1
S‑SUD162,29,0.9893,0,0.0198,0,0.9952,0,0,True,LEADING-SIM-V0.1
S‑SUD162,30,0.9903,0,0.0375,1,0.995,0,0,True,LEADING-SIM-V0.1
S‑SUD162,31,0.9925,0,0.072,1,1.0,0,0,True,LEADING-SIM-V0.1
S‑SUD162,32,0.9811,0,0.0053,0,0.9984,0,0,True,LEADING-SIM-V0.1
S‑SUD162,33,0.9873,0,0.031,0,0.9949,0,0,True,LEADING-SIM-V0.1
S‑SUD162,34,0.9906,0,0.0531,0,0.999,0,0,True,LEADING-SIM-V0.1
S‑SUD162,35,0.9732,2,0.0307,4,0.9958,0,0,True,LEADING-SIM-V0.1
S‑SUD162,36,0.9637,3,0.0058,3,0.9914,1,0,True,LEADING-SIM-V0.1
S‑SUD162,37,0.9522,5,0.0157,5,0.9887,1,0,True,LEADING-SIM-V0.1
S‑SUD162,38,0.9354,6,0.0396,5,0.9845,1,0,True,LEADING-SIM-V0.1
S‑SUD162,39,0.9761,0,0.0262,0,0.9967,0,0,True,LEADING-SIM-V0.1
S‑SUD162,40,0.9823,0,0.0005,1,0.9971,0,0,True,LEADING-SIM-V0.1
S‑SUD162,41,0.9902,1,0.037,1,0.9973,0,0,True,LEADING-SIM-V0.1
S‑SUD162,42,0.9796,0,0.0648,1,0.9971,0,0,True,LEADING-SIM-V0.1
S‑SUD162,43,0.9862,0,0.0639,0,0.9954,0,0,True,LEADING-SIM-V0.1
S‑SUD162,44,0.992,0,0.0012,1,0.9975,0,0,True,LEADING-SIM-V0.1
S‑SUD162,45,0.9709,0,0.0375,1,0.9961,0,0,True,LEADING-SIM-V0.1
S‑SUD162,46,0.9876,0,0.0068,0,0.9973,0,0,True,LEADING-SIM-V0.1
S‑SUD162,47,0.9812,0,0.0221,1,0.9978,0,0,True,LEADING-SIM-V0.1
S‑SUD162,48,0.9866,0,0.0278,0,0.9993,0,0,True,LEADING-SIM-V0.1
S‑SUD162,49,0.9737,0,0.017,0,0.995,0,0,True,LEADING-SIM-V0.1
S‑SUD162,50,0.9868,0,0.0578,0,0.9967,0,0,True,LEADING-SIM-V0.1
S‑SUD162,51,0.983,0,0.0469,0,0.9964,1,0,True,LEADING-SIM-V0.1
S‑SUD162,52,0.9891,0,0.0429,0,0.9996,0,0,True,LEADING-SIM-V0.1
S‑SUD163,1,0.9881,0,0.043,0,0.993,0,0,True,LEADING-SIM-V0.1
S‑SUD163,2,0.9749,0,0.0079,0,0.9971,0,0,True,LEADING-SIM-V0.1
S‑SUD163,3,0.9824,0,0.011,0,0.9956,0,0,True,LEADING-SIM-V0.1
S‑SUD163,4,0.9825,0,0.0028,0,0.9968,0,0,True,LEADING-SIM-V0.1
S‑SUD163,5,0.9789,0,0.0121,0,0.9936,0,0,True,LEADING-SIM-V0.1
S‑SUD163,6,0.9827,0,0.0255,1,0.9954,0,0,True,LEADING-SIM-V0.1
S‑SUD163,7,0.9869,0,0.041,0,0.9964,0,0,True,LEADING-SIM-V0.1
S‑SUD163,8,0.9804,0,0.0226,0,0.9993,0,0,True,LEADING-SIM-V0.1
S‑SUD163,9,0.9844,1,0.0025,0,0.9972,0,0,True,LEADING-SIM-V0.1
S‑SUD163,10,0.9874,0,0.0207,0,0.9942,0,0,True,LEADING-SIM-V0.1
S‑SUD163,11,0.9776,0,0.0089,1,0.9982,0,0,True,LEADING-SIM-V0.1
S‑SUD163,12,0.983,0,0.0364,1,0.9976,0,0,True,LEADING-SIM-V0.1
S‑SUD163,13,0.9857,0,0.0114,0,0.9963,0,0,True,LEADING-SIM-V0.1
S‑SUD163,14,0.9757,0,0.0063,1,0.9963,0,0,True,LEADING-SIM-V0.1
S‑SUD163,15,0.9882,0,0.067,0,0.9991,0,0,True,LEADING-SIM-V0.1
S‑SUD163,16,0.9803,0,0.0365,0,0.9975,0,0,True,LEADING-SIM-V0.1
S‑SUD163,17,0.9837,0,0.0317,2,0.9999,0,0,True,LEADING-SIM-V0.1
S‑SUD163,18,0.991,0,0.0268,0,0.9964,0,0,True,LEADING-SIM-V0.1
S‑SUD163,19,0.9911,0,0.0076,1,0.9963,0,0,True,LEADING-SIM-V0.1
S‑SUD163,20,0.9959,0,0.0712,1,0.9976,0,0,True,LEADING-SIM-V0.1
S‑SUD163,21,0.9875,0,0.0317,0,0.9969,0,0,True,LEADING-SIM-V0.1
S‑SUD163,22,0.9758,0,0.0427,1,0.9966,0,0,True,LEADING-SIM-V0.1
S‑SUD163,23,0.9949,0,0.0089,1,0.9969,0,0,True,LEADING-SIM-V0.1
S‑SUD163,24,0.9885,1,0.0556,0,0.9959,0,0,True,LEADING-SIM-V0.1
S‑SUD163,25,0.9751,0,0.0195,1,0.9966,0,0,True,LEADING-SIM-V0.1
S‑SUD163,26,0.9829,0,0.002,0,0.9967,0,0,True,LEADING-SIM-V0.1
S‑SUD163,27,0.9904,1,0.0297,0,0.9976,0,0,True,LEADING-SIM-V0.1
S‑SUD163,28,0.9848,1,0.0299,0,0.9981,0,0,True,LEADING-SIM-V0.1
S‑SUD163,29,0.9773,0,0.0598,1,0.9971,0,0,True,LEADING-SIM-V0.1
S‑SUD163,30,0.9851,0,0.0524,1,0.9994,0,0,True,LEADING-SIM-V0.1
S‑SUD163,31,0.9853,1,0.0161,0,0.9977,1,0,True,LEADING-SIM-V0.1
S‑SUD163,32,0.9858,0,0.0069,0,0.9971,0,0,True,LEADING-SIM-V0.1
S‑SUD163,33,0.9869,0,0.0343,0,0.9953,0,0,True,LEADING-SIM-V0.1
S‑SUD163,34,0.974,3,0.0379,3,0.9953,0,0,True,LEADING-SIM-V0.1
S‑SUD163,35,0.9653,4,0.0752,3,0.9902,1,0,True,LEADING-SIM-V0.1
S‑SUD163,36,0.9461,6,0.0667,5,0.9873,1,0,True,LEADING-SIM-V0.1
S‑SUD163,37,0.9302,8,0.0087,7,0.9825,1,0,True,LEADING-SIM-V0.1
S‑SUD163,38,0.9819,0,0.0069,1,0.9958,0,0,True,LEADING-SIM-V0.1
S‑SUD163,39,0.9867,0,0.0155,1,0.9972,0,0,True,LEADING-SIM-V0.1
S‑SUD163,40,0.9839,0,0.0927,0,0.9937,0,0,True,LEADING-SIM-V0.1
S‑SUD163,41,0.9874,0,0.0478,0,0.997,0,0,True,LEADING-SIM-V0.1
S‑SUD163,42,0.9919,0,0.0008,0,0.9967,0,0,True,LEADING-SIM-V0.1
S‑SUD163,43,0.9942,0,0.0536,0,0.9941,0,0,True,LEADING-SIM-V0.1
S‑SUD163,44,0.9785,0,0.107,0,0.9952,0,0,True,LEADING-SIM-V0.1
S‑SUD163,45,0.9838,0,0.0327,0,0.999,0,0,True,LEADING-SIM-V0.1
S‑SUD163,46,0.98,0,0.0147,1,0.9959,0,0,True,LEADING-SIM-V0.1
S‑SUD163,47,0.984,0,0.0398,0,0.9983,0,0,True,LEADING-SIM-V0.1
S‑SUD163,48,0.9837,1,0.032,0,0.9978,0,0,True,LEADING-SIM-V0.1
S‑SUD163,49,0.991,0,0.012,1,0.997,0,0,True,LEADING-SIM-V0.1
S‑SUD163,50,0.9847,0,0.0089,0,0.9977,0,0,True,LEADING-SIM-V0.1
S‑SUD163,51,0.9867,0,0.0367,0,0.9974,0,0,True,LEADING-SIM-V0.1
S‑SUD163,52,0.9725,0,0.0031,1,0.9976,0,0,True,LEADING-SIM-V0.1
S‑SUD164,1,0.9808,1,0.0916,0,0.9928,0,0,True,LEADING-SIM-V0.1
S‑SUD164,2,0.9862,0,0.1278,0,0.9974,0,0,True,LEADING-SIM-V0.1
S‑SUD164,3,0.9801,0,0.0083,0,0.9972,0,0,True,LEADING-SIM-V0.1
S‑SUD164,4,0.9863,0,0.0207,0,0.9976,0,0,True,LEADING-SIM-V0.1
S‑SUD164,5,0.9911,0,0.0427,1,0.9967,0,0,True,LEADING-SIM-V0.1
S‑SUD164,6,0.983,0,0.0231,0,0.9974,0,0,True,LEADING-SIM-V0.1
S‑SUD164,7,0.9856,0,0.0106,0,0.9964,0,0,True,LEADING-SIM-V0.1
S‑SUD164,8,0.9814,1,0.099,0,0.9968,0,0,True,LEADING-SIM-V0.1
S‑SUD164,9,0.991,0,0.0136,1,0.9959,0,0,True,LEADING-SIM-V0.1
S‑SUD164,10,0.9891,0,0.0984,0,0.9987,0,0,True,LEADING-SIM-V0.1
S‑SUD164,11,0.9914,1,0.0318,1,0.9947,0,0,True,LEADING-SIM-V0.1
S‑SUD164,12,0.9842,0,0.0271,0,0.9976,0,0,True,LEADING-SIM-V0.1
S‑SUD164,13,0.9988,0,0.0268,1,1.0,0,0,True,LEADING-SIM-V0.1
S‑SUD164,14,0.9827,0,0.0667,0,0.9951,0,0,True,LEADING-SIM-V0.1
S‑SUD164,15,0.9807,0,0.014,0,0.9985,0,0,True,LEADING-SIM-V0.1
S‑SUD164,16,0.9893,1,0.0373,1,0.9982,0,0,True,LEADING-SIM-V0.1
S‑SUD164,17,0.9851,0,0.0022,0,0.9972,0,0,True,LEADING-SIM-V0.1
S‑SUD164,18,0.9799,0,0.0518,0,0.9971,0,0,True,LEADING-SIM-V0.1
S‑SUD164,19,0.9876,0,0.0495,0,0.9946,0,0,True,LEADING-SIM-V0.1
S‑SUD164,20,0.9823,0,0.0883,1,0.9952,0,0,True,LEADING-SIM-V0.1
S‑SUD164,21,0.9806,0,0.0191,0,0.9975,0,0,True,LEADING-SIM-V0.1
S‑SUD164,22,0.9967,0,0.0129,0,0.9948,0,0,True,LEADING-SIM-V0.1
S‑SUD164,23,0.984,0,0.0334,0,0.9961,0,0,True,LEADING-SIM-V0.1
S‑SUD164,24,0.9886,0,0.0707,0,0.9953,0,0,True,LEADING-SIM-V0.1
S‑SUD164,25,0.9812,0,0.0781,0,0.9975,0,0,True,LEADING-SIM-V0.1
S‑SUD164,26,0.9895,1,0.0031,3,0.9947,1,0,True,LEADING-SIM-V0.1
S‑SUD164,27,0.9938,0,0.0127,0,0.9996,0,0,True,LEADING-SIM-V0.1
S‑SUD164,28,0.983,0,0.0133,0,0.9969,0,0,True,LEADING-SIM-V0.1
S‑SUD164,29,0.974,2,0.031,3,0.9941,0,0,True,LEADING-SIM-V0.1
S‑SUD164,30,0.9704,3,0.0616,4,0.9929,1,0,True,LEADING-SIM-V0.1
S‑SUD164,31,0.9406,5,0.0435,4,0.9858,1,0,True,LEADING-SIM-V0.1
S‑SUD164,32,0.9403,6,0.012,5,0.9855,1,0,True,LEADING-SIM-V0.1
S‑SUD164,33,0.9783,0,0.0077,0,0.9995,0,1,True,LEADING-SIM-V0.1
S‑SUD164,34,0.9926,0,0.0913,0,0.9964,0,0,True,LEADING-SIM-V0.1
S‑SUD164,35,0.9821,0,0.0087,1,0.9985,0,0,True,LEADING-SIM-V0.1
S‑SUD164,36,0.9846,0,0.0118,2,0.9975,0,0,True,LEADING-SIM-V0.1
S‑SUD164,37,0.9834,1,0.0205,0,0.9994,0,0,True,LEADING-SIM-V0.1
S‑SUD164,38,0.9881,0,0.0295,0,0.9995,0,0,True,LEADING-SIM-V0.1
S‑SUD164,39,0.9897,0,0.0222,0,0.9951,0,0,True,LEADING-SIM-V0.1
S‑SUD164,40,0.9835,0,0.0236,0,0.9998,0,0,True,LEADING-SIM-V0.1
S‑SUD164,41,0.9855,1,0.0246,0,0.9984,0,0,True,LEADING-SIM-V0.1
S‑SUD164,42,1.0,0,0.047,0,0.996,0,0,True,LEADING-SIM-V0.1
S‑SUD164,43,0.981,0,0.0061,0,0.9962,0,0,True,LEADING-SIM-V0.1
S‑SUD164,44,0.9943,0,0.0348,0,0.9963,0,0,True,LEADING-SIM-V0.1
S‑SUD164,45,0.9963,0,0.0137,0,0.9983,0,0,True,LEADING-SIM-V0.1
S‑SUD164,46,0.9902,0,0.0089,0,0.9955,0,0,True,LEADING-SIM-V0.1
S‑SUD164,47,0.9883,0,0.0052,0,0.9987,0,0,True,LEADING-SIM-V0.1
S‑SUD164,48,0.977,0,0.0425,0,0.9995,0,0,True,LEADING-SIM-V0.1
S‑SUD164,49,0.9844,0,0.0003,0,0.9982,0,0,True,LEADING-SIM-V0.1
S‑SUD164,50,0.9764,0,0.013,1,0.9948,0,0,True,LEADING-SIM-V0.1
S‑SUD164,51,0.9837,0,0.0265,0,0.9968,0,0,True,LEADING-SIM-V0.1
S‑SUD164,52,0.9819,0,0.0383,0,0.9972,0,0,True,LEADING-SIM-V0.1
S‑SUD165,1,0.9888,0,0.0097,1,0.9979,0,0,True,LEADING-SIM-V0.1
S‑SUD165,2,0.9807,1,0.0078,0,0.9964,0,0,True,LEADING-SIM-V0.1
S‑SUD165,3,0.986,1,0.019,0,0.9969,0,0,True,LEADING-SIM-V0.1
S‑SUD165,4,0.9849,0,0.0239,1,0.999,0,0,True,LEADING-SIM-V0.1
S‑SUD165,5,0.9898,0,0.0559,0,0.9963,0,0,True,LEADING-SIM-V0.1
S‑SUD165,6,0.9757,0,0.0864,0,0.9964,0,0,True,LEADING-SIM-V0.1
S‑SUD165,7,0.9723,0,0.0281,0,0.9971,0,0,True,LEADING-SIM-V0.1
S‑SUD165,8,0.9792,0,0.0326,0,0.9943,0,0,True,LEADING-SIM-V0.1
S‑SUD165,9,0.9851,0,0.0163,0,0.9977,0,0,True,LEADING-SIM-V0.1
S‑SUD165,10,0.9853,0,0.1113,0,0.9946,0,0,True,LEADING-SIM-V0.1
S‑SUD165,11,0.9891,0,0.0016,0,0.9953,0,0,True,LEADING-SIM-V0.1
S‑SUD165,12,0.987,0,0.0973,1,0.9982,0,0,True,LEADING-SIM-V0.1
S‑SUD165,13,0.9825,0,0.081,0,0.9977,0,0,True,LEADING-SIM-V0.1
S‑SUD165,14,0.9835,0,0.0165,0,0.996,0,0,True,LEADING-SIM-V0.1
S‑SUD165,15,0.9853,0,0.0345,3,0.9986,0,0,True,LEADING-SIM-V0.1
S‑SUD165,16,0.982,0,0.0258,0,0.9959,1,0,True,LEADING-SIM-V0.1
S‑SUD165,17,0.9857,0,0.0456,0,0.9988,0,0,True,LEADING-SIM-V0.1
S‑SUD165,18,0.9906,0,0.0184,0,0.9954,1,0,True,LEADING-SIM-V0.1
S‑SUD165,19,0.9903,0,0.0517,0,0.9952,0,0,True,LEADING-SIM-V0.1
S‑SUD165,20,0.9918,0,0.0159,0,0.9987,0,0,True,LEADING-SIM-V0.1
S‑SUD165,21,0.9831,0,0.0581,1,0.9971,0,0,True,LEADING-SIM-V0.1
S‑SUD165,22,0.9855,0,0.1023,0,0.9984,0,1,True,LEADING-SIM-V0.1
S‑SUD165,23,0.9676,2,0.0395,2,0.9951,0,0,True,LEADING-SIM-V0.1
S‑SUD165,24,0.9541,5,0.0047,3,0.9898,1,0,True,LEADING-SIM-V0.1
S‑SUD165,25,0.9407,6,0.0271,5,0.9867,1,0,True,LEADING-SIM-V0.1
S‑SUD165,26,0.921,8,0.1465,6,0.9822,2,0,True,LEADING-SIM-V0.1
S‑SUD165,27,0.9963,0,0.0369,2,0.9959,0,0,True,LEADING-SIM-V0.1
S‑SUD165,28,0.9889,1,0.019,2,0.9963,0,0,True,LEADING-SIM-V0.1
S‑SUD165,29,0.9786,1,0.15,0,0.9996,0,0,True,LEADING-SIM-V0.1
S‑SUD165,30,0.9943,0,0.0344,0,0.9963,0,0,True,LEADING-SIM-V0.1
S‑SUD165,31,0.9909,1,0.0154,0,0.9989,0,0,True,LEADING-SIM-V0.1
S‑SUD165,32,0.9857,0,0.0446,0,0.9983,0,0,True,LEADING-SIM-V0.1
S‑SUD165,33,0.9817,0,0.037,0,0.9946,0,0,True,LEADING-SIM-V0.1
S‑SUD165,34,0.9883,0,0.0223,0,0.9949,0,0,True,LEADING-SIM-V0.1
S‑SUD165,35,0.9806,0,0.0264,0,0.9962,0,0,True,LEADING-SIM-V0.1
S‑SUD165,36,0.9855,0,0.0178,0,0.9984,0,0,True,LEADING-SIM-V0.1
S‑SUD165,37,0.9839,0,0.0236,0,0.9973,0,0,True,LEADING-SIM-V0.1
S‑SUD165,38,0.9892,0,0.0067,0,0.9964,0,1,True,LEADING-SIM-V0.1
S‑SUD165,39,0.9845,0,0.0538,0,0.9981,0,0,True,LEADING-SIM-V0.1
S‑SUD165,40,0.9951,0,0.0323,0,0.9972,0,0,True,LEADING-SIM-V0.1
S‑SUD165,41,0.9753,0,0.022,1,0.9958,0,0,True,LEADING-SIM-V0.1
S‑SUD165,42,0.9719,0,0.0158,1,0.996,0,0,True,LEADING-SIM-V0.1
S‑SUD165,43,1.0,1,0.002,1,0.9981,0,0,True,LEADING-SIM-V0.1
S‑SUD165,44,0.9853,0,0.0048,0,0.9965,0,0,True,LEADING-SIM-V0.1
S‑SUD165,45,0.9954,1,0.0481,0,0.9981,0,0,True,LEADING-SIM-V0.1
S‑SUD165,46,0.9882,0,0.0185,0,0.9968,0,0,True,LEADING-SIM-V0.1
S‑SUD165,47,0.9887,0,0.004,0,0.9972,0,0,True,LEADING-SIM-V0.1
S‑SUD165,48,0.9772,0,0.0694,0,0.9975,0,0,True,LEADING-SIM-V0.1
S‑SUD165,49,0.984,0,0.0167,1,0.9988,0,0,True,LEADING-SIM-V0.1
S‑SUD165,50,0.9799,0,0.1121,0,0.997,0,0,True,LEADING-SIM-V0.1
S‑SUD165,51,0.9895,0,0.0589,0,0.9973,0,0,True,LEADING-SIM-V0.1
S‑SUD165,52,0.9826,0,0.0242,1,0.9993,0,0,True,LEADING-SIM-V0.1
S‑SUD166,1,0.9676,0,0.1278,0,0.9996,0,0,True,LEADING-SIM-V0.1
S‑SUD166,2,0.9697,0,0.0033,0,0.9979,0,0,True,LEADING-SIM-V0.1
S‑SUD166,3,0.9795,0,0.0086,1,0.9988,0,0,True,LEADING-SIM-V0.1
S‑SUD166,4,0.9904,1,0.0041,1,0.9984,0,0,True,LEADING-SIM-V0.1
S‑SUD166,5,0.9854,1,0.0548,0,0.9973,1,0,True,LEADING-SIM-V0.1
S‑SUD166,6,0.986,0,0.0403,0,0.9982,0,0,True,LEADING-SIM-V0.1
S‑SUD166,7,0.9869,0,0.0605,1,0.9942,0,0,True,LEADING-SIM-V0.1
S‑SUD166,8,0.9917,0,0.0011,1,0.9963,0,0,True,LEADING-SIM-V0.1
S‑SUD166,9,0.9793,0,0.0203,0,0.9969,0,0,True,LEADING-SIM-V0.1
S‑SUD166,10,0.9782,0,0.0145,2,0.9985,0,0,True,LEADING-SIM-V0.1
S‑SUD166,11,0.9871,0,0.0041,1,0.9985,0,0,True,LEADING-SIM-V0.1
S‑SUD166,12,0.9975,1,0.0467,0,0.9958,0,0,True,LEADING-SIM-V0.1
S‑SUD166,13,0.9835,0,0.0078,0,0.997,0,0,True,LEADING-SIM-V0.1
S‑SUD166,14,0.9921,0,0.0793,0,0.9971,0,0,True,LEADING-SIM-V0.1
S‑SUD166,15,0.9902,0,0.0346,1,0.9954,0,0,True,LEADING-SIM-V0.1
S‑SUD166,16,0.9879,0,0.0112,0,0.9956,0,0,True,LEADING-SIM-V0.1
S‑SUD166,17,0.9886,0,0.0077,0,0.9955,0,0,True,LEADING-SIM-V0.1
S‑SUD166,18,0.9924,0,0.0274,0,0.997,0,0,True,LEADING-SIM-V0.1
S‑SUD166,19,0.979,0,0.0254,0,0.9965,0,0,True,LEADING-SIM-V0.1
S‑SUD166,20,0.9828,1,0.0417,0,0.9988,0,0,True,LEADING-SIM-V0.1
S‑SUD166,21,0.9899,0,0.0187,0,0.997,0,0,True,LEADING-SIM-V0.1
S‑SUD166,22,0.9721,0,0.0473,1,0.9976,0,0,True,LEADING-SIM-V0.1
S‑SUD166,23,0.9755,0,0.0137,1,0.9976,0,0,True,LEADING-SIM-V0.1
S‑SUD166,24,0.9813,0,0.0181,1,0.9944,0,0,True,LEADING-SIM-V0.1
S‑SUD166,25,0.9803,0,0.0696,1,0.9951,0,0,True,LEADING-SIM-V0.1
S‑SUD166,26,0.9855,0,0.0239,0,0.9984,0,0,True,LEADING-SIM-V0.1
S‑SUD166,27,0.9745,0,0.0098,1,0.9978,0,0,True,LEADING-SIM-V0.1
S‑SUD166,28,0.9889,1,0.0028,2,0.9967,0,0,True,LEADING-SIM-V0.1
S‑SUD166,29,0.9886,0,0.0285,0,0.9933,0,0,True,LEADING-SIM-V0.1
S‑SUD166,30,0.9899,0,0.0271,0,0.9977,0,0,True,LEADING-SIM-V0.1
S‑SUD166,31,0.982,0,0.0131,0,0.9955,1,0,True,LEADING-SIM-V0.1
S‑SUD166,32,0.9956,0,0.0812,0,0.9957,0,0,True,LEADING-SIM-V0.1
S‑SUD166,33,0.981,0,0.0506,0,0.9966,0,0,True,LEADING-SIM-V0.1
S‑SUD166,34,0.9845,0,0.0467,2,0.996,0,0,True,LEADING-SIM-V0.1
S‑SUD166,35,0.9868,0,0.0607,0,0.997,0,0,True,LEADING-SIM-V0.1
S‑SUD166,36,0.9857,1,0.15,0,0.9975,0,0,True,LEADING-SIM-V0.1
S‑SUD166,37,0.9855,0,0.0364,0,0.9946,0,0,True,LEADING-SIM-V0.1
S‑SUD166,38,0.9746,2,0.0234,2,0.9936,0,0,True,LEADING-SIM-V0.1
S‑SUD166,39,0.955,4,0.0453,3,0.9905,1,0,True,LEADING-SIM-V0.1
S‑SUD166,40,0.9399,6,0.0108,5,0.986,1,0,True,LEADING-SIM-V0.1
S‑SUD166,41,0.9318,8,0.1426,6,0.9813,1,0,True,LEADING-SIM-V0.1
S‑SUD166,42,0.9969,0,0.094,0,0.9975,0,0,True,LEADING-SIM-V0.1
S‑SUD166,43,0.9883,0,0.1154,0,0.9977,0,0,True,LEADING-SIM-V0.1
S‑SUD166,44,0.9855,0,0.0492,0,0.9998,0,0,True,LEADING-SIM-V0.1
S‑SUD166,45,0.9844,0,0.0316,0,0.9948,0,0,True,LEADING-SIM-V0.1
S‑SUD166,46,0.9781,0,0.0514,0,0.9982,0,0,True,LEADING-SIM-V0.1
S‑SUD166,47,0.9859,0,0.011,0,0.9951,0,0,True,LEADING-SIM-V0.1
S‑SUD166,48,0.9775,1,0.015,0,0.9936,0,0,True,LEADING-SIM-V0.1
S‑SUD166,49,0.9796,0,0.0316,1,0.9989,0,0,True,LEADING-SIM-V0.1
S‑SUD166,50,0.9703,0,0.0588,1,0.9969,0,0,True,LEADING-SIM-V0.1
S‑SUD166,51,0.9943,0,0.0127,1,0.9972,0,0,True,LEADING-SIM-V0.1
S‑SUD166,52,0.9752,0,0.0241,1,0.997,0,0,True,LEADING-SIM-V0.1
S‑SUD167,1,0.9896,0,0.0601,0,0.9954,0,0,True,LEADING-SIM-V0.1
S‑SUD167,2,0.9966,1,0.0636,1,0.9975,0,0,True,LEADING-SIM-V0.1
S‑SUD167,3,0.9847,1,0.0115,0,0.9949,0,0,True,LEADING-SIM-V0.1
S‑SUD167,4,0.9724,0,0.0048,0,0.9957,0,0,True,LEADING-SIM-V0.1
S‑SUD167,5,0.988,0,0.0144,1,0.9976,0,0,True,LEADING-SIM-V0.1
S‑SUD167,6,0.9777,1,0.0391,0,0.9947,0,0,True,LEADING-SIM-V0.1
S‑SUD167,7,0.9855,0,0.0412,0,0.9989,0,0,True,LEADING-SIM-V0.1
S‑SUD167,8,0.9903,0,0.0185,0,0.9973,0,0,True,LEADING-SIM-V0.1
S‑SUD167,9,0.9854,0,0.0111,2,0.9966,0,0,True,LEADING-SIM-V0.1
S‑SUD167,10,0.9988,0,0.038,2,0.9976,0,0,True,LEADING-SIM-V0.1
S‑SUD167,11,0.9796,0,0.0195,0,0.9961,0,0,True,LEADING-SIM-V0.1
S‑SUD167,12,0.9896,0,0.0032,0,0.9975,0,0,True,LEADING-SIM-V0.1
S‑SUD167,13,0.9924,0,0.0235,0,0.9975,0,0,True,LEADING-SIM-V0.1
S‑SUD167,14,0.9835,0,0.0138,0,0.9987,0,0,True,LEADING-SIM-V0.1
S‑SUD167,15,0.9838,0,0.0744,1,0.9969,0,0,True,LEADING-SIM-V0.1
S‑SUD167,16,0.9822,1,0.1087,1,0.9968,0,0,True,LEADING-SIM-V0.1
S‑SUD167,17,0.9898,0,0.0359,2,0.9976,0,0,True,LEADING-SIM-V0.1
S‑SUD167,18,0.9766,0,0.0111,0,0.9947,0,0,True,LEADING-SIM-V0.1
S‑SUD167,19,0.9899,0,0.0309,0,0.9957,0,0,True,LEADING-SIM-V0.1
S‑SUD167,20,0.9954,0,0.0187,1,0.9987,0,0,True,LEADING-SIM-V0.1
S‑SUD167,21,0.9817,0,0.0224,0,0.9975,0,0,True,LEADING-SIM-V0.1
S‑SUD167,22,0.9852,0,0.0236,0,0.9974,0,0,True,LEADING-SIM-V0.1
S‑SUD167,23,0.9835,0,0.064,0,0.997,0,0,True,LEADING-SIM-V0.1
S‑SUD167,24,0.9839,0,0.0012,0,0.9961,0,0,True,LEADING-SIM-V0.1
S‑SUD167,25,0.9876,0,0.0386,0,0.9969,0,0,True,LEADING-SIM-V0.1
S‑SUD167,26,0.9865,0,0.0137,1,0.998,0,0,True,LEADING-SIM-V0.1
S‑SUD167,27,0.973,0,0.0061,0,0.9958,0,0,True,LEADING-SIM-V0.1
S‑SUD167,28,0.9985,0,0.0279,1,0.9969,0,0,True,LEADING-SIM-V0.1
S‑SUD167,29,0.9835,0,0.017,1,1.0,0,0,True,LEADING-SIM-V0.1
S‑SUD167,30,0.9814,0,0.0154,1,0.9983,0,0,True,LEADING-SIM-V0.1
S‑SUD167,31,0.9831,0,0.0027,0,0.9971,0,0,True,LEADING-SIM-V0.1
S‑SUD167,32,0.9831,1,0.0113,1,0.9954,0,0,True,LEADING-SIM-V0.1
S‑SUD167,33,0.9819,0,0.063,0,0.9967,0,0,True,LEADING-SIM-V0.1
S‑SUD167,34,0.9759,0,0.0263,1,0.9993,0,0,True,LEADING-SIM-V0.1
S‑SUD167,35,1.0,0,0.0017,0,0.9968,0,0,True,LEADING-SIM-V0.1
S‑SUD167,36,0.975,0,0.0124,0,0.9978,0,0,True,LEADING-SIM-V0.1
S‑SUD167,37,0.9855,0,0.1032,3,0.9993,0,0,True,LEADING-SIM-V0.1
S‑SUD167,38,0.9777,2,0.0316,2,0.9967,0,0,True,LEADING-SIM-V0.1
S‑SUD167,39,0.964,3,0.0551,3,0.9902,1,0,True,LEADING-SIM-V0.1
S‑SUD167,40,0.9412,5,0.15,4,0.9888,1,0,True,LEADING-SIM-V0.1
S‑SUD167,41,0.9311,6,0.0249,6,0.9855,1,0,True,LEADING-SIM-V0.1
S‑SUD167,42,0.9867,0,0.0147,0,0.9942,0,0,True,LEADING-SIM-V0.1
S‑SUD167,43,0.985,0,0.0296,1,0.9959,0,0,True,LEADING-SIM-V0.1
S‑SUD167,44,0.9691,0,0.001,0,0.9967,0,0,True,LEADING-SIM-V0.1
S‑SUD167,45,0.9848,0,0.0059,0,0.9976,0,0,True,LEADING-SIM-V0.1
S‑SUD167,46,0.9756,0,0.0299,0,0.995,0,0,True,LEADING-SIM-V0.1
S‑SUD167,47,0.9819,1,0.0661,1,0.9945,0,0,True,LEADING-SIM-V0.1
S‑SUD167,48,0.9801,0,0.0615,0,0.9978,0,0,True,LEADING-SIM-V0.1
S‑SUD167,49,0.9918,0,0.0359,0,0.9968,0,0,True,LEADING-SIM-V0.1
S‑SUD167,50,0.9895,0,0.038,0,0.9939,0,0,True,LEADING-SIM-V0.1
S‑SUD167,51,0.986,0,0.0127,0,0.9957,0,0,True,LEADING-SIM-V0.1
S‑SUD167,52,0.9843,1,0.0224,1,0.9951,1,0,True,LEADING-SIM-V0.1
S‑SUD168,1,0.9837,0,0.0448,0,0.9977,0,0,True,LEADING-SIM-V0.1
S‑SUD168,2,0.9866,0,0.006,0,0.9982,0,0,True,LEADING-SIM-V0.1
S‑SUD168,3,0.9837,0,0.0224,0,0.9999,0,0,True,LEADING-SIM-V0.1
S‑SUD168,4,0.9912,1,0.0749,0,0.9951,1,0,True,LEADING-SIM-V0.1
S‑SUD168,5,0.987,0,0.0499,1,0.9978,0,0,True,LEADING-SIM-V0.1
S‑SUD168,6,0.9917,0,0.15,0,0.9963,0,0,True,LEADING-SIM-V0.1
S‑SUD168,7,0.9973,0,0.0058,0,0.9974,0,0,True,LEADING-SIM-V0.1
S‑SUD168,8,0.9788,1,0.0033,0,0.996,0,0,True,LEADING-SIM-V0.1
S‑SUD168,9,0.9842,0,0.0063,1,0.9962,0,0,True,LEADING-SIM-V0.1
S‑SUD168,10,0.9775,0,0.1494,0,0.995,0,0,True,LEADING-SIM-V0.1
S‑SUD168,11,0.992,0,0.0105,1,1.0,0,0,True,LEADING-SIM-V0.1
S‑SUD168,12,0.9833,1,0.0115,0,0.9974,0,0,True,LEADING-SIM-V0.1
S‑SUD168,13,0.9817,0,0.0016,0,0.9984,0,0,True,LEADING-SIM-V0.1
S‑SUD168,14,0.981,1,0.0359,0,0.9991,0,0,True,LEADING-SIM-V0.1
S‑SUD168,15,0.9825,1,0.0504,0,0.9984,0,0,True,LEADING-SIM-V0.1
S‑SUD168,16,0.9861,0,0.0408,1,0.9985,0,0,True,LEADING-SIM-V0.1
S‑SUD168,17,0.9875,0,0.031,0,0.9958,0,0,True,LEADING-SIM-V0.1
S‑SUD168,18,0.9701,0,0.0419,0,0.997,0,0,True,LEADING-SIM-V0.1
S‑SUD168,19,0.993,0,0.0052,1,0.9956,0,0,True,LEADING-SIM-V0.1
S‑SUD168,20,0.9767,0,0.1228,0,0.9987,0,0,True,LEADING-SIM-V0.1
S‑SUD168,21,0.9876,0,0.0153,0,0.9965,0,0,True,LEADING-SIM-V0.1
S‑SUD168,22,0.9794,2,0.0046,1,0.9964,0,0,True,LEADING-SIM-V0.1
S‑SUD168,23,0.9815,0,0.0305,1,0.999,0,0,True,LEADING-SIM-V0.1
S‑SUD168,24,0.9807,0,0.0013,0,0.9955,0,0,True,LEADING-SIM-V0.1
S‑SUD168,25,0.9774,1,0.0114,1,0.9951,0,0,True,LEADING-SIM-V0.1
S‑SUD168,26,0.968,2,0.004,3,0.9953,0,0,True,LEADING-SIM-V0.1
S‑SUD168,27,0.9583,3,0.0222,3,0.9912,1,0,True,LEADING-SIM-V0.1
S‑SUD168,28,0.9386,5,0.0651,5,0.9877,1,0,True,LEADING-SIM-V0.1
S‑SUD168,29,0.9349,6,0.0023,6,0.9862,1,0,True,LEADING-SIM-V0.1
S‑SUD168,30,0.9894,0,0.098,0,0.9948,0,0,True,LEADING-SIM-V0.1
S‑SUD168,31,0.9758,0,0.0223,1,0.9961,0,0,True,LEADING-SIM-V0.1
S‑SUD168,32,0.9854,0,0.0371,0,0.995,0,0,True,LEADING-SIM-V0.1
S‑SUD168,33,0.9885,1,0.0197,0,0.9958,0,0,True,LEADING-SIM-V0.1
S‑SUD168,34,0.9844,0,0.0501,0,0.9978,0,0,True,LEADING-SIM-V0.1
S‑SUD168,35,0.9779,0,0.0133,0,0.9974,0,0,True,LEADING-SIM-V0.1
S‑SUD168,36,0.987,0,0.0164,0,0.9969,0,0,True,LEADING-SIM-V0.1
S‑SUD168,37,0.9804,0,0.0071,1,0.9981,0,0,True,LEADING-SIM-V0.1
S‑SUD168,38,0.9862,0,0.0377,0,0.9964,0,0,True,LEADING-SIM-V0.1
S‑SUD168,39,0.9828,0,0.0134,0,0.9986,0,0,True,LEADING-SIM-V0.1
S‑SUD168,40,0.9956,0,0.0127,0,0.9971,0,0,True,LEADING-SIM-V0.1
S‑SUD168,41,0.9905,0,0.0296,0,0.9968,0,0,True,LEADING-SIM-V0.1
S‑SUD168,42,0.9979,0,0.0748,1,0.999,0,0,True,LEADING-SIM-V0.1
S‑SUD168,43,0.9936,0,0.0001,0,0.9968,0,0,True,LEADING-SIM-V0.1
S‑SUD168,44,0.9894,0,0.0153,1,0.9978,0,0,True,LEADING-SIM-V0.1
S‑SUD168,45,0.9742,0,0.0021,1,0.9971,0,0,True,LEADING-SIM-V0.1
S‑SUD168,46,0.9807,0,0.006,0,0.9956,0,0,True,LEADING-SIM-V0.1
S‑SUD168,47,0.9824,0,0.0326,1,0.9963,0,0,True,LEADING-SIM-V0.1
S‑SUD168,48,0.9855,0,0.0463,0,0.9979,0,1,True,LEADING-SIM-V0.1
S‑SUD168,49,0.968,1,0.0473,1,0.9967,0,0,True,LEADING-SIM-V0.1
S‑SUD168,50,0.9866,0,0.0051,1,0.9986,0,0,True,LEADING-SIM-V0.1
S‑SUD168,51,0.9918,0,0.0356,0,0.9983,0,0,True,LEADING-SIM-V0.1
S‑SUD168,52,0.9672,1,0.034,0,0.999,0,0,True,LEADING-SIM-V0.1
S‑SUD169,1,0.9766,0,0.0139,0,0.9967,0,0,True,LEADING-SIM-V0.1
S‑SUD169,2,0.983,0,0.0328,0,0.9977,0,0,True,LEADING-SIM-V0.1
S‑SUD169,3,0.984,0,0.0407,0,0.9962,0,0,True,LEADING-SIM-V0.1
S‑SUD169,4,0.9746,0,0.1192,0,0.995,0,0,True,LEADING-SIM-V0.1
S‑SUD169,5,0.9852,0,0.0294,0,0.9969,0,0,True,LEADING-SIM-V0.1
S‑SUD169,6,0.9845,0,0.0397,0,0.9969,0,0,True,LEADING-SIM-V0.1
S‑SUD169,7,0.9861,0,0.0607,1,0.9962,0,0,True,LEADING-SIM-V0.1
S‑SUD169,8,0.9892,0,0.0925,0,0.9947,0,0,True,LEADING-SIM-V0.1
S‑SUD169,9,0.9802,0,0.0473,0,0.9959,0,0,True,LEADING-SIM-V0.1
S‑SUD169,10,0.9813,0,0.0153,1,0.9996,0,0,True,LEADING-SIM-V0.1
S‑SUD169,11,0.9838,1,0.0235,1,0.9978,0,0,True,LEADING-SIM-V0.1
S‑SUD169,12,0.9866,0,0.0701,0,0.9982,0,0,True,LEADING-SIM-V0.1
S‑SUD169,13,0.987,0,0.0229,0,0.9971,0,0,True,LEADING-SIM-V0.1
S‑SUD169,14,0.9902,0,0.0325,2,0.9956,0,1,True,LEADING-SIM-V0.1
S‑SUD169,15,0.9825,0,0.0068,0,0.9953,0,0,True,LEADING-SIM-V0.1
S‑SUD169,16,0.9921,0,0.0102,0,0.9959,0,0,True,LEADING-SIM-V0.1
S‑SUD169,17,0.9767,1,0.0306,0,0.9965,0,0,True,LEADING-SIM-V0.1
S‑SUD169,18,0.9923,0,0.064,0,0.9986,0,0,True,LEADING-SIM-V0.1
S‑SUD169,19,0.9784,2,0.0038,0,0.995,0,0,True,LEADING-SIM-V0.1
S‑SUD169,20,0.9978,0,0.0332,0,0.9963,0,0,True,LEADING-SIM-V0.1
S‑SUD169,21,0.984,0,0.0751,0,0.9993,0,0,True,LEADING-SIM-V0.1
S‑SUD169,22,0.9835,0,0.0006,0,0.9974,0,0,True,LEADING-SIM-V0.1
S‑SUD169,23,0.9814,0,0.0011,0,0.9959,0,0,True,LEADING-SIM-V0.1
S‑SUD169,24,0.9808,0,0.0415,0,1.0,0,0,True,LEADING-SIM-V0.1
S‑SUD169,25,0.9863,0,0.0663,0,0.9997,0,0,True,LEADING-SIM-V0.1
S‑SUD169,26,0.9769,0,0.0277,0,0.9956,0,0,True,LEADING-SIM-V0.1
S‑SUD169,27,0.9872,0,0.021,2,0.9954,0,0,True,LEADING-SIM-V0.1
S‑SUD169,28,0.984,0,0.0194,0,0.9984,0,0,True,LEADING-SIM-V0.1
S‑SUD169,29,0.9866,0,0.0055,0,0.9975,0,0,True,LEADING-SIM-V0.1
S‑SUD169,30,0.9854,0,0.0477,0,0.9964,0,0,True,LEADING-SIM-V0.1
S‑SUD169,31,0.9577,2,0.0509,2,0.9947,0,0,True,LEADING-SIM-V0.1
S‑SUD169,32,0.9505,4,0.0096,3,0.9889,1,0,True,LEADING-SIM-V0.1
S‑SUD169,33,0.9372,6,0.0505,5,0.9859,1,0,True,LEADING-SIM-V0.1
S‑SUD169,34,0.9221,8,0.0286,6,0.9833,1,0,True,LEADING-SIM-V0.1
S‑SUD169,35,0.9836,0,0.0419,0,0.9959,0,0,True,LEADING-SIM-V0.1
S‑SUD169,36,0.9865,0,0.001,0,0.9979,1,0,True,LEADING-SIM-V0.1
S‑SUD169,37,0.9878,0,0.0023,0,0.9955,1,0,True,LEADING-SIM-V0.1
S‑SUD169,38,0.9797,0,0.0169,1,0.9966,0,0,True,LEADING-SIM-V0.1
S‑SUD169,39,0.9859,0,0.0336,0,0.9957,0,0,True,LEADING-SIM-V0.1
S‑SUD169,40,0.9825,1,0.0884,0,0.9951,0,0,True,LEADING-SIM-V0.1
S‑SUD169,41,0.9872,0,0.0204,0,0.9947,0,0,True,LEADING-SIM-V0.1
S‑SUD169,42,0.994,0,0.0224,1,0.997,0,0,True,LEADING-SIM-V0.1
S‑SUD169,43,0.9844,0,0.0162,0,0.9965,0,0,True,LEADING-SIM-V0.1
S‑SUD169,44,0.9877,0,0.0293,0,0.9971,0,0,True,LEADING-SIM-V0.1
S‑SUD169,45,0.9776,2,0.0291,0,0.9969,0,0,True,LEADING-SIM-V0.1
S‑SUD169,46,0.9856,1,0.0038,0,0.9981,0,0,True,LEADING-SIM-V0.1
S‑SUD169,47,0.9838,0,0.0169,0,0.9982,0,0,True,LEADING-SIM-V0.1
S‑SUD169,48,0.9786,0,0.0111,0,0.9968,0,0,True,LEADING-SIM-V0.1
S‑SUD169,49,0.9805,1,0.0632,0,0.9955,0,0,True,LEADING-SIM-V0.1
S‑SUD169,50,0.9739,0,0.0508,0,0.9971,0,0,True,LEADING-SIM-V0.1
S‑SUD169,51,0.9884,0,0.0794,0,0.9978,0,0,True,LEADING-SIM-V0.1
S‑SUD169,52,0.9804,0,0.1178,1,0.9971,0,0,True,LEADING-SIM-V0.1
S‑SUD170,1,0.9734,0,0.0245,0,0.9979,0,0,True,LEADING-SIM-V0.1
S‑SUD170,2,0.982,1,0.0017,0,0.9964,0,0,True,LEADING-SIM-V0.1
S‑SUD170,3,0.9776,0,0.0082,1,0.9988,0,0,True,LEADING-SIM-V0.1
S‑SUD170,4,0.9858,0,0.0311,1,0.9949,0,0,True,LEADING-SIM-V0.1
S‑SUD170,5,0.9901,0,0.0078,1,0.9992,0,0,True,LEADING-SIM-V0.1
S‑SUD170,6,0.9864,0,0.0352,0,0.9952,0,0,True,LEADING-SIM-V0.1
S‑SUD170,7,0.9853,0,0.0244,0,0.9988,0,1,True,LEADING-SIM-V0.1
S‑SUD170,8,0.976,0,0.0101,0,0.9981,0,0,True,LEADING-SIM-V0.1
S‑SUD170,9,0.9757,0,0.0423,1,0.9972,0,0,True,LEADING-SIM-V0.1
S‑SUD170,10,0.9971,0,0.0345,1,0.9987,0,0,True,LEADING-SIM-V0.1
S‑SUD170,11,0.9829,0,0.0015,1,0.9965,0,0,True,LEADING-SIM-V0.1
S‑SUD170,12,0.9942,0,0.049,1,0.9953,0,0,True,LEADING-SIM-V0.1
S‑SUD170,13,0.9859,0,0.0124,0,0.9968,0,0,True,LEADING-SIM-V0.1
S‑SUD170,14,0.9803,0,0.1299,0,0.9996,0,0,True,LEADING-SIM-V0.1
S‑SUD170,15,0.9867,0,0.0158,1,0.9976,1,0,True,LEADING-SIM-V0.1
S‑SUD170,16,0.978,0,0.0479,1,0.9968,0,0,True,LEADING-SIM-V0.1
S‑SUD170,17,0.9903,0,0.0481,0,0.9973,0,0,True,LEADING-SIM-V0.1
S‑SUD170,18,0.9888,0,0.008,0,0.997,0,0,True,LEADING-SIM-V0.1
S‑SUD170,19,0.9874,0,0.0383,0,1.0,0,0,True,LEADING-SIM-V0.1
S‑SUD170,20,0.9887,1,0.0796,0,1.0,0,0,True,LEADING-SIM-V0.1
S‑SUD170,21,0.9865,0,0.0084,0,0.9956,0,0,True,LEADING-SIM-V0.1
S‑SUD170,22,0.9763,0,0.0111,0,0.9967,1,0,True,LEADING-SIM-V0.1
S‑SUD170,23,0.9831,0,0.0116,1,0.9945,0,0,True,LEADING-SIM-V0.1
S‑SUD170,24,0.9843,0,0.0383,0,0.9982,0,0,True,LEADING-SIM-V0.1
S‑SUD170,25,0.9904,0,0.0022,1,0.9969,0,1,True,LEADING-SIM-V0.1
S‑SUD170,26,0.9878,1,0.086,1,0.9936,0,0,True,LEADING-SIM-V0.1
S‑SUD170,27,0.9838,0,0.0336,0,0.9951,0,0,True,LEADING-SIM-V0.1
S‑SUD170,28,0.9793,2,0.0361,4,0.993,0,0,True,LEADING-SIM-V0.1
S‑SUD170,29,0.9579,3,0.0583,4,0.9889,1,0,True,LEADING-SIM-V0.1
S‑SUD170,30,0.952,5,0.0509,4,0.9905,1,0,True,LEADING-SIM-V0.1
S‑SUD170,31,0.9363,6,0.0216,5,0.985,1,0,True,LEADING-SIM-V0.1
S‑SUD170,32,0.9836,0,0.0321,0,0.9954,0,0,True,LEADING-SIM-V0.1
S‑SUD170,33,0.9947,0,0.0082,0,0.9951,0,0,True,LEADING-SIM-V0.1
S‑SUD170,34,0.9772,0,0.0084,0,0.9966,0,0,True,LEADING-SIM-V0.1
S‑SUD170,35,0.9693,0,0.021,0,0.9954,0,0,True,LEADING-SIM-V0.1
S‑SUD170,36,0.9858,0,0.0477,0,0.9958,0,0,True,LEADING-SIM-V0.1
S‑SUD170,37,0.987,0,0.0584,0,0.9974,0,0,True,LEADING-SIM-V0.1
S‑SUD170,38,0.9799,0,0.0068,0,0.9956,0,0,True,LEADING-SIM-V0.1
S‑SUD170,39,0.9769,0,0.042,0,0.9979,0,0,True,LEADING-SIM-V0.1
S‑SUD170,40,0.9831,0,0.0075,0,0.9959,0,0,True,LEADING-SIM-V0.1
S‑SUD170,41,0.9961,0,0.0088,1,0.9969,0,0,True,LEADING-SIM-V0.1
S‑SUD170,42,0.9918,2,0.011,0,0.9955,0,0,True,LEADING-SIM-V0.1
S‑SUD170,43,0.9855,1,0.0381,1,0.9964,0,0,True,LEADING-SIM-V0.1
S‑SUD170,44,0.9943,0,0.0241,0,0.9954,0,0,True,LEADING-SIM-V0.1
S‑SUD170,45,0.9881,0,0.0542,1,0.9974,0,0,True,LEADING-SIM-V0.1
S‑SUD170,46,0.9891,0,0.021,0,0.9967,0,0,True,LEADING-SIM-V0.1
S‑SUD170,47,0.9775,0,0.0139,0,0.9979,0,0,True,LEADING-SIM-V0.1
S‑SUD170,48,0.9825,0,0.0532,0,0.9964,0,0,True,LEADING-SIM-V0.1
S‑SUD170,49,0.9883,0,0.0026,0,0.9957,0,0,True,LEADING-SIM-V0.1
S‑SUD170,50,0.9817,0,0.0075,1,0.9973,0,0,True,LEADING-SIM-V0.1
S‑SUD170,51,0.9939,0,0.0238,0,0.9938,0,0,True,LEADING-SIM-V0.1
S‑SUD170,52,0.9894,0,0.012,0,0.9988,0,0,True,LEADING-SIM-V0.1
S‑SUD171,1,0.9961,0,0.0214,1,0.9977,0,0,True,LEADING-SIM-V0.1
S‑SUD171,2,0.979,0,0.0311,1,0.9975,0,0,True,LEADING-SIM-V0.1
S‑SUD171,3,0.986,0,0.0209,1,0.9957,0,0,True,LEADING-SIM-V0.1
S‑SUD171,4,0.9881,0,0.0306,0,0.9986,0,0,True,LEADING-SIM-V0.1
S‑SUD171,5,0.9847,1,0.019,1,0.999,0,0,True,LEADING-SIM-V0.1
S‑SUD171,6,0.9798,1,0.0434,0,0.9939,0,0,True,LEADING-SIM-V0.1
S‑SUD171,7,0.9938,0,0.0367,0,0.9964,0,0,True,LEADING-SIM-V0.1
S‑SUD171,8,0.9897,0,0.0046,2,0.9972,0,0,True,LEADING-SIM-V0.1
S‑SUD171,9,0.9872,0,0.0337,0,0.9972,0,0,True,LEADING-SIM-V0.1
S‑SUD171,10,0.983,0,0.0111,0,0.9941,0,0,True,LEADING-SIM-V0.1
S‑SUD171,11,0.9889,0,0.0051,1,0.9994,0,0,True,LEADING-SIM-V0.1
S‑SUD171,12,0.9907,0,0.0845,0,0.9977,0,0,True,LEADING-SIM-V0.1
S‑SUD171,13,0.9914,1,0.0123,0,0.9956,0,0,True,LEADING-SIM-V0.1
S‑SUD171,14,0.983,0,0.012,0,0.9978,0,0,True,LEADING-SIM-V0.1
S‑SUD171,15,0.9735,1,0.005,1,0.9963,0,0,True,LEADING-SIM-V0.1
S‑SUD171,16,0.9846,1,0.0538,0,0.9958,0,0,True,LEADING-SIM-V0.1
S‑SUD171,17,0.9862,0,0.0255,0,0.996,0,0,True,LEADING-SIM-V0.1
S‑SUD171,18,0.9953,0,0.026,0,0.9948,0,0,True,LEADING-SIM-V0.1
S‑SUD171,19,0.9885,0,0.0037,1,0.998,0,0,True,LEADING-SIM-V0.1
S‑SUD171,20,0.9846,0,0.0042,0,0.9983,0,0,True,LEADING-SIM-V0.1
S‑SUD171,21,0.9729,0,0.0118,2,0.9975,1,0,True,LEADING-SIM-V0.1
S‑SUD171,22,0.983,0,0.1063,0,0.9977,0,0,True,LEADING-SIM-V0.1
S‑SUD171,23,0.9852,0,0.0205,1,0.9965,0,0,True,LEADING-SIM-V0.1
S‑SUD171,24,0.9944,0,0.0024,0,0.9937,0,0,True,LEADING-SIM-V0.1
S‑SUD171,25,0.9844,0,0.0776,0,0.9972,0,0,True,LEADING-SIM-V0.1
S‑SUD171,26,0.9826,1,0.0524,0,1.0,0,0,True,LEADING-SIM-V0.1
S‑SUD171,27,0.9755,0,0.0799,0,1.0,0,0,True,LEADING-SIM-V0.1
S‑SUD171,28,0.9934,0,0.0412,0,0.9959,0,0,True,LEADING-SIM-V0.1
S‑SUD171,29,0.9761,0,0.0546,0,0.9963,0,0,True,LEADING-SIM-V0.1
S‑SUD171,30,0.986,0,0.0673,0,0.9977,0,0,True,LEADING-SIM-V0.1
S‑SUD171,31,0.9847,1,0.0751,0,0.9985,0,0,True,LEADING-SIM-V0.1
S‑SUD171,32,0.9856,0,0.0523,1,0.9969,0,0,True,LEADING-SIM-V0.1
S‑SUD171,33,0.9767,0,0.0386,0,0.9966,0,0,True,LEADING-SIM-V0.1
S‑SUD171,34,0.9789,1,0.0678,0,0.9968,0,0,True,LEADING-SIM-V0.1
S‑SUD171,35,0.9818,0,0.0207,0,1.0,0,0,True,LEADING-SIM-V0.1
S‑SUD171,36,0.9913,0,0.1043,1,0.9988,0,0,True,LEADING-SIM-V0.1
S‑SUD171,37,0.9674,2,0.0024,2,0.9945,0,0,True,LEADING-SIM-V0.1
S‑SUD171,38,0.9543,3,0.0054,3,0.9907,1,0,True,LEADING-SIM-V0.1
S‑SUD171,39,0.9538,5,0.0116,4,0.9897,1,0,True,LEADING-SIM-V0.1
S‑SUD171,40,0.9477,6,0.0464,5,0.9859,1,0,True,LEADING-SIM-V0.1
S‑SUD171,41,0.9876,0,0.0203,1,1.0,0,0,True,LEADING-SIM-V0.1
S‑SUD171,42,0.9843,0,0.0239,0,0.9963,0,0,True,LEADING-SIM-V0.1
S‑SUD171,43,0.974,0,0.0007,0,0.9974,0,0,True,LEADING-SIM-V0.1
S‑SUD171,44,0.9841,0,0.0144,0,0.9981,0,0,True,LEADING-SIM-V0.1
S‑SUD171,45,0.993,0,0.0123,2,0.995,0,0,True,LEADING-SIM-V0.1
S‑SUD171,46,0.9773,0,0.0554,0,0.9965,0,0,True,LEADING-SIM-V0.1
S‑SUD171,47,0.9754,1,0.0273,0,0.9984,0,0,True,LEADING-SIM-V0.1
S‑SUD171,48,0.981,1,0.0278,0,0.9985,0,0,True,LEADING-SIM-V0.1
S‑SUD171,49,0.9815,0,0.0202,0,0.9944,0,0,True,LEADING-SIM-V0.1
S‑SUD171,50,0.9885,0,0.0328,0,0.9979,0,0,True,LEADING-SIM-V0.1
S‑SUD171,51,0.9929,1,0.0179,0,0.9948,1,0,True,LEADING-SIM-V0.1
S‑SUD171,52,0.9851,1,0.0722,0,0.9974,0,0,True,LEADING-SIM-V0.1
S‑SUD172,1,0.9833,0,0.0257,2,0.9967,0,0,True,LEADING-SIM-V0.1
S‑SUD172,2,0.9753,0,0.0178,0,0.9962,0,0,True,LEADING-SIM-V0.1
S‑SUD172,3,0.9915,0,0.0268,1,0.9959,0,0,True,LEADING-SIM-V0.1
S‑SUD172,4,0.9805,0,0.0103,2,0.9971,0,0,True,LEADING-SIM-V0.1
S‑SUD172,5,0.984,1,0.0152,0,0.9951,0,0,True,LEADING-SIM-V0.1
S‑SUD172,6,0.9812,0,0.0473,0,0.9966,0,0,True,LEADING-SIM-V0.1
S‑SUD172,7,0.9839,0,0.0144,0,0.9952,0,0,True,LEADING-SIM-V0.1
S‑SUD172,8,0.9779,1,0.0091,0,0.9977,0,0,True,LEADING-SIM-V0.1
S‑SUD172,9,0.9767,0,0.0406,0,1.0,0,0,True,LEADING-SIM-V0.1
S‑SUD172,10,0.9709,0,0.0189,0,0.9999,0,0,True,LEADING-SIM-V0.1
S‑SUD172,11,0.9896,0,0.0655,0,0.9972,0,0,True,LEADING-SIM-V0.1
S‑SUD172,12,0.9902,0,0.0577,0,0.996,0,0,True,LEADING-SIM-V0.1
S‑SUD172,13,0.9865,1,0.0006,0,0.9976,0,0,True,LEADING-SIM-V0.1
S‑SUD172,14,0.9895,0,0.0769,0,0.9982,0,0,True,LEADING-SIM-V0.1
S‑SUD172,15,0.9853,0,0.0194,0,0.9959,0,0,True,LEADING-SIM-V0.1
S‑SUD172,16,0.9863,1,0.102,1,0.998,0,0,True,LEADING-SIM-V0.1
S‑SUD172,17,0.9867,0,0.014,0,0.9935,0,0,True,LEADING-SIM-V0.1
S‑SUD172,18,0.994,0,0.07,0,0.9976,0,0,True,LEADING-SIM-V0.1
S‑SUD172,19,0.9936,0,0.0834,0,1.0,0,0,True,LEADING-SIM-V0.1
S‑SUD172,20,0.9772,0,0.0147,3,0.9982,0,0,True,LEADING-SIM-V0.1
S‑SUD172,21,0.9936,0,0.0442,0,0.9963,0,0,True,LEADING-SIM-V0.1
S‑SUD172,22,0.9783,0,0.0801,0,0.9974,0,0,True,LEADING-SIM-V0.1
S‑SUD172,23,0.997,0,0.0186,0,0.9966,0,0,True,LEADING-SIM-V0.1
S‑SUD172,24,0.9754,2,0.0162,3,0.9942,0,0,True,LEADING-SIM-V0.1
S‑SUD172,25,0.9571,4,0.0107,4,0.9862,1,0,True,LEADING-SIM-V0.1
S‑SUD172,26,0.9491,7,0.0756,7,0.9855,1,0,True,LEADING-SIM-V0.1
S‑SUD172,27,0.9217,9,0.0247,8,0.9798,1,0,True,LEADING-SIM-V0.1
S‑SUD172,28,0.9839,1,0.0138,1,0.9987,0,0,True,LEADING-SIM-V0.1
S‑SUD172,29,0.98,0,0.0123,1,0.9964,0,0,True,LEADING-SIM-V0.1
S‑SUD172,30,0.9867,0,0.0214,1,0.9972,0,0,True,LEADING-SIM-V0.1
S‑SUD172,31,0.982,0,0.0087,0,0.9972,0,0,True,LEADING-SIM-V0.1
S‑SUD172,32,0.9803,0,0.0321,0,0.9989,0,0,True,LEADING-SIM-V0.1
S‑SUD172,33,0.978,0,0.1126,1,0.994,0,0,True,LEADING-SIM-V0.1
S‑SUD172,34,0.987,0,0.0163,0,0.9986,1,0,True,LEADING-SIM-V0.1
S‑SUD172,35,0.9879,0,0.0415,0,0.9979,0,0,True,LEADING-SIM-V0.1
S‑SUD172,36,0.9889,0,0.0309,1,0.9982,0,0,True,LEADING-SIM-V0.1
S‑SUD172,37,0.9818,1,0.0531,0,0.9985,0,0,True,LEADING-SIM-V0.1
S‑SUD172,38,0.9831,0,0.0218,0,0.9953,0,0,True,LEADING-SIM-V0.1
S‑SUD172,39,0.9776,0,0.0027,0,0.997,0,0,True,LEADING-SIM-V0.1
S‑SUD172,40,0.9728,0,0.0785,1,0.9974,0,0,True,LEADING-SIM-V0.1
S‑SUD172,41,0.9903,1,0.0201,2,0.9977,0,0,True,LEADING-SIM-V0.1
S‑SUD172,42,0.9814,0,0.0359,1,0.9965,0,0,True,LEADING-SIM-V0.1
S‑SUD172,43,0.986,1,0.1404,0,1.0,0,0,True,LEADING-SIM-V0.1
S‑SUD172,44,0.9762,1,0.0406,1,0.9967,0,0,True,LEADING-SIM-V0.1
S‑SUD172,45,0.9796,0,0.0749,0,0.9947,0,0,True,LEADING-SIM-V0.1
S‑SUD172,46,0.9818,0,0.0146,0,0.9938,0,0,True,LEADING-SIM-V0.1
S‑SUD172,47,0.9813,0,0.0012,0,0.9999,0,0,True,LEADING-SIM-V0.1
S‑SUD172,48,0.9859,0,0.15,0,1.0,0,0,True,LEADING-SIM-V0.1
S‑SUD172,49,0.9789,0,0.0132,0,0.9971,0,0,True,LEADING-SIM-V0.1
S‑SUD172,50,0.9891,0,0.035,1,0.9961,0,0,True,LEADING-SIM-V0.1
S‑SUD172,51,0.9896,0,0.013,1,0.9983,0,0,True,LEADING-SIM-V0.1
S‑SUD172,52,0.9848,1,0.0155,0,0.9993,0,0,True,LEADING-SIM-V0.1
S‑SUD173,1,0.9895,0,0.061,1,0.9977,0,0,True,LEADING-SIM-V0.1
S‑SUD173,2,0.9826,0,0.029,0,0.9977,0,0,True,LEADING-SIM-V0.1
S‑SUD173,3,0.9854,0,0.0162,0,0.9972,0,0,True,LEADING-SIM-V0.1
S‑SUD173,4,0.9886,0,0.0221,0,0.9997,0,0,True,LEADING-SIM-V0.1
S‑SUD173,5,0.9846,0,0.0447,0,0.9969,0,0,True,LEADING-SIM-V0.1
S‑SUD173,6,0.9892,0,0.0095,0,0.9967,0,0,True,LEADING-SIM-V0.1
S‑SUD173,7,0.9919,0,0.0273,0,0.9982,0,0,True,LEADING-SIM-V0.1
S‑SUD173,8,0.9967,2,0.019,2,0.9972,0,0,True,LEADING-SIM-V0.1
S‑SUD173,9,0.9835,0,0.0043,0,0.9988,0,0,True,LEADING-SIM-V0.1
S‑SUD173,10,0.9809,0,0.014,0,0.9968,0,0,True,LEADING-SIM-V0.1
S‑SUD173,11,0.9896,0,0.0093,0,0.9966,0,0,True,LEADING-SIM-V0.1
S‑SUD173,12,0.9779,0,0.0231,0,0.9949,0,0,True,LEADING-SIM-V0.1
S‑SUD173,13,0.9911,0,0.0045,0,0.9975,1,0,True,LEADING-SIM-V0.1
S‑SUD173,14,0.9882,0,0.0038,0,0.9961,0,0,True,LEADING-SIM-V0.1
S‑SUD173,15,0.9721,0,0.0112,0,0.9992,0,0,True,LEADING-SIM-V0.1
S‑SUD173,16,0.9901,0,0.0157,1,0.9979,0,0,True,LEADING-SIM-V0.1
S‑SUD173,17,0.9901,0,0.0026,0,0.9966,0,0,True,LEADING-SIM-V0.1
S‑SUD173,18,0.9898,0,0.0198,0,0.9964,0,0,True,LEADING-SIM-V0.1
S‑SUD173,19,0.9822,0,0.0543,0,0.999,0,0,True,LEADING-SIM-V0.1
S‑SUD173,20,0.9825,0,0.0627,0,0.9978,0,0,True,LEADING-SIM-V0.1
S‑SUD173,21,0.9956,0,0.0295,1,0.9973,0,0,True,LEADING-SIM-V0.1
S‑SUD173,22,0.983,0,0.0199,0,0.998,0,0,True,LEADING-SIM-V0.1
S‑SUD173,23,0.9808,0,0.0379,1,0.9993,0,0,True,LEADING-SIM-V0.1
S‑SUD173,24,0.9895,0,0.0322,0,0.998,0,0,True,LEADING-SIM-V0.1
S‑SUD173,25,0.9856,0,0.0265,0,0.9923,0,0,True,LEADING-SIM-V0.1
S‑SUD173,26,0.9878,0,0.0431,0,0.9978,0,0,True,LEADING-SIM-V0.1
S‑SUD173,27,0.9798,0,0.0717,0,0.9989,0,0,True,LEADING-SIM-V0.1
S‑SUD173,28,0.9986,0,0.0071,0,0.9988,0,0,True,LEADING-SIM-V0.1
S‑SUD173,29,0.9846,0,0.0085,2,0.9978,0,0,True,LEADING-SIM-V0.1
S‑SUD173,30,0.9868,0,0.0706,1,0.9963,0,0,True,LEADING-SIM-V0.1
S‑SUD173,31,0.9801,0,0.0053,0,0.9964,0,0,True,LEADING-SIM-V0.1
S‑SUD173,32,0.9875,0,0.0057,0,0.9974,0,0,True,LEADING-SIM-V0.1
S‑SUD173,33,0.9869,0,0.0677,0,0.996,0,0,True,LEADING-SIM-V0.1
S‑SUD173,34,0.9823,1,0.0406,0,0.9959,0,0,True,LEADING-SIM-V0.1
S‑SUD173,35,0.9833,0,0.0688,1,0.9957,0,0,True,LEADING-SIM-V0.1
S‑SUD173,36,0.9772,0,0.0183,0,0.9997,0,0,True,LEADING-SIM-V0.1
S‑SUD173,37,0.9925,0,0.0112,1,0.9973,0,0,True,LEADING-SIM-V0.1
S‑SUD173,38,0.9845,0,0.0047,1,0.9974,1,0,True,LEADING-SIM-V0.1
S‑SUD173,39,0.9832,0,0.005,0,0.9969,1,0,True,LEADING-SIM-V0.1
S‑SUD173,40,0.9858,1,0.012,0,0.9973,0,0,True,LEADING-SIM-V0.1
S‑SUD173,41,0.9802,0,0.0406,0,0.9983,0,0,True,LEADING-SIM-V0.1
S‑SUD173,42,0.9982,0,0.059,0,0.9965,0,0,True,LEADING-SIM-V0.1
S‑SUD173,43,0.9866,0,0.0029,0,0.9969,0,0,True,LEADING-SIM-V0.1
S‑SUD173,44,0.9893,0,0.0675,2,0.9959,0,0,True,LEADING-SIM-V0.1
S‑SUD173,45,0.9928,0,0.0292,0,0.9969,0,0,True,LEADING-SIM-V0.1
S‑SUD173,46,0.9925,0,0.004,0,0.9963,0,0,True,LEADING-SIM-V0.1
S‑SUD173,47,0.9806,0,0.0158,1,0.995,1,0,True,LEADING-SIM-V0.1
S‑SUD173,48,0.9772,0,0.0188,1,0.9976,0,0,True,LEADING-SIM-V0.1
S‑SUD173,49,0.9744,0,0.0083,1,0.9972,0,0,True,LEADING-SIM-V0.1
S‑SUD173,50,0.9748,0,0.0341,0,0.9963,0,0,True,LEADING-SIM-V0.1
S‑SUD173,51,0.9865,0,0.0081,0,0.9987,0,0,True,LEADING-SIM-V0.1
S‑SUD173,52,0.9896,0,0.008,0,0.9949,0,0,True,LEADING-SIM-V0.1
S‑SUD174,1,0.977,0,0.0102,0,0.9961,0,0,True,LEADING-SIM-V0.1
S‑SUD174,2,0.9871,0,0.0032,0,0.9975,0,0,True,LEADING-SIM-V0.1
S‑SUD174,3,0.9815,0,0.0584,0,0.9969,0,0,True,LEADING-SIM-V0.1
S‑SUD174,4,0.9958,0,0.0531,1,0.9978,0,0,True,LEADING-SIM-V0.1
S‑SUD174,5,0.9925,0,0.0091,0,1.0,0,0,True,LEADING-SIM-V0.1
S‑SUD174,6,0.9867,0,0.021,0,0.9965,0,0,True,LEADING-SIM-V0.1
S‑SUD174,7,0.9846,0,0.0336,1,0.9967,0,0,True,LEADING-SIM-V0.1
S‑SUD174,8,0.982,0,0.0121,0,0.9951,0,0,True,LEADING-SIM-V0.1
S‑SUD174,9,0.9809,0,0.043,0,0.997,0,0,True,LEADING-SIM-V0.1
S‑SUD174,10,0.986,0,0.0725,1,0.9951,0,0,True,LEADING-SIM-V0.1
S‑SUD174,11,0.9922,0,0.0409,1,0.9966,0,0,True,LEADING-SIM-V0.1
S‑SUD174,12,0.9813,0,0.0018,0,0.9969,0,0,True,LEADING-SIM-V0.1
S‑SUD174,13,0.9882,0,0.0661,0,0.9943,0,0,True,LEADING-SIM-V0.1
S‑SUD174,14,0.9896,0,0.026,0,0.9949,0,0,True,LEADING-SIM-V0.1
S‑SUD174,15,0.9903,0,0.0059,0,0.9971,0,0,True,LEADING-SIM-V0.1
S‑SUD174,16,0.9816,0,0.0126,1,0.9954,0,0,True,LEADING-SIM-V0.1
S‑SUD174,17,0.9763,0,0.0031,0,0.9991,0,0,True,LEADING-SIM-V0.1
S‑SUD174,18,0.978,0,0.0156,0,0.9935,0,0,True,LEADING-SIM-V0.1
S‑SUD174,19,0.9909,0,0.0626,1,0.9975,0,0,True,LEADING-SIM-V0.1
S‑SUD174,20,0.9863,0,0.1181,0,0.9939,0,0,True,LEADING-SIM-V0.1
S‑SUD174,21,0.9796,0,0.0017,0,0.9958,0,0,True,LEADING-SIM-V0.1
S‑SUD174,22,0.9939,1,0.0058,0,0.9954,1,0,True,LEADING-SIM-V0.1
S‑SUD174,23,0.9778,1,0.0156,1,0.9977,0,0,True,LEADING-SIM-V0.1
S‑SUD174,24,0.9881,0,0.0125,1,0.9967,0,0,True,LEADING-SIM-V0.1
S‑SUD174,25,0.9771,0,0.0012,1,0.9978,0,0,True,LEADING-SIM-V0.1
S‑SUD174,26,0.9858,0,0.0196,0,0.9987,0,0,True,LEADING-SIM-V0.1
S‑SUD174,27,0.9831,0,0.056,1,0.9984,1,0,True,LEADING-SIM-V0.1
S‑SUD174,28,0.9774,0,0.0108,0,0.9967,0,0,True,LEADING-SIM-V0.1
S‑SUD174,29,0.9822,0,0.0443,1,0.9967,0,0,True,LEADING-SIM-V0.1
S‑SUD174,30,0.9884,1,0.0967,0,0.998,0,0,True,LEADING-SIM-V0.1
S‑SUD174,31,0.9931,0,0.0351,0,0.9964,0,0,True,LEADING-SIM-V0.1
S‑SUD174,32,0.9887,0,0.0095,0,0.9984,0,0,True,LEADING-SIM-V0.1
S‑SUD174,33,0.992,0,0.0444,0,0.9968,0,0,True,LEADING-SIM-V0.1
S‑SUD174,34,0.9822,0,0.0254,0,0.9934,0,0,True,LEADING-SIM-V0.1
S‑SUD174,35,0.9988,0,0.0114,0,0.9975,1,0,True,LEADING-SIM-V0.1
S‑SUD174,36,0.9881,0,0.0244,0,1.0,0,0,True,LEADING-SIM-V0.1
S‑SUD174,37,0.9831,0,0.0815,1,0.9965,1,1,True,LEADING-SIM-V0.1
S‑SUD174,38,0.9921,0,0.0319,0,0.9963,0,0,True,LEADING-SIM-V0.1
S‑SUD174,39,0.9773,0,0.0063,0,0.9966,0,0,True,LEADING-SIM-V0.1
S‑SUD174,40,0.9833,0,0.0046,3,0.9973,0,0,True,LEADING-SIM-V0.1
S‑SUD174,41,0.9907,0,0.0041,0,0.9988,0,0,True,LEADING-SIM-V0.1
S‑SUD174,42,0.9776,0,0.0017,0,0.9978,0,0,True,LEADING-SIM-V0.1
S‑SUD174,43,0.9879,0,0.1155,1,0.9933,0,0,True,LEADING-SIM-V0.1
S‑SUD174,44,0.9858,0,0.0452,0,0.9973,0,0,True,LEADING-SIM-V0.1
S‑SUD174,45,0.9872,1,0.0246,0,0.9957,0,0,True,LEADING-SIM-V0.1
S‑SUD174,46,0.9926,0,0.036,0,0.9977,0,0,True,LEADING-SIM-V0.1
S‑SUD174,47,0.9703,1,0.0546,1,0.9941,0,1,True,LEADING-SIM-V0.1
S‑SUD174,48,0.9874,0,0.0363,1,0.9972,0,0,True,LEADING-SIM-V0.1
S‑SUD174,49,0.9777,0,0.0147,0,0.9966,0,0,True,LEADING-SIM-V0.1
S‑SUD174,50,0.982,0,0.0646,0,0.9966,0,0,True,LEADING-SIM-V0.1
S‑SUD174,51,0.9924,0,0.0213,0,0.9966,0,0,True,LEADING-SIM-V0.1
S‑SUD174,52,0.9878,0,0.0216,0,0.998,0,0,True,LEADING-SIM-V0.1
S‑SUD175,1,0.9866,0,0.0097,0,0.999,0,0,True,LEADING-SIM-V0.1
S‑SUD175,2,0.9758,0,0.0221,0,0.9994,0,0,True,LEADING-SIM-V0.1
S‑SUD175,3,0.986,2,0.0049,1,0.9984,0,0,True,LEADING-SIM-V0.1
S‑SUD175,4,0.981,0,0.0563,1,0.9967,0,0,True,LEADING-SIM-V0.1
S‑SUD175,5,0.9828,0,0.0369,0,0.9992,0,0,True,LEADING-SIM-V0.1
S‑SUD175,6,0.982,0,0.0048,0,0.9973,0,0,True,LEADING-SIM-V0.1
S‑SUD175,7,0.9849,0,0.0186,0,0.9991,0,0,True,LEADING-SIM-V0.1
S‑SUD175,8,0.9864,0,0.1228,0,0.9946,0,0,True,LEADING-SIM-V0.1
S‑SUD175,9,0.986,0,0.0322,0,0.9974,1,0,True,LEADING-SIM-V0.1
S‑SUD175,10,0.9846,0,0.0231,0,0.9955,0,0,True,LEADING-SIM-V0.1
S‑SUD175,11,0.9877,0,0.0024,0,0.9954,0,0,True,LEADING-SIM-V0.1
S‑SUD175,12,0.9798,0,0.0283,0,0.9985,0,0,True,LEADING-SIM-V0.1
S‑SUD175,13,0.9803,0,0.0135,0,0.9959,0,0,True,LEADING-SIM-V0.1
S‑SUD175,14,0.982,0,0.0077,1,0.9993,0,0,True,LEADING-SIM-V0.1
S‑SUD175,15,0.9936,0,0.0273,1,0.9995,0,0,True,LEADING-SIM-V0.1
S‑SUD175,16,0.9857,0,0.1125,2,0.9975,0,0,True,LEADING-SIM-V0.1
S‑SUD175,17,0.9882,1,0.1062,0,0.995,0,0,True,LEADING-SIM-V0.1
S‑SUD175,18,0.9861,0,0.0187,0,0.9995,0,0,True,LEADING-SIM-V0.1
S‑SUD175,19,0.9849,0,0.001,0,0.9985,0,0,True,LEADING-SIM-V0.1
S‑SUD175,20,0.9915,0,0.0698,0,0.997,0,0,True,LEADING-SIM-V0.1
S‑SUD175,21,0.9903,0,0.0029,2,0.9958,0,0,True,LEADING-SIM-V0.1
S‑SUD175,22,0.9914,0,0.0182,0,0.9977,0,0,True,LEADING-SIM-V0.1
S‑SUD175,23,0.9733,0,0.0493,1,0.9981,0,0,True,LEADING-SIM-V0.1
S‑SUD175,24,0.987,0,0.0186,0,0.9975,0,0,True,LEADING-SIM-V0.1
S‑SUD175,25,0.9878,0,0.0425,1,0.9969,0,0,True,LEADING-SIM-V0.1
S‑SUD175,26,0.9953,0,0.0126,0,0.9987,0,0,True,LEADING-SIM-V0.1
S‑SUD175,27,0.9796,0,0.056,0,0.9964,0,0,True,LEADING-SIM-V0.1
S‑SUD175,28,0.9866,0,0.0297,1,0.9954,0,0,True,LEADING-SIM-V0.1
S‑SUD175,29,0.9888,0,0.0038,1,0.9958,0,0,True,LEADING-SIM-V0.1
S‑SUD175,30,0.9881,0,0.0066,0,0.9968,0,0,True,LEADING-SIM-V0.1
S‑SUD175,31,0.9944,1,0.0309,0,0.996,0,0,True,LEADING-SIM-V0.1
S‑SUD175,32,0.9795,0,0.0579,2,0.999,0,0,True,LEADING-SIM-V0.1
S‑SUD175,33,0.9807,0,0.002,0,0.9976,0,0,True,LEADING-SIM-V0.1
S‑SUD175,34,0.9864,1,0.0093,1,0.996,0,0,True,LEADING-SIM-V0.1
S‑SUD175,35,0.9793,0,0.0034,0,1.0,0,0,True,LEADING-SIM-V0.1
S‑SUD175,36,0.9834,1,0.0147,0,0.998,0,0,True,LEADING-SIM-V0.1
S‑SUD175,37,0.989,0,0.0249,0,0.996,0,0,True,LEADING-SIM-V0.1
S‑SUD175,38,0.9813,0,0.023,0,0.9992,0,0,True,LEADING-SIM-V0.1
S‑SUD175,39,0.988,0,0.15,0,0.9987,0,0,True,LEADING-SIM-V0.1
S‑SUD175,40,0.9927,2,0.0231,0,0.9964,0,0,True,LEADING-SIM-V0.1
S‑SUD175,41,0.9895,0,0.0039,0,0.997,0,0,True,LEADING-SIM-V0.1
S‑SUD175,42,0.9893,1,0.0498,1,0.9975,0,0,True,LEADING-SIM-V0.1
S‑SUD175,43,0.9783,0,0.0697,1,0.9972,0,0,True,LEADING-SIM-V0.1
S‑SUD175,44,0.9877,0,0.0519,2,0.998,0,0,True,LEADING-SIM-V0.1
S‑SUD175,45,0.9815,0,0.0298,0,0.9969,0,0,True,LEADING-SIM-V0.1
S‑SUD175,46,0.9679,0,0.0132,0,0.9963,0,0,True,LEADING-SIM-V0.1
S‑SUD175,47,0.977,1,0.0124,0,0.9988,0,0,True,LEADING-SIM-V0.1
S‑SUD175,48,0.9786,1,0.0178,1,1.0,1,0,True,LEADING-SIM-V0.1
S‑SUD175,49,0.9781,0,0.0632,0,0.9995,0,0,True,LEADING-SIM-V0.1
S‑SUD175,50,0.9871,0,0.0524,0,0.996,0,0,True,LEADING-SIM-V0.1
S‑SUD175,51,0.9951,0,0.0339,1,0.9963,1,0,True,LEADING-SIM-V0.1
S‑SUD175,52,0.9726,0,0.0082,0,0.9988,0,0,True,LEADING-SIM-V0.1
S‑SUD176,1,0.9841,0,0.049,1,0.9963,0,0,True,LEADING-SIM-V0.1
S‑SUD176,2,0.9835,0,0.0026,0,0.997,1,0,True,LEADING-SIM-V0.1
S‑SUD176,3,0.9834,0,0.0118,0,0.9972,0,1,True,LEADING-SIM-V0.1
S‑SUD176,4,0.9857,0,0.059,1,0.9947,0,0,True,LEADING-SIM-V0.1
S‑SUD176,5,0.9816,0,0.0064,0,0.9974,0,0,True,LEADING-SIM-V0.1
S‑SUD176,6,0.9791,0,0.0616,1,0.9952,0,0,True,LEADING-SIM-V0.1
S‑SUD176,7,0.9829,0,0.0141,0,0.9975,0,0,True,LEADING-SIM-V0.1
S‑SUD176,8,0.9882,0,0.0453,0,0.9961,0,0,True,LEADING-SIM-V0.1
S‑SUD176,9,0.9951,0,0.0202,0,0.9952,0,0,True,LEADING-SIM-V0.1
S‑SUD176,10,0.9932,0,0.101,0,0.9978,0,0,True,LEADING-SIM-V0.1
S‑SUD176,11,0.9839,0,0.0402,0,0.9979,0,0,True,LEADING-SIM-V0.1
S‑SUD176,12,0.9932,0,0.1079,1,0.9965,0,0,True,LEADING-SIM-V0.1
S‑SUD176,13,0.9844,1,0.006,0,0.9971,0,0,True,LEADING-SIM-V0.1
S‑SUD176,14,0.9935,0,0.0122,0,0.9955,0,0,True,LEADING-SIM-V0.1
S‑SUD176,15,0.976,0,0.0193,1,0.9996,0,0,True,LEADING-SIM-V0.1
S‑SUD176,16,0.9777,0,0.1171,1,0.9969,0,0,True,LEADING-SIM-V0.1
S‑SUD176,17,0.9788,0,0.0409,0,1.0,0,0,True,LEADING-SIM-V0.1
S‑SUD176,18,0.9879,0,0.0615,1,0.9965,0,0,True,LEADING-SIM-V0.1
S‑SUD176,19,0.984,0,0.0079,0,0.9966,1,0,True,LEADING-SIM-V0.1
S‑SUD176,20,0.9796,0,0.0183,0,0.9979,0,0,True,LEADING-SIM-V0.1
S‑SUD176,21,0.9806,0,0.0116,0,0.9992,0,0,True,LEADING-SIM-V0.1
S‑SUD176,22,0.9803,0,0.074,0,0.9965,0,0,True,LEADING-SIM-V0.1
S‑SUD176,23,0.973,0,0.0123,1,0.9953,0,0,True,LEADING-SIM-V0.1
S‑SUD176,24,0.9812,0,0.0218,1,0.9985,0,0,True,LEADING-SIM-V0.1
S‑SUD176,25,0.9731,0,0.1303,0,0.9955,0,0,True,LEADING-SIM-V0.1
S‑SUD176,26,0.9884,0,0.0066,1,1.0,0,0,True,LEADING-SIM-V0.1
S‑SUD176,27,0.9828,0,0.0457,0,0.9958,0,0,True,LEADING-SIM-V0.1
S‑SUD176,28,0.9869,1,0.15,0,0.9956,0,0,True,LEADING-SIM-V0.1
S‑SUD176,29,0.9909,0,0.01,1,0.9963,0,0,True,LEADING-SIM-V0.1
S‑SUD176,30,0.9889,0,0.0962,0,0.9952,0,0,True,LEADING-SIM-V0.1
S‑SUD176,31,0.98,0,0.0494,1,0.9978,0,0,True,LEADING-SIM-V0.1
S‑SUD176,32,0.9844,0,0.0275,0,0.9966,0,0,True,LEADING-SIM-V0.1
S‑SUD176,33,0.9858,1,0.0163,1,0.9966,1,0,True,LEADING-SIM-V0.1
S‑SUD176,34,0.9864,0,0.024,1,0.9973,0,0,True,LEADING-SIM-V0.1
S‑SUD176,35,0.9911,0,0.0052,1,0.9959,0,0,True,LEADING-SIM-V0.1
S‑SUD176,36,0.9806,0,0.0002,1,1.0,0,0,True,LEADING-SIM-V0.1
S‑SUD176,37,0.9775,0,0.0294,0,0.9943,0,0,True,LEADING-SIM-V0.1
S‑SUD176,38,0.9856,0,0.0431,0,0.9959,0,0,True,LEADING-SIM-V0.1
S‑SUD176,39,0.9766,0,0.0245,0,0.9962,0,0,True,LEADING-SIM-V0.1
S‑SUD176,40,0.9823,0,0.0241,0,0.9978,0,1,True,LEADING-SIM-V0.1
S‑SUD176,41,0.9833,1,0.0381,0,0.9971,1,0,True,LEADING-SIM-V0.1
S‑SUD176,42,0.9778,0,0.0392,0,0.9983,0,0,True,LEADING-SIM-V0.1
S‑SUD176,43,0.9903,0,0.0415,0,0.9972,0,0,True,LEADING-SIM-V0.1
S‑SUD176,44,0.9794,0,0.01,0,0.9972,0,0,True,LEADING-SIM-V0.1
S‑SUD176,45,0.9785,0,0.0629,1,0.9956,0,0,True,LEADING-SIM-V0.1
S‑SUD176,46,0.985,0,0.0725,0,1.0,0,0,True,LEADING-SIM-V0.1
S‑SUD176,47,0.9948,0,0.0268,1,0.9962,0,0,True,LEADING-SIM-V0.1
S‑SUD176,48,0.9842,0,0.0159,0,0.9992,0,0,True,LEADING-SIM-V0.1
S‑SUD176,49,0.9897,0,0.0066,0,0.9988,0,1,True,LEADING-SIM-V0.1
S‑SUD176,50,0.9932,0,0.0107,1,0.9964,0,0,True,LEADING-SIM-V0.1
S‑SUD176,51,0.9985,1,0.0045,0,0.9957,0,0,True,LEADING-SIM-V0.1
S‑SUD176,52,0.9802,0,0.0015,0,0.9991,0,0,True,LEADING-SIM-V0.1
S‑SUD177,1,0.9852,0,0.0158,1,0.9965,0,0,True,LEADING-SIM-V0.1
S‑SUD177,2,0.9809,0,0.0203,0,0.9947,0,0,True,LEADING-SIM-V0.1
S‑SUD177,3,0.982,0,0.0158,0,0.9965,0,0,True,LEADING-SIM-V0.1
S‑SUD177,4,0.9914,0,0.0338,0,0.9983,1,0,True,LEADING-SIM-V0.1
S‑SUD177,5,0.9844,0,0.0253,1,0.9995,0,0,True,LEADING-SIM-V0.1
S‑SUD177,6,0.9878,0,0.0086,0,0.9984,1,0,True,LEADING-SIM-V0.1
S‑SUD177,7,0.9865,0,0.0731,0,0.9964,0,0,True,LEADING-SIM-V0.1
S‑SUD177,8,0.9861,0,0.0247,0,0.9937,0,0,True,LEADING-SIM-V0.1
S‑SUD177,9,0.9916,0,0.0118,1,0.9938,0,0,True,LEADING-SIM-V0.1
S‑SUD177,10,0.9825,0,0.0535,1,1.0,0,0,True,LEADING-SIM-V0.1
S‑SUD177,11,0.9878,1,0.009,0,0.995,0,0,True,LEADING-SIM-V0.1
S‑SUD177,12,0.9771,0,0.0021,0,0.9977,0,0,True,LEADING-SIM-V0.1
S‑SUD177,13,0.9848,0,0.0427,1,0.9981,0,0,True,LEADING-SIM-V0.1
S‑SUD177,14,0.9921,0,0.0369,0,0.9975,0,0,True,LEADING-SIM-V0.1
S‑SUD177,15,0.9888,0,0.0814,0,0.9986,0,0,True,LEADING-SIM-V0.1
S‑SUD177,16,0.979,0,0.0117,0,0.9979,0,0,True,LEADING-SIM-V0.1
S‑SUD177,17,0.9839,0,0.0054,0,0.9962,0,0,True,LEADING-SIM-V0.1
S‑SUD177,18,0.9917,0,0.0168,0,0.9988,0,0,True,LEADING-SIM-V0.1
S‑SUD177,19,0.9764,0,0.0191,0,0.997,1,0,True,LEADING-SIM-V0.1
S‑SUD177,20,0.9895,0,0.0203,0,0.9968,0,0,True,LEADING-SIM-V0.1
S‑SUD177,21,0.9962,0,0.0024,1,0.9962,0,0,True,LEADING-SIM-V0.1
S‑SUD177,22,1.0,0,0.0029,0,0.9976,0,0,True,LEADING-SIM-V0.1
S‑SUD177,23,0.9805,0,0.0062,1,0.9968,0,0,True,LEADING-SIM-V0.1
S‑SUD177,24,0.9837,1,0.0358,0,0.9945,0,0,True,LEADING-SIM-V0.1
S‑SUD177,25,0.9738,0,0.0279,0,0.9965,0,0,True,LEADING-SIM-V0.1
S‑SUD177,26,0.9875,0,0.0156,0,0.9971,0,0,True,LEADING-SIM-V0.1
S‑SUD177,27,0.9961,0,0.0421,0,0.9962,0,0,True,LEADING-SIM-V0.1
S‑SUD177,28,0.9875,0,0.043,1,0.9959,1,0,True,LEADING-SIM-V0.1
S‑SUD177,29,0.9847,0,0.013,0,0.9931,0,0,True,LEADING-SIM-V0.1
S‑SUD177,30,0.9801,0,0.0311,0,0.9981,0,0,True,LEADING-SIM-V0.1
S‑SUD177,31,0.9809,1,0.0226,1,0.9995,0,0,True,LEADING-SIM-V0.1
S‑SUD177,32,0.9877,0,0.0059,1,0.9969,0,0,True,LEADING-SIM-V0.1
S‑SUD177,33,0.9869,0,0.004,0,0.9989,0,0,True,LEADING-SIM-V0.1
S‑SUD177,34,0.9875,0,0.0167,0,0.9991,0,0,True,LEADING-SIM-V0.1
S‑SUD177,35,0.9829,0,0.0012,0,0.9967,0,0,True,LEADING-SIM-V0.1
S‑SUD177,36,0.9814,0,0.0087,0,0.9971,0,0,True,LEADING-SIM-V0.1
S‑SUD177,37,0.9937,0,0.05,1,0.9975,0,0,True,LEADING-SIM-V0.1
S‑SUD177,38,0.9873,1,0.0517,0,0.9981,0,0,True,LEADING-SIM-V0.1
S‑SUD177,39,0.9808,0,0.0951,0,0.9991,0,0,True,LEADING-SIM-V0.1
S‑SUD177,40,0.9801,0,0.0088,1,0.996,0,0,True,LEADING-SIM-V0.1
S‑SUD177,41,0.9884,0,0.0416,1,0.9976,0,1,True,LEADING-SIM-V0.1
S‑SUD177,42,0.9842,0,0.0061,0,0.996,0,1,True,LEADING-SIM-V0.1
S‑SUD177,43,0.9785,1,0.0124,1,0.9978,0,0,True,LEADING-SIM-V0.1
S‑SUD177,44,0.9829,0,0.0169,0,0.9974,1,1,True,LEADING-SIM-V0.1
S‑SUD177,45,0.9803,0,0.0028,0,0.9973,0,0,True,LEADING-SIM-V0.1
S‑SUD177,46,0.9764,0,0.0259,0,0.9988,0,0,True,LEADING-SIM-V0.1
S‑SUD177,47,0.9841,0,0.0014,0,0.9948,0,0,True,LEADING-SIM-V0.1
S‑SUD177,48,0.9809,2,0.0098,1,0.9979,0,0,True,LEADING-SIM-V0.1
S‑SUD177,49,0.9858,0,0.0163,1,0.9974,0,0,True,LEADING-SIM-V0.1
S‑SUD177,50,0.9837,0,0.0283,0,0.9975,0,0,True,LEADING-SIM-V0.1
S‑SUD177,51,0.9904,0,0.0086,0,0.9974,0,0,True,LEADING-SIM-V0.1
S‑SUD177,52,0.9884,0,0.0089,0,0.999,0,0,True,LEADING-SIM-V0.1
S‑SUD178,1,0.9879,0,0.008,0,0.9962,0,0,True,LEADING-SIM-V0.1
S‑SUD178,2,0.9818,0,0.0938,1,0.9999,0,0,True,LEADING-SIM-V0.1
S‑SUD178,3,0.9833,0,0.0414,0,0.9976,0,0,True,LEADING-SIM-V0.1
S‑SUD178,4,0.9865,0,0.0093,0,0.9947,0,0,True,LEADING-SIM-V0.1
S‑SUD178,5,0.9869,0,0.0058,0,0.9996,0,0,True,LEADING-SIM-V0.1
S‑SUD178,6,0.9809,0,0.0286,2,0.9961,0,0,True,LEADING-SIM-V0.1
S‑SUD178,7,0.9864,0,0.0111,1,0.9954,0,0,True,LEADING-SIM-V0.1
S‑SUD178,8,0.9886,0,0.0407,1,0.9967,0,0,True,LEADING-SIM-V0.1
S‑SUD178,9,0.9693,0,0.0325,0,0.9943,0,0,True,LEADING-SIM-V0.1
S‑SUD178,10,0.9999,1,0.0012,0,0.9983,0,0,True,LEADING-SIM-V0.1
S‑SUD178,11,0.9911,0,0.0027,1,0.9971,0,0,True,LEADING-SIM-V0.1
S‑SUD178,12,0.9895,0,0.0222,0,0.9971,0,0,True,LEADING-SIM-V0.1
S‑SUD178,13,0.9802,0,0.0095,0,0.9965,0,0,True,LEADING-SIM-V0.1
S‑SUD178,14,0.9885,0,0.0021,0,0.9947,0,0,True,LEADING-SIM-V0.1
S‑SUD178,15,0.991,0,0.0587,0,0.9966,0,0,True,LEADING-SIM-V0.1
S‑SUD178,16,0.9873,0,0.0507,0,0.9957,0,0,True,LEADING-SIM-V0.1
S‑SUD178,17,1.0,0,0.0689,0,0.9973,0,0,True,LEADING-SIM-V0.1
S‑SUD178,18,0.9743,0,0.0089,1,0.9938,0,0,True,LEADING-SIM-V0.1
S‑SUD178,19,0.9859,0,0.0352,0,0.9974,0,0,True,LEADING-SIM-V0.1
S‑SUD178,20,0.9801,0,0.017,1,0.9979,0,0,True,LEADING-SIM-V0.1
S‑SUD178,21,0.9821,1,0.1397,1,0.9964,0,0,True,LEADING-SIM-V0.1
S‑SUD178,22,0.9857,0,0.0358,0,0.9964,0,0,True,LEADING-SIM-V0.1
S‑SUD178,23,0.9803,0,0.0214,0,0.9979,0,0,True,LEADING-SIM-V0.1
S‑SUD178,24,0.993,0,0.0862,2,0.996,0,0,True,LEADING-SIM-V0.1
S‑SUD178,25,0.9897,0,0.0052,0,0.9959,0,0,True,LEADING-SIM-V0.1
S‑SUD178,26,0.9788,0,0.0481,2,0.9974,0,0,True,LEADING-SIM-V0.1
S‑SUD178,27,0.9813,1,0.0449,0,0.9927,0,0,True,LEADING-SIM-V0.1
S‑SUD178,28,0.9822,0,0.0382,0,0.9973,0,0,True,LEADING-SIM-V0.1
S‑SUD178,29,0.9859,0,0.0192,0,0.9991,0,0,True,LEADING-SIM-V0.1
S‑SUD178,30,0.994,0,0.0583,0,0.9971,0,0,True,LEADING-SIM-V0.1
S‑SUD178,31,0.99,0,0.0068,1,0.9963,0,0,True,LEADING-SIM-V0.1
S‑SUD178,32,0.9901,0,0.026,0,0.9946,0,0,True,LEADING-SIM-V0.1
S‑SUD178,33,0.985,1,0.0658,0,0.9974,0,0,True,LEADING-SIM-V0.1
S‑SUD178,34,0.9778,1,0.0327,0,0.9963,0,0,True,LEADING-SIM-V0.1
S‑SUD178,35,0.9786,0,0.0098,1,0.9956,0,0,True,LEADING-SIM-V0.1
S‑SUD178,36,0.9853,0,0.0303,0,0.9959,0,0,True,LEADING-SIM-V0.1
S‑SUD178,37,0.9948,0,0.0132,0,0.9925,0,0,True,LEADING-SIM-V0.1
S‑SUD178,38,0.9859,0,0.0368,0,0.9994,0,0,True,LEADING-SIM-V0.1
S‑SUD178,39,0.9857,0,0.0033,1,0.9983,0,0,True,LEADING-SIM-V0.1
S‑SUD178,40,0.9888,0,0.014,0,0.9998,0,0,True,LEADING-SIM-V0.1
S‑SUD178,41,0.9798,0,0.0317,0,0.9949,0,0,True,LEADING-SIM-V0.1
S‑SUD178,42,0.9919,0,0.0197,0,0.997,0,0,True,LEADING-SIM-V0.1
S‑SUD178,43,0.981,0,0.0983,0,0.9967,0,0,True,LEADING-SIM-V0.1
S‑SUD178,44,0.9773,0,0.0537,0,0.9987,0,0,True,LEADING-SIM-V0.1
S‑SUD178,45,0.9838,0,0.0478,0,0.9947,0,0,True,LEADING-SIM-V0.1
S‑SUD178,46,0.9778,0,0.0038,1,0.9979,0,0,True,LEADING-SIM-V0.1
S‑SUD178,47,0.9863,0,0.0338,0,0.9957,0,0,True,LEADING-SIM-V0.1
S‑SUD178,48,0.9908,0,0.0238,0,0.999,0,0,True,LEADING-SIM-V0.1
S‑SUD178,49,0.9853,0,0.027,0,0.9973,0,0,True,LEADING-SIM-V0.1
S‑SUD178,50,0.9909,1,0.0213,0,0.994,0,0,True,LEADING-SIM-V0.1
S‑SUD178,51,0.9833,0,0.0115,1,0.9989,0,0,True,LEADING-SIM-V0.1
S‑SUD178,52,0.975,0,0.0495,1,0.9945,0,0,True,LEADING-SIM-V0.1
S‑SUD179,1,0.9861,0,0.0232,0,0.9982,0,0,True,LEADING-SIM-V0.1
S‑SUD179,2,0.9778,1,0.0317,2,0.9966,0,0,True,LEADING-SIM-V0.1
S‑SUD179,3,0.98,0,0.0645,2,0.9982,0,0,True,LEADING-SIM-V0.1
S‑SUD179,4,0.9814,0,0.0285,0,0.9971,0,1,True,LEADING-SIM-V0.1
S‑SUD179,5,0.9856,1,0.0651,0,0.9964,0,0,True,LEADING-SIM-V0.1
S‑SUD179,6,0.983,0,0.0292,0,0.9989,0,0,True,LEADING-SIM-V0.1
S‑SUD179,7,0.9876,0,0.0354,1,0.9957,0,0,True,LEADING-SIM-V0.1
S‑SUD179,8,0.9854,0,0.0266,0,0.9946,0,0,True,LEADING-SIM-V0.1
S‑SUD179,9,0.985,0,0.0272,0,0.9983,0,0,True,LEADING-SIM-V0.1
S‑SUD179,10,0.9854,0,0.0088,0,0.996,0,0,True,LEADING-SIM-V0.1
S‑SUD179,11,0.9752,0,0.0418,0,0.9983,0,0,True,LEADING-SIM-V0.1
S‑SUD179,12,0.9754,0,0.15,1,0.9963,0,0,True,LEADING-SIM-V0.1
S‑SUD179,13,0.9862,0,0.0037,0,0.996,0,0,True,LEADING-SIM-V0.1
S‑SUD179,14,0.9824,0,0.0499,0,0.9991,0,0,True,LEADING-SIM-V0.1
S‑SUD179,15,0.9938,0,0.0282,0,0.9986,0,0,True,LEADING-SIM-V0.1
S‑SUD179,16,0.9902,0,0.0028,0,0.9991,0,0,True,LEADING-SIM-V0.1
S‑SUD179,17,0.9805,0,0.0259,1,0.9961,0,0,True,LEADING-SIM-V0.1
S‑SUD179,18,0.9797,0,0.0549,1,0.997,0,0,True,LEADING-SIM-V0.1
S‑SUD179,19,0.981,0,0.0548,0,0.9993,0,0,True,LEADING-SIM-V0.1
S‑SUD179,20,0.984,1,0.0549,0,0.9977,0,0,True,LEADING-SIM-V0.1
S‑SUD179,21,0.9821,0,0.0075,0,0.9973,0,0,True,LEADING-SIM-V0.1
S‑SUD179,22,0.9837,0,0.0542,0,0.9941,0,0,True,LEADING-SIM-V0.1
S‑SUD179,23,0.9837,0,0.0049,2,0.9968,1,1,True,LEADING-SIM-V0.1
S‑SUD179,24,0.9834,0,0.0587,0,0.9973,0,0,True,LEADING-SIM-V0.1
S‑SUD179,25,0.9842,0,0.0079,0,1.0,0,0,True,LEADING-SIM-V0.1
S‑SUD179,26,0.9783,0,0.0083,2,0.9975,0,0,True,LEADING-SIM-V0.1
S‑SUD179,27,0.9903,0,0.0448,1,0.9977,0,0,True,LEADING-SIM-V0.1
S‑SUD179,28,0.9845,0,0.0014,1,0.9982,0,1,True,LEADING-SIM-V0.1
S‑SUD179,29,0.9854,0,0.0039,0,0.9985,0,0,True,LEADING-SIM-V0.1
S‑SUD179,30,0.9903,1,0.0475,0,0.999,0,0,True,LEADING-SIM-V0.1
S‑SUD179,31,0.9911,0,0.0004,0,0.9977,0,0,True,LEADING-SIM-V0.1
S‑SUD179,32,0.9835,1,0.0365,0,0.9952,0,0,True,LEADING-SIM-V0.1
S‑SUD179,33,0.9926,0,0.0893,0,0.9968,0,0,True,LEADING-SIM-V0.1
S‑SUD179,34,0.9859,0,0.0725,0,0.9988,0,0,True,LEADING-SIM-V0.1
S‑SUD179,35,0.9819,0,0.0302,0,0.9958,0,0,True,LEADING-SIM-V0.1
S‑SUD179,36,0.9783,1,0.0807,0,0.9985,0,0,True,LEADING-SIM-V0.1
S‑SUD179,37,0.9854,0,0.0305,0,0.9966,0,0,True,LEADING-SIM-V0.1
S‑SUD179,38,0.9946,0,0.0036,0,0.9949,0,0,True,LEADING-SIM-V0.1
S‑SUD179,39,0.9949,0,0.0508,1,0.9969,0,0,True,LEADING-SIM-V0.1
S‑SUD179,40,0.9751,0,0.0022,0,0.9985,0,0,True,LEADING-SIM-V0.1
S‑SUD179,41,0.9851,0,0.0286,0,0.9976,0,0,True,LEADING-SIM-V0.1
S‑SUD179,42,0.9864,0,0.0051,0,0.9985,0,0,True,LEADING-SIM-V0.1
S‑SUD179,43,0.9837,1,0.0119,0,0.9959,0,0,True,LEADING-SIM-V0.1
S‑SUD179,44,0.9859,0,0.0959,0,0.9989,0,0,True,LEADING-SIM-V0.1
S‑SUD179,45,0.9885,1,0.0352,0,0.9984,0,0,True,LEADING-SIM-V0.1
S‑SUD179,46,0.992,0,0.0043,1,0.9997,1,0,True,LEADING-SIM-V0.1
S‑SUD179,47,0.9913,0,0.0071,1,0.9975,1,0,True,LEADING-SIM-V0.1
S‑SUD179,48,0.98,0,0.0016,1,0.9974,0,0,True,LEADING-SIM-V0.1
S‑SUD179,49,0.9797,0,0.0356,0,1.0,0,0,True,LEADING-SIM-V0.1
S‑SUD179,50,0.9772,0,0.0321,1,0.9978,0,0,True,LEADING-SIM-V0.1
S‑SUD179,51,0.988,0,0.0404,0,0.9956,0,0,True,LEADING-SIM-V0.1
S‑SUD179,52,0.9848,0,0.008,1,0.9963,0,0,True,LEADING-SIM-V0.1
S‑SUD180,1,0.9776,0,0.013,0,0.9965,0,0,True,LEADING-SIM-V0.1
S‑SUD180,2,0.9886,0,0.0225,0,0.9979,0,0,True,LEADING-SIM-V0.1
S‑SUD180,3,0.974,1,0.011,0,0.9953,0,0,True,LEADING-SIM-V0.1
S‑SUD180,4,0.9801,0,0.0143,0,0.9968,0,0,True,LEADING-SIM-V0.1
S‑SUD180,5,0.9842,0,0.0066,0,0.9988,0,0,True,LEADING-SIM-V0.1
S‑SUD180,6,0.9845,0,0.0491,2,0.9968,0,0,True,LEADING-SIM-V0.1
S‑SUD180,7,0.9867,0,0.0391,3,0.9949,0,0,True,LEADING-SIM-V0.1
S‑SUD180,8,0.9848,0,0.0354,1,0.9978,0,0,True,LEADING-SIM-V0.1
S‑SUD180,9,0.989,0,0.0342,0,0.995,0,0,True,LEADING-SIM-V0.1
S‑SUD180,10,0.9867,0,0.0382,1,0.9968,0,0,True,LEADING-SIM-V0.1
S‑SUD180,11,0.9816,0,0.0133,0,0.9962,0,0,True,LEADING-SIM-V0.1
S‑SUD180,12,0.9882,0,0.0637,0,0.998,0,0,True,LEADING-SIM-V0.1
S‑SUD180,13,0.9959,0,0.0151,1,0.9953,0,0,True,LEADING-SIM-V0.1
S‑SUD180,14,0.9838,0,0.1034,1,0.9987,0,0,True,LEADING-SIM-V0.1
S‑SUD180,15,0.9856,1,0.0299,1,1.0,0,0,True,LEADING-SIM-V0.1
S‑SUD180,16,0.9794,1,0.0057,2,0.9968,0,0,True,LEADING-SIM-V0.1
S‑SUD180,17,0.983,0,0.0207,0,0.9958,0,0,True,LEADING-SIM-V0.1
S‑SUD180,18,0.9938,0,0.0132,2,0.9979,0,0,True,LEADING-SIM-V0.1
S‑SUD180,19,0.9929,0,0.0279,0,0.9955,0,0,True,LEADING-SIM-V0.1
S‑SUD180,20,0.9816,0,0.0039,2,0.9952,0,0,True,LEADING-SIM-V0.1
S‑SUD180,21,0.9781,0,0.0001,0,0.9961,0,1,True,LEADING-SIM-V0.1
S‑SUD180,22,0.9787,0,0.0165,0,0.9965,0,0,True,LEADING-SIM-V0.1
S‑SUD180,23,0.9831,0,0.0009,0,0.9971,0,0,True,LEADING-SIM-V0.1
S‑SUD180,24,0.9842,0,0.0031,1,0.9985,0,0,True,LEADING-SIM-V0.1
S‑SUD180,25,0.978,0,0.0322,1,0.9988,0,0,True,LEADING-SIM-V0.1
S‑SUD180,26,0.9829,0,0.0472,0,0.9959,0,0,True,LEADING-SIM-V0.1
S‑SUD180,27,0.9921,0,0.0283,0,0.9944,0,0,True,LEADING-SIM-V0.1
S‑SUD180,28,0.9815,0,0.017,0,0.9971,0,0,True,LEADING-SIM-V0.1
S‑SUD180,29,0.9832,0,0.0104,2,0.996,0,0,True,LEADING-SIM-V0.1
S‑SUD180,30,0.9786,0,0.0397,1,0.9969,0,0,True,LEADING-SIM-V0.1
S‑SUD180,31,0.9796,0,0.0158,0,0.9974,0,0,True,LEADING-SIM-V0.1
S‑SUD180,32,0.9869,0,0.036,1,0.9964,0,0,True,LEADING-SIM-V0.1
S‑SUD180,33,0.9828,0,0.0632,0,0.9984,0,0,True,LEADING-SIM-V0.1
S‑SUD180,34,0.9852,0,0.0422,0,0.9959,0,0,True,LEADING-SIM-V0.1
S‑SUD180,35,0.983,0,0.0311,1,0.997,0,0,True,LEADING-SIM-V0.1
S‑SUD180,36,0.9869,1,0.0028,1,0.9974,0,0,True,LEADING-SIM-V0.1
S‑SUD180,37,0.9883,0,0.0367,1,0.9974,0,0,True,LEADING-SIM-V0.1
S‑SUD180,38,0.9935,0,0.0382,0,0.9929,0,1,True,LEADING-SIM-V0.1
S‑SUD180,39,0.9864,0,0.0603,0,0.9953,0,0,True,LEADING-SIM-V0.1
S‑SUD180,40,0.9824,0,0.0017,0,0.9979,0,0,True,LEADING-SIM-V0.1
S‑SUD180,41,0.9795,0,0.0063,0,0.9973,0,0,True,LEADING-SIM-V0.1
S‑SUD180,42,0.9822,0,0.0349,0,0.9942,0,0,True,LEADING-SIM-V0.1
S‑SUD180,43,0.9815,0,0.0104,1,0.9959,1,0,True,LEADING-SIM-V0.1
S‑SUD180,44,0.986,0,0.0299,0,0.9966,0,0,True,LEADING-SIM-V0.1
S‑SUD180,45,0.9885,1,0.0017,0,0.9958,0,0,True,LEADING-SIM-V0.1
S‑SUD180,46,0.98,0,0.0184,0,0.9977,0,0,True,LEADING-SIM-V0.1
S‑SUD180,47,0.9842,0,0.0437,0,0.9974,0,0,True,LEADING-SIM-V0.1
S‑SUD180,48,0.9759,1,0.0398,0,0.9976,0,0,True,LEADING-SIM-V0.1
S‑SUD180,49,0.9872,0,0.0756,0,0.9983,0,0,True,LEADING-SIM-V0.1
S‑SUD180,50,0.9846,0,0.0198,0,0.9968,0,0,True,LEADING-SIM-V0.1
S‑SUD180,51,0.9912,0,0.0098,0,0.9948,0,0,True,LEADING-SIM-V0.1
S‑SUD180,52,0.9783,1,0.0762,0,0.9989,0,0,True,LEADING-SIM-V0.1
S‑REC181,1,0.9816,0,0.041,0,0.9972,0,0,True,LEADING-SIM-V0.1
S‑REC181,2,0.9805,0,0.0742,0,0.9976,0,0,True,LEADING-SIM-V0.1
S‑REC181,3,0.993,0,0.0079,1,0.9967,0,0,True,LEADING-SIM-V0.1
S‑REC181,4,0.9847,0,0.0044,1,0.999,0,0,True,LEADING-SIM-V0.1
S‑REC181,5,0.9848,1,0.032,0,0.9966,0,0,True,LEADING-SIM-V0.1
S‑REC181,6,0.9918,0,0.0719,0,0.9977,0,0,True,LEADING-SIM-V0.1
S‑REC181,7,0.9796,0,0.0045,0,0.996,0,0,True,LEADING-SIM-V0.1
S‑REC181,8,0.9869,0,0.033,0,0.999,0,0,True,LEADING-SIM-V0.1
S‑REC181,9,0.997,0,0.0287,0,0.9966,0,0,True,LEADING-SIM-V0.1
S‑REC181,10,0.9873,2,0.0245,0,0.9973,0,0,True,LEADING-SIM-V0.1
S‑REC181,11,0.9892,0,0.0529,2,0.9958,0,0,True,LEADING-SIM-V0.1
S‑REC181,12,0.9907,1,0.0066,0,0.997,0,0,True,LEADING-SIM-V0.1
S‑REC181,13,0.9739,0,0.0834,0,0.9978,0,0,True,LEADING-SIM-V0.1
S‑REC181,14,0.9912,1,0.0155,1,0.9956,0,0,True,LEADING-SIM-V0.1
S‑REC181,15,0.9761,0,0.0707,0,0.9972,0,0,True,LEADING-SIM-V0.1
S‑REC181,16,0.9885,0,0.0155,0,0.9941,0,0,True,LEADING-SIM-V0.1
S‑REC181,17,0.9869,1,0.0151,0,0.996,0,0,True,LEADING-SIM-V0.1
S‑REC181,18,0.9806,0,0.018,1,0.9976,0,0,True,LEADING-SIM-V0.1
S‑REC181,19,0.9889,0,0.15,0,0.9983,0,0,True,LEADING-SIM-V0.1
S‑REC181,20,0.9847,1,0.0417,1,0.9967,0,0,True,LEADING-SIM-V0.1
S‑REC181,21,0.9915,0,0.0186,0,0.9986,0,0,True,LEADING-SIM-V0.1
S‑REC181,22,1.0,0,0.0023,1,0.9984,0,0,True,LEADING-SIM-V0.1
S‑REC181,23,0.9801,0,0.0696,0,0.9969,0,0,True,LEADING-SIM-V0.1
S‑REC181,24,0.9773,0,0.0115,0,0.9976,0,0,True,LEADING-SIM-V0.1
S‑REC181,25,0.9838,0,0.15,0,0.9984,0,0,True,LEADING-SIM-V0.1
S‑REC181,26,0.9832,0,0.0021,0,0.9974,0,0,True,LEADING-SIM-V0.1
S‑REC181,27,0.984,0,0.0455,0,0.9949,0,0,True,LEADING-SIM-V0.1
S‑REC181,28,0.9821,0,0.0279,0,0.9964,0,0,True,LEADING-SIM-V0.1
S‑REC181,29,0.9888,0,0.0146,0,0.9969,0,0,True,LEADING-SIM-V0.1
S‑REC181,30,0.9621,0,0.0273,0,0.9968,0,0,True,LEADING-SIM-V0.1
S‑REC181,31,0.9805,0,0.0558,0,0.9987,0,0,True,LEADING-SIM-V0.1
S‑REC181,32,0.9885,1,0.0952,0,0.9978,0,0,True,LEADING-SIM-V0.1
S‑REC181,33,0.9869,0,0.0464,0,0.998,0,0,True,LEADING-SIM-V0.1
S‑REC181,34,0.9772,0,0.0503,1,0.9982,0,0,True,LEADING-SIM-V0.1
S‑REC181,35,0.9777,0,0.0031,0,0.9966,0,0,True,LEADING-SIM-V0.1
S‑REC181,36,0.9801,0,0.0521,1,0.9962,0,0,True,LEADING-SIM-V0.1
S‑REC181,37,0.9872,0,0.0194,1,0.997,0,0,True,LEADING-SIM-V0.1
S‑REC181,38,0.9861,0,0.116,1,0.9974,0,0,True,LEADING-SIM-V0.1
S‑REC181,39,0.9922,0,0.0231,0,0.9973,0,0,True,LEADING-SIM-V0.1
S‑REC181,40,0.9931,0,0.0118,1,0.999,0,0,True,LEADING-SIM-V0.1
S‑REC181,41,0.9906,0,0.0202,0,0.9975,0,0,True,LEADING-SIM-V0.1
S‑REC181,42,0.9894,0,0.0359,1,0.9955,0,0,True,LEADING-SIM-V0.1
S‑REC181,43,0.9839,0,0.0124,0,0.9972,0,0,True,LEADING-SIM-V0.1
S‑REC181,44,0.9845,0,0.051,0,0.9952,0,0,True,LEADING-SIM-V0.1
S‑REC181,45,0.9805,0,0.0266,0,0.9989,0,0,True,LEADING-SIM-V0.1
S‑REC181,46,0.9824,1,0.0475,0,0.9994,0,0,True,LEADING-SIM-V0.1
S‑REC181,47,0.986,0,0.0077,2,0.9966,0,0,True,LEADING-SIM-V0.1
S‑REC181,48,0.9966,0,0.0464,0,0.9985,0,0,True,LEADING-SIM-V0.1
S‑REC181,49,0.9776,1,0.0119,2,0.9983,0,0,True,LEADING-SIM-V0.1
S‑REC181,50,0.9827,1,0.1252,0,0.9953,0,0,True,LEADING-SIM-V0.1
S‑REC181,51,0.9849,0,0.0092,0,0.9993,0,0,True,LEADING-SIM-V0.1
S‑REC181,52,0.9835,0,0.0554,0,0.9958,0,0,True,LEADING-SIM-V0.1
S‑REC182,1,0.9806,0,0.0166,1,0.9996,1,0,True,LEADING-SIM-V0.1
S‑REC182,2,0.9896,0,0.0221,0,0.9971,0,0,True,LEADING-SIM-V0.1
S‑REC182,3,0.9872,1,0.0391,0,0.9979,0,0,True,LEADING-SIM-V0.1
S‑REC182,4,0.9844,0,0.0168,0,0.9991,0,0,True,LEADING-SIM-V0.1
S‑REC182,5,0.9852,0,0.0702,1,0.9966,0,0,True,LEADING-SIM-V0.1
S‑REC182,6,0.9794,0,0.019,0,0.9983,0,0,True,LEADING-SIM-V0.1
S‑REC182,7,0.9795,0,0.0773,0,0.9958,0,0,True,LEADING-SIM-V0.1
S‑REC182,8,0.9888,1,0.002,0,0.9951,0,0,True,LEADING-SIM-V0.1
S‑REC182,9,0.9795,0,0.0975,1,1.0,0,0,True,LEADING-SIM-V0.1
S‑REC182,10,0.9863,0,0.0472,0,0.9974,0,0,True,LEADING-SIM-V0.1
S‑REC182,11,0.983,0,0.0253,0,0.9996,0,0,True,LEADING-SIM-V0.1
S‑REC182,12,0.987,0,0.001,0,0.9962,0,0,True,LEADING-SIM-V0.1
S‑REC182,13,0.985,0,0.0225,0,0.9949,1,0,True,LEADING-SIM-V0.1
S‑REC182,14,0.9886,0,0.0026,1,0.9978,0,0,True,LEADING-SIM-V0.1
S‑REC182,15,0.9877,1,0.0044,0,0.9982,0,0,True,LEADING-SIM-V0.1
S‑REC182,16,0.9807,0,0.0619,0,1.0,0,1,True,LEADING-SIM-V0.1
S‑REC182,17,0.9867,0,0.0464,1,0.9978,0,0,True,LEADING-SIM-V0.1
S‑REC182,18,0.9874,0,0.0084,1,0.9964,0,0,True,LEADING-SIM-V0.1
S‑REC182,19,0.9824,0,0.0523,1,0.9959,0,0,True,LEADING-SIM-V0.1
S‑REC182,20,0.9893,0,0.0402,0,0.9982,0,0,True,LEADING-SIM-V0.1
S‑REC182,21,0.9877,0,0.0339,0,0.9976,0,0,True,LEADING-SIM-V0.1
S‑REC182,22,0.9828,0,0.0039,0,0.9959,0,0,True,LEADING-SIM-V0.1
S‑REC182,23,1.0,0,0.0034,0,0.9988,0,0,True,LEADING-SIM-V0.1
S‑REC182,24,0.9799,0,0.015,0,0.9964,0,0,True,LEADING-SIM-V0.1
S‑REC182,25,0.9791,1,0.0288,0,0.9944,0,0,True,LEADING-SIM-V0.1
S‑REC182,26,0.9897,0,0.0108,0,0.9951,0,0,True,LEADING-SIM-V0.1
S‑REC182,27,0.9817,0,0.0304,0,0.9958,0,0,True,LEADING-SIM-V0.1
S‑REC182,28,0.9972,0,0.0029,1,0.9967,0,0,True,LEADING-SIM-V0.1
S‑REC182,29,0.9687,0,0.0114,0,0.9966,0,0,True,LEADING-SIM-V0.1
S‑REC182,30,0.9863,0,0.0316,0,0.9972,0,0,True,LEADING-SIM-V0.1
S‑REC182,31,0.9898,0,0.0392,0,0.9993,0,0,True,LEADING-SIM-V0.1
S‑REC182,32,0.9842,0,0.0333,0,0.9947,0,0,True,LEADING-SIM-V0.1
S‑REC182,33,0.9828,0,0.0312,0,0.9977,0,0,True,LEADING-SIM-V0.1
S‑REC182,34,0.9829,1,0.0056,0,0.9976,0,0,True,LEADING-SIM-V0.1
S‑REC182,35,0.9862,0,0.029,1,0.9977,0,0,True,LEADING-SIM-V0.1
S‑REC182,36,0.9816,1,0.0225,0,0.9951,0,0,True,LEADING-SIM-V0.1
S‑REC182,37,0.9953,0,0.0303,0,0.9973,0,0,True,LEADING-SIM-V0.1
S‑REC182,38,0.9819,0,0.0231,0,0.9947,0,0,True,LEADING-SIM-V0.1
S‑REC182,39,0.9825,0,0.0201,0,0.9954,1,0,True,LEADING-SIM-V0.1
S‑REC182,40,0.9795,0,0.0309,0,0.9975,0,0,True,LEADING-SIM-V0.1
S‑REC182,41,0.9794,0,0.0239,0,0.9961,0,0,True,LEADING-SIM-V0.1
S‑REC182,42,0.9826,0,0.048,0,0.9951,0,0,True,LEADING-SIM-V0.1
S‑REC182,43,0.9845,0,0.0262,0,0.9968,0,0,True,LEADING-SIM-V0.1
S‑REC182,44,0.9866,0,0.0288,1,0.9974,0,0,True,LEADING-SIM-V0.1
S‑REC182,45,0.9907,0,0.0354,0,0.9977,0,0,True,LEADING-SIM-V0.1
S‑REC182,46,0.9798,2,0.0003,0,0.9988,0,0,True,LEADING-SIM-V0.1
S‑REC182,47,0.9822,0,0.0106,1,0.9961,0,0,True,LEADING-SIM-V0.1
S‑REC182,48,0.9794,0,0.0078,0,0.9976,0,0,True,LEADING-SIM-V0.1
S‑REC182,49,0.9929,0,0.008,0,0.9952,1,0,True,LEADING-SIM-V0.1
S‑REC182,50,0.983,0,0.0132,1,0.9964,0,0,True,LEADING-SIM-V0.1
S‑REC182,51,0.9885,0,0.0354,0,0.9944,0,0,True,LEADING-SIM-V0.1
S‑REC182,52,0.9844,0,0.0421,0,0.9963,0,0,True,LEADING-SIM-V0.1
S‑REC183,1,0.9802,0,0.0287,0,0.9981,0,0,True,LEADING-SIM-V0.1
S‑REC183,2,0.9773,0,0.0265,0,0.9973,0,0,True,LEADING-SIM-V0.1
S‑REC183,3,0.9694,0,0.0041,0,0.9954,0,0,True,LEADING-SIM-V0.1
S‑REC183,4,0.9704,0,0.0257,0,0.9983,0,0,True,LEADING-SIM-V0.1
S‑REC183,5,0.9881,0,0.0506,0,0.9968,0,0,True,LEADING-SIM-V0.1
S‑REC183,6,0.9911,0,0.004,0,0.9974,0,0,True,LEADING-SIM-V0.1
S‑REC183,7,0.9731,0,0.015,0,0.9937,0,0,True,LEADING-SIM-V0.1
S‑REC183,8,0.9845,0,0.0025,0,0.9989,0,0,True,LEADING-SIM-V0.1
S‑REC183,9,0.9844,0,0.0253,0,0.9962,0,0,True,LEADING-SIM-V0.1
S‑REC183,10,0.9787,0,0.0033,0,0.997,0,0,True,LEADING-SIM-V0.1
S‑REC183,11,0.9883,1,0.0034,1,0.9975,0,0,True,LEADING-SIM-V0.1
S‑REC183,12,0.9822,0,0.0524,0,0.9945,0,1,True,LEADING-SIM-V0.1
S‑REC183,13,0.9805,0,0.0263,0,0.9999,0,0,True,LEADING-SIM-V0.1
S‑REC183,14,0.9835,0,0.0878,0,0.9979,0,0,True,LEADING-SIM-V0.1
S‑REC183,15,0.9934,0,0.0224,0,0.997,0,0,True,LEADING-SIM-V0.1
S‑REC183,16,0.9864,0,0.0045,1,0.9952,0,0,True,LEADING-SIM-V0.1
S‑REC183,17,0.9885,0,0.0121,0,0.9983,0,0,True,LEADING-SIM-V0.1
S‑REC183,18,0.9822,0,0.0257,0,0.9992,0,0,True,LEADING-SIM-V0.1
S‑REC183,19,0.9927,0,0.0144,0,0.9986,0,1,True,LEADING-SIM-V0.1
S‑REC183,20,0.9778,0,0.0043,0,0.995,0,0,True,LEADING-SIM-V0.1
S‑REC183,21,0.9841,0,0.0082,0,0.9975,0,0,True,LEADING-SIM-V0.1
S‑REC183,22,0.9899,0,0.0638,0,0.9973,0,0,True,LEADING-SIM-V0.1
S‑REC183,23,0.9781,0,0.0401,0,0.9946,0,0,True,LEADING-SIM-V0.1
S‑REC183,24,0.9848,0,0.0172,0,0.9963,0,0,True,LEADING-SIM-V0.1
S‑REC183,25,0.9812,0,0.0432,0,0.9967,0,0,True,LEADING-SIM-V0.1
S‑REC183,26,0.9866,1,0.0164,0,1.0,0,0,True,LEADING-SIM-V0.1
S‑REC183,27,0.9792,1,0.0305,0,0.9981,0,0,True,LEADING-SIM-V0.1
S‑REC183,28,0.989,0,0.0755,0,0.9965,1,1,True,LEADING-SIM-V0.1
S‑REC183,29,0.9838,0,0.0137,0,0.996,0,0,True,LEADING-SIM-V0.1
S‑REC183,30,0.9794,0,0.0315,1,0.9955,0,0,True,LEADING-SIM-V0.1
S‑REC183,31,0.9818,0,0.0753,0,0.9987,0,0,True,LEADING-SIM-V0.1
S‑REC183,32,0.9774,0,0.0321,2,0.9969,0,0,True,LEADING-SIM-V0.1
S‑REC183,33,0.98,0,0.0244,0,0.9964,1,0,True,LEADING-SIM-V0.1
S‑REC183,34,0.9856,0,0.0301,0,0.9952,0,0,True,LEADING-SIM-V0.1
S‑REC183,35,0.9759,0,0.0335,0,0.9944,0,0,True,LEADING-SIM-V0.1
S‑REC183,36,0.9841,0,0.0519,1,0.9976,0,0,True,LEADING-SIM-V0.1
S‑REC183,37,0.9961,0,0.0146,1,0.9979,0,0,True,LEADING-SIM-V0.1
S‑REC183,38,0.9904,1,0.15,0,0.9947,0,0,True,LEADING-SIM-V0.1
S‑REC183,39,0.9998,0,0.0075,0,0.9946,0,0,True,LEADING-SIM-V0.1
S‑REC183,40,0.9874,0,0.0434,0,0.9953,0,0,True,LEADING-SIM-V0.1
S‑REC183,41,0.9837,0,0.0709,1,0.9974,0,0,True,LEADING-SIM-V0.1
S‑REC183,42,0.9859,0,0.0135,0,0.9965,0,0,True,LEADING-SIM-V0.1
S‑REC183,43,0.9889,0,0.0286,0,0.9972,0,0,True,LEADING-SIM-V0.1
S‑REC183,44,0.9937,1,0.0126,1,0.9965,0,0,True,LEADING-SIM-V0.1
S‑REC183,45,0.9887,1,0.0866,1,0.9953,0,0,True,LEADING-SIM-V0.1
S‑REC183,46,0.9847,1,0.0382,0,0.9972,0,0,True,LEADING-SIM-V0.1
S‑REC183,47,0.9806,1,0.0344,0,0.9965,0,1,True,LEADING-SIM-V0.1
S‑REC183,48,0.9836,0,0.0091,0,0.997,0,0,True,LEADING-SIM-V0.1
S‑REC183,49,0.9848,0,0.0645,0,0.9983,0,0,True,LEADING-SIM-V0.1
S‑REC183,50,0.9835,0,0.0236,0,0.996,0,0,True,LEADING-SIM-V0.1
S‑REC183,51,0.9937,0,0.0425,0,0.9982,0,0,True,LEADING-SIM-V0.1
S‑REC183,52,0.9836,0,0.06,0,0.9977,0,0,True,LEADING-SIM-V0.1
S‑REC184,1,1.0,0,0.0338,1,0.9962,0,0,True,LEADING-SIM-V0.1
S‑REC184,2,1.0,0,0.005,0,0.9983,0,0,True,LEADING-SIM-V0.1
S‑REC184,3,0.9838,0,0.1074,1,0.9935,0,0,True,LEADING-SIM-V0.1
S‑REC184,4,0.9867,1,0.006,0,0.9989,0,0,True,LEADING-SIM-V0.1
S‑REC184,5,0.9886,0,0.0219,1,0.9969,0,0,True,LEADING-SIM-V0.1
S‑REC184,6,0.987,0,0.0242,0,0.9974,0,0,True,LEADING-SIM-V0.1
S‑REC184,7,0.9818,0,0.013,0,0.9983,0,0,True,LEADING-SIM-V0.1
S‑REC184,8,0.9815,0,0.0262,0,0.9973,0,0,True,LEADING-SIM-V0.1
S‑REC184,9,0.9835,0,0.0016,0,0.9965,0,0,True,LEADING-SIM-V0.1
S‑REC184,10,0.9767,0,0.082,1,0.9957,1,0,True,LEADING-SIM-V0.1
S‑REC184,11,0.9789,0,0.0011,0,0.9975,0,0,True,LEADING-SIM-V0.1
S‑REC184,12,0.9835,0,0.0164,1,0.9974,0,0,True,LEADING-SIM-V0.1
S‑REC184,13,0.9853,0,0.0301,0,0.9975,0,0,True,LEADING-SIM-V0.1
S‑REC184,14,0.9848,0,0.0159,0,0.9976,0,0,True,LEADING-SIM-V0.1
S‑REC184,15,0.9815,0,0.0309,2,0.9969,0,0,True,LEADING-SIM-V0.1
S‑REC184,16,0.9724,0,0.0048,1,0.999,0,0,True,LEADING-SIM-V0.1
S‑REC184,17,0.9922,0,0.0301,0,0.9956,0,0,True,LEADING-SIM-V0.1
S‑REC184,18,0.9896,0,0.019,0,0.9966,0,0,True,LEADING-SIM-V0.1
S‑REC184,19,0.9849,0,0.0199,1,0.9956,0,0,True,LEADING-SIM-V0.1
S‑REC184,20,0.9858,0,0.0073,0,0.9962,0,0,True,LEADING-SIM-V0.1
S‑REC184,21,0.9806,0,0.0302,0,0.9991,0,0,True,LEADING-SIM-V0.1
S‑REC184,22,0.9748,0,0.0442,1,0.9977,0,0,True,LEADING-SIM-V0.1
S‑REC184,23,0.9865,1,0.0346,0,0.995,0,0,True,LEADING-SIM-V0.1
S‑REC184,24,0.9845,0,0.0012,0,0.9975,0,0,True,LEADING-SIM-V0.1
S‑REC184,25,0.9867,1,0.0258,0,0.9965,0,0,True,LEADING-SIM-V0.1
S‑REC184,26,0.9872,0,0.1152,1,0.9969,0,0,True,LEADING-SIM-V0.1
S‑REC184,27,0.9925,0,0.0517,0,0.9985,0,0,True,LEADING-SIM-V0.1
S‑REC184,28,0.9858,0,0.0101,0,1.0,0,0,True,LEADING-SIM-V0.1
S‑REC184,29,0.9942,0,0.0622,0,0.9984,0,0,True,LEADING-SIM-V0.1
S‑REC184,30,0.9822,0,0.0621,2,0.9949,0,0,True,LEADING-SIM-V0.1
S‑REC184,31,0.9907,0,0.0264,0,0.9961,0,0,True,LEADING-SIM-V0.1
S‑REC184,32,0.99,0,0.0138,1,0.997,0,0,True,LEADING-SIM-V0.1
S‑REC184,33,0.979,0,0.0225,0,0.9992,0,0,True,LEADING-SIM-V0.1
S‑REC184,34,0.9892,0,0.046,0,0.9969,0,0,True,LEADING-SIM-V0.1
S‑REC184,35,0.9879,0,0.0492,0,0.9992,0,0,True,LEADING-SIM-V0.1
S‑REC184,36,0.9922,0,0.0198,1,0.9985,0,0,True,LEADING-SIM-V0.1
S‑REC184,37,0.9873,0,0.0262,0,0.9988,0,0,True,LEADING-SIM-V0.1
S‑REC184,38,0.9851,0,0.0159,0,0.9964,0,0,True,LEADING-SIM-V0.1
S‑REC184,39,0.9817,0,0.0129,0,0.995,0,0,True,LEADING-SIM-V0.1
S‑REC184,40,0.9931,0,0.0809,0,0.996,0,0,True,LEADING-SIM-V0.1
S‑REC184,41,0.989,0,0.0192,1,0.9941,0,0,True,LEADING-SIM-V0.1
S‑REC184,42,0.9801,0,0.0782,1,0.9982,0,0,True,LEADING-SIM-V0.1
S‑REC184,43,0.9839,0,0.038,0,0.9978,1,0,True,LEADING-SIM-V0.1
S‑REC184,44,0.9885,0,0.0053,0,0.9977,0,0,True,LEADING-SIM-V0.1
S‑REC184,45,0.9906,0,0.0278,0,0.995,0,0,True,LEADING-SIM-V0.1
S‑REC184,46,0.9826,0,0.0079,0,0.9949,0,0,True,LEADING-SIM-V0.1
S‑REC184,47,0.9747,0,0.15,0,0.9985,0,0,True,LEADING-SIM-V0.1
S‑REC184,48,0.9775,0,0.0322,0,0.9952,0,0,True,LEADING-SIM-V0.1
S‑REC184,49,0.9928,0,0.0098,0,0.9947,0,0,True,LEADING-SIM-V0.1
S‑REC184,50,0.991,0,0.035,1,0.9983,0,0,True,LEADING-SIM-V0.1
S‑REC184,51,0.9927,0,0.0161,0,0.9964,0,0,True,LEADING-SIM-V0.1
S‑REC184,52,0.9811,0,0.0171,0,0.9991,0,0,True,LEADING-SIM-V0.1
S‑REC185,1,0.9859,0,0.0843,0,0.9969,0,0,True,LEADING-SIM-V0.1
S‑REC185,2,0.9803,0,0.068,1,0.9993,0,0,True,LEADING-SIM-V0.1
S‑REC185,3,0.9948,1,0.0203,0,0.998,0,0,True,LEADING-SIM-V0.1
S‑REC185,4,0.9873,0,0.0006,0,0.9988,0,0,True,LEADING-SIM-V0.1
S‑REC185,5,0.9771,0,0.0253,0,0.9972,0,0,True,LEADING-SIM-V0.1
S‑REC185,6,0.9956,0,0.0131,0,0.9973,0,0,True,LEADING-SIM-V0.1
S‑REC185,7,0.9873,0,0.0561,0,0.9979,0,0,True,LEADING-SIM-V0.1
S‑REC185,8,0.9857,0,0.0295,0,0.997,0,0,True,LEADING-SIM-V0.1
S‑REC185,9,0.984,0,0.0163,0,0.9954,0,0,True,LEADING-SIM-V0.1
S‑REC185,10,0.9921,0,0.0168,1,0.9942,0,0,True,LEADING-SIM-V0.1
S‑REC185,11,0.9759,0,0.0161,0,0.996,0,0,True,LEADING-SIM-V0.1
S‑REC185,12,0.9848,0,0.0201,0,0.9943,0,0,True,LEADING-SIM-V0.1
S‑REC185,13,0.9787,0,0.0147,0,0.9969,0,0,True,LEADING-SIM-V0.1
S‑REC185,14,0.9988,0,0.03,0,0.9964,0,0,True,LEADING-SIM-V0.1
S‑REC185,15,0.9823,0,0.1047,1,0.9962,0,0,True,LEADING-SIM-V0.1
S‑REC185,16,0.9825,0,0.0902,0,0.9984,0,0,True,LEADING-SIM-V0.1
S‑REC185,17,0.9867,1,0.0102,0,0.9983,0,0,True,LEADING-SIM-V0.1
S‑REC185,18,0.9795,0,0.0605,0,0.9986,0,0,True,LEADING-SIM-V0.1
S‑REC185,19,0.9829,0,0.0052,0,0.9955,0,0,True,LEADING-SIM-V0.1
S‑REC185,20,0.9833,1,0.0123,0,0.9977,0,0,True,LEADING-SIM-V0.1
S‑REC185,21,0.9868,0,0.0649,0,0.9969,0,0,True,LEADING-SIM-V0.1
S‑REC185,22,0.9793,0,0.0059,0,0.9995,0,0,True,LEADING-SIM-V0.1
S‑REC185,23,0.9917,0,0.0408,2,0.997,0,0,True,LEADING-SIM-V0.1
S‑REC185,24,0.9823,0,0.0069,0,0.9973,0,0,True,LEADING-SIM-V0.1
S‑REC185,25,0.9894,0,0.0531,0,0.9974,0,0,True,LEADING-SIM-V0.1
S‑REC185,26,0.989,0,0.0755,2,0.9957,0,0,True,LEADING-SIM-V0.1
S‑REC185,27,0.9933,1,0.0446,1,0.9966,0,0,True,LEADING-SIM-V0.1
S‑REC185,28,0.9829,0,0.0578,0,0.9972,0,0,True,LEADING-SIM-V0.1
S‑REC185,29,0.9929,0,0.0458,0,0.9981,0,0,True,LEADING-SIM-V0.1
S‑REC185,30,0.991,0,0.0059,0,0.998,0,0,True,LEADING-SIM-V0.1
S‑REC185,31,0.9965,0,0.0219,1,0.9953,0,0,True,LEADING-SIM-V0.1
S‑REC185,32,0.9798,0,0.0409,1,0.9969,0,0,True,LEADING-SIM-V0.1
S‑REC185,33,0.9894,0,0.023,0,0.9981,0,0,True,LEADING-SIM-V0.1
S‑REC185,34,0.9873,0,0.0113,0,0.9992,0,0,True,LEADING-SIM-V0.1
S‑REC185,35,0.9834,0,0.0051,0,0.9956,0,0,True,LEADING-SIM-V0.1
S‑REC185,36,0.9931,0,0.1031,1,0.997,0,0,True,LEADING-SIM-V0.1
S‑REC185,37,0.9739,0,0.018,0,0.9984,0,0,True,LEADING-SIM-V0.1
S‑REC185,38,0.9779,0,0.0026,1,0.9993,0,0,True,LEADING-SIM-V0.1
S‑REC185,39,0.984,0,0.0086,0,0.9966,0,0,True,LEADING-SIM-V0.1
S‑REC185,40,0.9868,1,0.0402,0,0.9975,0,0,True,LEADING-SIM-V0.1
S‑REC185,41,0.9832,1,0.0519,1,0.9964,0,0,True,LEADING-SIM-V0.1
S‑REC185,42,0.98,0,0.0195,0,0.9971,0,0,True,LEADING-SIM-V0.1
S‑REC185,43,0.9837,1,0.0571,1,0.9953,0,0,True,LEADING-SIM-V0.1
S‑REC185,44,0.9859,0,0.0531,0,0.9953,0,0,True,LEADING-SIM-V0.1
S‑REC185,45,0.9841,0,0.0091,0,0.9954,0,0,True,LEADING-SIM-V0.1
S‑REC185,46,0.9913,0,0.0187,0,0.9991,0,0,True,LEADING-SIM-V0.1
S‑REC185,47,0.9929,1,0.0543,0,0.9952,0,0,True,LEADING-SIM-V0.1
S‑REC185,48,0.9791,0,0.0086,0,0.9941,0,0,True,LEADING-SIM-V0.1
S‑REC185,49,0.993,0,0.0036,1,0.9963,0,0,True,LEADING-SIM-V0.1
S‑REC185,50,0.982,1,0.0126,1,0.9943,0,0,True,LEADING-SIM-V0.1
S‑REC185,51,0.9913,0,0.0504,1,1.0,0,0,True,LEADING-SIM-V0.1
S‑REC185,52,0.9826,0,0.0023,0,0.9982,0,0,True,LEADING-SIM-V0.1
S‑REC186,1,0.9878,0,0.0442,0,0.9962,0,0,True,LEADING-SIM-V0.1
S‑REC186,2,0.9831,0,0.0558,1,0.9952,0,0,True,LEADING-SIM-V0.1
S‑REC186,3,0.985,1,0.0064,0,0.9968,0,1,True,LEADING-SIM-V0.1
S‑REC186,4,0.9811,0,0.018,0,0.9955,0,0,True,LEADING-SIM-V0.1
S‑REC186,5,0.9848,0,0.0012,0,0.9993,0,0,True,LEADING-SIM-V0.1
S‑REC186,6,0.9766,1,0.0269,1,0.9964,0,0,True,LEADING-SIM-V0.1
S‑REC186,7,0.9796,0,0.0527,0,0.9997,0,0,True,LEADING-SIM-V0.1
S‑REC186,8,0.9876,1,0.0583,0,0.9973,0,0,True,LEADING-SIM-V0.1
S‑REC186,9,0.9809,0,0.0424,0,0.9969,0,0,True,LEADING-SIM-V0.1
S‑REC186,10,0.9815,0,0.0483,0,0.9943,0,0,True,LEADING-SIM-V0.1
S‑REC186,11,0.9815,0,0.0283,0,0.9979,0,0,True,LEADING-SIM-V0.1
S‑REC186,12,0.9952,0,0.0599,1,0.9968,0,0,True,LEADING-SIM-V0.1
S‑REC186,13,0.982,0,0.0052,0,0.9957,0,0,True,LEADING-SIM-V0.1
S‑REC186,14,0.9881,0,0.0055,0,0.9967,0,0,True,LEADING-SIM-V0.1
S‑REC186,15,0.9935,0,0.0295,0,0.9958,0,0,True,LEADING-SIM-V0.1
S‑REC186,16,0.9777,0,0.0036,0,0.9984,0,0,True,LEADING-SIM-V0.1
S‑REC186,17,0.9776,0,0.0024,0,0.9968,0,0,True,LEADING-SIM-V0.1
S‑REC186,18,0.9884,3,0.0348,0,0.998,0,0,True,LEADING-SIM-V0.1
S‑REC186,19,0.9749,0,0.025,0,0.995,0,0,True,LEADING-SIM-V0.1
S‑REC186,20,0.9842,0,0.0622,0,0.9976,0,0,True,LEADING-SIM-V0.1
S‑REC186,21,0.9862,0,0.0249,0,1.0,0,0,True,LEADING-SIM-V0.1
S‑REC186,22,0.9897,0,0.0023,1,0.9981,0,0,True,LEADING-SIM-V0.1
S‑REC186,23,0.9922,0,0.0113,0,0.9977,0,0,True,LEADING-SIM-V0.1
S‑REC186,24,0.9928,0,0.0229,0,0.9963,0,0,True,LEADING-SIM-V0.1
S‑REC186,25,0.9789,1,0.0561,2,0.9973,0,0,True,LEADING-SIM-V0.1
S‑REC186,26,0.9859,0,0.15,0,0.9926,0,0,True,LEADING-SIM-V0.1
S‑REC186,27,0.9934,0,0.0413,0,0.9965,0,0,True,LEADING-SIM-V0.1
S‑REC186,28,0.9815,0,0.0358,0,0.9957,0,0,True,LEADING-SIM-V0.1
S‑REC186,29,0.9782,2,0.0914,0,0.9984,0,0,True,LEADING-SIM-V0.1
S‑REC186,30,0.9815,0,0.0125,0,0.9963,0,0,True,LEADING-SIM-V0.1
S‑REC186,31,0.9802,0,0.0202,0,0.9969,1,0,True,LEADING-SIM-V0.1
S‑REC186,32,0.9976,0,0.0709,1,0.9961,0,0,True,LEADING-SIM-V0.1
S‑REC186,33,0.9957,1,0.0251,2,0.9984,0,0,True,LEADING-SIM-V0.1
S‑REC186,34,0.9796,0,0.049,0,0.9973,0,1,True,LEADING-SIM-V0.1
S‑REC186,35,0.97,1,0.0174,0,0.999,0,0,True,LEADING-SIM-V0.1
S‑REC186,36,0.9875,0,0.0132,0,0.9957,0,0,True,LEADING-SIM-V0.1
S‑REC186,37,0.9881,0,0.0175,0,0.9939,0,0,True,LEADING-SIM-V0.1
S‑REC186,38,0.9792,1,0.0886,1,0.9972,0,0,True,LEADING-SIM-V0.1
S‑REC186,39,0.9833,0,0.081,2,0.9964,0,0,True,LEADING-SIM-V0.1
S‑REC186,40,0.982,0,0.017,0,0.9985,0,0,True,LEADING-SIM-V0.1
S‑REC186,41,0.9824,0,0.0961,0,0.9972,0,0,True,LEADING-SIM-V0.1
S‑REC186,42,0.986,0,0.0076,0,0.997,1,0,True,LEADING-SIM-V0.1
S‑REC186,43,0.9903,0,0.0476,0,0.9956,0,0,True,LEADING-SIM-V0.1
S‑REC186,44,0.9933,0,0.0257,1,0.9988,0,0,True,LEADING-SIM-V0.1
S‑REC186,45,0.9739,0,0.0227,1,0.9945,1,0,True,LEADING-SIM-V0.1
S‑REC186,46,0.9786,0,0.0362,0,0.9958,0,0,True,LEADING-SIM-V0.1
S‑REC186,47,0.985,0,0.0383,1,0.9975,0,0,True,LEADING-SIM-V0.1
S‑REC186,48,0.9841,0,0.0281,0,0.9943,0,0,True,LEADING-SIM-V0.1
S‑REC186,49,0.9808,1,0.0437,0,0.9966,0,0,True,LEADING-SIM-V0.1
S‑REC186,50,0.9889,0,0.0039,0,0.999,0,0,True,LEADING-SIM-V0.1
S‑REC186,51,0.9845,0,0.0099,0,0.9954,0,0,True,LEADING-SIM-V0.1
S‑REC186,52,0.9784,0,0.0176,0,0.9966,0,0,True,LEADING-SIM-V0.1
S‑REC187,1,0.9766,0,0.019,1,0.9973,0,0,True,LEADING-SIM-V0.1
S‑REC187,2,0.9919,0,0.0473,1,0.9954,0,0,True,LEADING-SIM-V0.1
S‑REC187,3,0.9914,1,0.0032,0,0.9963,0,0,True,LEADING-SIM-V0.1
S‑REC187,4,0.9826,0,0.0158,1,0.998,0,0,True,LEADING-SIM-V0.1
S‑REC187,5,0.9776,1,0.0225,1,0.9963,0,0,True,LEADING-SIM-V0.1
S‑REC187,6,0.9819,0,0.0556,0,0.9943,0,0,True,LEADING-SIM-V0.1
S‑REC187,7,0.9921,1,0.0217,0,0.995,0,0,True,LEADING-SIM-V0.1
S‑REC187,8,0.9808,2,0.0469,0,0.9958,0,0,True,LEADING-SIM-V0.1
S‑REC187,9,0.9875,0,0.0089,1,0.9953,0,0,True,LEADING-SIM-V0.1
S‑REC187,10,0.9915,0,0.041,0,0.9974,0,0,True,LEADING-SIM-V0.1
S‑REC187,11,0.9875,0,0.0067,1,0.9941,0,0,True,LEADING-SIM-V0.1
S‑REC187,12,0.9726,2,0.015,0,0.9957,0,0,True,LEADING-SIM-V0.1
S‑REC187,13,0.9969,1,0.0262,0,0.9988,0,0,True,LEADING-SIM-V0.1
S‑REC187,14,0.9834,0,0.0196,0,0.9987,0,0,True,LEADING-SIM-V0.1
S‑REC187,15,0.9893,0,0.0219,1,0.9977,0,0,True,LEADING-SIM-V0.1
S‑REC187,16,0.9895,0,0.0054,1,0.9946,0,1,True,LEADING-SIM-V0.1
S‑REC187,17,0.9696,1,0.0221,0,0.9983,0,0,True,LEADING-SIM-V0.1
S‑REC187,18,1.0,0,0.0567,1,0.9958,0,0,True,LEADING-SIM-V0.1
S‑REC187,19,0.9881,0,0.0158,0,0.9968,1,0,True,LEADING-SIM-V0.1
S‑REC187,20,0.9838,0,0.0014,0,0.9984,0,0,True,LEADING-SIM-V0.1
S‑REC187,21,0.9911,0,0.0265,0,0.9953,0,0,True,LEADING-SIM-V0.1
S‑REC187,22,0.9872,0,0.0258,1,0.9956,0,0,True,LEADING-SIM-V0.1
S‑REC187,23,0.9744,0,0.0226,0,0.9964,0,0,True,LEADING-SIM-V0.1
S‑REC187,24,0.9829,0,0.0784,0,0.9981,0,0,True,LEADING-SIM-V0.1
S‑REC187,25,0.9939,0,0.0296,1,0.9978,0,0,True,LEADING-SIM-V0.1
S‑REC187,26,0.9944,0,0.0133,0,0.997,0,0,True,LEADING-SIM-V0.1
S‑REC187,27,0.9891,0,0.0088,0,0.9952,0,0,True,LEADING-SIM-V0.1
S‑REC187,28,0.9882,1,0.0375,1,0.9955,0,0,True,LEADING-SIM-V0.1
S‑REC187,29,0.9887,1,0.0297,1,0.9983,0,0,True,LEADING-SIM-V0.1
S‑REC187,30,0.9706,0,0.0667,1,0.9968,0,0,True,LEADING-SIM-V0.1
S‑REC187,31,0.984,1,0.0265,0,0.9976,0,0,True,LEADING-SIM-V0.1
S‑REC187,32,0.9835,0,0.0132,1,0.9961,0,0,True,LEADING-SIM-V0.1
S‑REC187,33,0.9867,0,0.0,0,0.9969,1,0,True,LEADING-SIM-V0.1
S‑REC187,34,0.9926,0,0.0128,0,0.9983,0,0,True,LEADING-SIM-V0.1
S‑REC187,35,0.9947,0,0.0096,1,0.9969,0,0,True,LEADING-SIM-V0.1
S‑REC187,36,0.9811,0,0.008,0,0.9989,0,0,True,LEADING-SIM-V0.1
S‑REC187,37,0.9863,0,0.025,0,0.9959,0,0,True,LEADING-SIM-V0.1
S‑REC187,38,0.9914,0,0.0262,0,0.9947,0,0,True,LEADING-SIM-V0.1
S‑REC187,39,0.9822,0,0.0045,0,0.9974,0,0,True,LEADING-SIM-V0.1
S‑REC187,40,0.982,0,0.0384,1,0.996,0,0,True,LEADING-SIM-V0.1
S‑REC187,41,0.9794,0,0.0013,0,0.9971,0,0,True,LEADING-SIM-V0.1
S‑REC187,42,0.9858,0,0.0053,2,0.9974,0,0,True,LEADING-SIM-V0.1
S‑REC187,43,0.987,0,0.1105,0,0.996,0,0,True,LEADING-SIM-V0.1
S‑REC187,44,0.9991,0,0.0072,0,0.9971,0,0,True,LEADING-SIM-V0.1
S‑REC187,45,0.9783,0,0.0201,0,0.9981,0,0,True,LEADING-SIM-V0.1
S‑REC187,46,0.9763,0,0.0403,0,0.997,0,0,True,LEADING-SIM-V0.1
S‑REC187,47,0.9873,0,0.0035,1,0.9985,0,0,True,LEADING-SIM-V0.1
S‑REC187,48,0.9936,0,0.0145,0,0.997,0,0,True,LEADING-SIM-V0.1
S‑REC187,49,0.9809,0,0.0507,0,0.9971,0,0,True,LEADING-SIM-V0.1
S‑REC187,50,0.9927,0,0.0181,1,0.9952,0,0,True,LEADING-SIM-V0.1
S‑REC187,51,0.9878,0,0.0286,0,0.9932,0,0,True,LEADING-SIM-V0.1
S‑REC187,52,0.9954,2,0.0188,0,0.9988,0,0,True,LEADING-SIM-V0.1
S‑REC188,1,0.9775,0,0.0171,0,0.9941,0,0,True,LEADING-SIM-V0.1
S‑REC188,2,0.9918,1,0.033,0,0.995,0,0,True,LEADING-SIM-V0.1
S‑REC188,3,0.9813,0,0.0176,0,0.9998,0,0,True,LEADING-SIM-V0.1
S‑REC188,4,0.9879,0,0.034,0,0.9986,0,0,True,LEADING-SIM-V0.1
S‑REC188,5,0.9882,0,0.0288,0,0.997,1,0,True,LEADING-SIM-V0.1
S‑REC188,6,0.9897,0,0.0049,0,0.9982,0,0,True,LEADING-SIM-V0.1
S‑REC188,7,0.9979,0,0.0489,0,0.9982,0,0,True,LEADING-SIM-V0.1
S‑REC188,8,0.9958,0,0.0053,0,0.998,0,0,True,LEADING-SIM-V0.1
S‑REC188,9,0.9829,1,0.039,0,0.9975,0,0,True,LEADING-SIM-V0.1
S‑REC188,10,0.9917,0,0.0469,1,0.996,1,0,True,LEADING-SIM-V0.1
S‑REC188,11,0.9919,1,0.009,2,0.995,0,0,True,LEADING-SIM-V0.1
S‑REC188,12,0.9826,0,0.0206,0,0.9974,0,0,True,LEADING-SIM-V0.1
S‑REC188,13,0.9747,0,0.0095,0,0.9967,0,0,True,LEADING-SIM-V0.1
S‑REC188,14,0.9925,0,0.0115,0,0.9945,0,0,True,LEADING-SIM-V0.1
S‑REC188,15,0.9827,0,0.025,1,0.996,0,0,True,LEADING-SIM-V0.1
S‑REC188,16,0.9956,0,0.0456,0,0.9985,0,0,True,LEADING-SIM-V0.1
S‑REC188,17,0.9911,0,0.0286,0,0.9959,0,0,True,LEADING-SIM-V0.1
S‑REC188,18,0.9888,0,0.0434,0,0.9967,0,0,True,LEADING-SIM-V0.1
S‑REC188,19,0.9841,0,0.0368,0,0.9984,0,0,True,LEADING-SIM-V0.1
S‑REC188,20,0.9811,0,0.0356,1,0.9943,0,0,True,LEADING-SIM-V0.1
S‑REC188,21,0.9873,0,0.0211,0,0.9972,0,0,True,LEADING-SIM-V0.1
S‑REC188,22,0.9858,2,0.0077,1,0.9991,0,0,True,LEADING-SIM-V0.1
S‑REC188,23,0.9925,0,0.0159,0,0.9985,0,0,True,LEADING-SIM-V0.1
S‑REC188,24,0.9936,1,0.0225,0,0.9986,0,0,True,LEADING-SIM-V0.1
S‑REC188,25,0.9853,0,0.0083,0,0.9948,0,0,True,LEADING-SIM-V0.1
S‑REC188,26,0.974,0,0.0045,2,0.9964,0,0,True,LEADING-SIM-V0.1
S‑REC188,27,0.9775,0,0.0009,1,0.9989,0,0,True,LEADING-SIM-V0.1
S‑REC188,28,0.9851,0,0.0182,1,0.9977,0,0,True,LEADING-SIM-V0.1
S‑REC188,29,0.9821,0,0.0223,1,0.9976,0,0,True,LEADING-SIM-V0.1
S‑REC188,30,0.9813,0,0.0525,1,0.9984,0,0,True,LEADING-SIM-V0.1
S‑REC188,31,0.9682,0,0.0515,2,0.9952,0,0,True,LEADING-SIM-V0.1
S‑REC188,32,0.991,0,0.0183,0,0.9971,0,0,True,LEADING-SIM-V0.1
S‑REC188,33,0.9878,0,0.1281,0,0.9978,0,0,True,LEADING-SIM-V0.1
S‑REC188,34,0.9925,1,0.0384,0,0.997,0,0,True,LEADING-SIM-V0.1
S‑REC188,35,0.9938,0,0.0489,0,0.9968,0,0,True,LEADING-SIM-V0.1
S‑REC188,36,0.9835,0,0.0398,0,0.9958,0,0,True,LEADING-SIM-V0.1
S‑REC188,37,0.9738,0,0.15,0,0.9964,0,0,True,LEADING-SIM-V0.1
S‑REC188,38,1.0,0,0.1021,0,0.9967,0,0,True,LEADING-SIM-V0.1
S‑REC188,39,0.9761,0,0.0071,0,0.9992,0,0,True,LEADING-SIM-V0.1
S‑REC188,40,0.9778,0,0.0962,0,0.997,0,0,True,LEADING-SIM-V0.1
S‑REC188,41,0.9936,0,0.1022,0,0.9966,0,0,True,LEADING-SIM-V0.1
S‑REC188,42,0.9926,0,0.0357,0,0.9982,0,0,True,LEADING-SIM-V0.1
S‑REC188,43,0.9894,0,0.0052,0,0.9965,1,0,True,LEADING-SIM-V0.1
S‑REC188,44,0.985,0,0.0366,0,0.9984,0,0,True,LEADING-SIM-V0.1
S‑REC188,45,0.9887,0,0.0271,0,0.9999,0,0,True,LEADING-SIM-V0.1
S‑REC188,46,0.992,0,0.0197,1,0.9993,0,0,True,LEADING-SIM-V0.1
S‑REC188,47,0.9892,0,0.0041,0,0.9955,0,0,True,LEADING-SIM-V0.1
S‑REC188,48,0.9954,1,0.0068,0,0.9968,0,0,True,LEADING-SIM-V0.1
S‑REC188,49,0.9919,0,0.0348,1,0.9996,0,0,True,LEADING-SIM-V0.1
S‑REC188,50,0.9789,0,0.0194,0,0.9979,0,0,True,LEADING-SIM-V0.1
S‑REC188,51,0.9875,0,0.0553,0,0.9946,0,0,True,LEADING-SIM-V0.1
S‑REC188,52,0.9806,1,0.0387,0,0.9962,0,0,True,LEADING-SIM-V0.1
S‑REC189,1,0.9794,0,0.024,0,0.9987,0,0,True,LEADING-SIM-V0.1
S‑REC189,2,0.9767,0,0.0144,0,0.9975,0,0,True,LEADING-SIM-V0.1
S‑REC189,3,0.9876,0,0.0223,0,0.9994,0,0,True,LEADING-SIM-V0.1
S‑REC189,4,0.9873,0,0.0269,0,0.999,0,0,True,LEADING-SIM-V0.1
S‑REC189,5,0.9814,0,0.0766,0,0.997,1,1,True,LEADING-SIM-V0.1
S‑REC189,6,0.9756,0,0.0625,0,0.994,0,0,True,LEADING-SIM-V0.1
S‑REC189,7,0.9784,0,0.0051,0,0.9997,0,0,True,LEADING-SIM-V0.1
S‑REC189,8,0.9756,0,0.0578,0,0.9959,0,0,True,LEADING-SIM-V0.1
S‑REC189,9,0.9811,1,0.0147,0,0.9951,0,0,True,LEADING-SIM-V0.1
S‑REC189,10,0.9794,0,0.0049,0,0.9969,1,0,True,LEADING-SIM-V0.1
S‑REC189,11,0.9922,1,0.0224,0,0.9974,0,0,True,LEADING-SIM-V0.1
S‑REC189,12,0.9831,0,0.0423,0,0.9981,1,0,True,LEADING-SIM-V0.1
S‑REC189,13,0.9765,0,0.0062,1,0.9979,0,0,True,LEADING-SIM-V0.1
S‑REC189,14,0.9863,0,0.0489,0,0.9964,0,0,True,LEADING-SIM-V0.1
S‑REC189,15,0.9856,0,0.0862,0,0.9998,0,0,True,LEADING-SIM-V0.1
S‑REC189,16,0.9895,0,0.0385,0,0.9964,0,0,True,LEADING-SIM-V0.1
S‑REC189,17,0.9886,0,0.0437,0,0.9952,0,0,True,LEADING-SIM-V0.1
S‑REC189,18,0.9763,0,0.0033,1,0.998,0,0,True,LEADING-SIM-V0.1
S‑REC189,19,0.9737,0,0.0025,1,0.997,0,0,True,LEADING-SIM-V0.1
S‑REC189,20,0.9737,0,0.0178,1,0.9967,0,0,True,LEADING-SIM-V0.1
S‑REC189,21,0.9843,0,0.0292,1,0.9972,0,0,True,LEADING-SIM-V0.1
S‑REC189,22,0.9963,0,0.0291,0,0.9955,0,0,True,LEADING-SIM-V0.1
S‑REC189,23,0.9822,0,0.0184,1,0.9957,0,0,True,LEADING-SIM-V0.1
S‑REC189,24,0.9925,0,0.0303,0,0.9962,0,0,True,LEADING-SIM-V0.1
S‑REC189,25,0.9811,0,0.0107,1,0.998,0,0,True,LEADING-SIM-V0.1
S‑REC189,26,0.9965,0,0.0007,1,0.9963,0,0,True,LEADING-SIM-V0.1
S‑REC189,27,0.9753,0,0.0394,0,0.9972,0,0,True,LEADING-SIM-V0.1
S‑REC189,28,0.9905,0,0.0517,0,0.9958,1,0,True,LEADING-SIM-V0.1
S‑REC189,29,0.9907,1,0.0424,1,0.9985,1,0,True,LEADING-SIM-V0.1
S‑REC189,30,0.9875,0,0.0358,1,0.9973,0,0,True,LEADING-SIM-V0.1
S‑REC189,31,0.9747,0,0.0434,2,0.9965,0,0,True,LEADING-SIM-V0.1
S‑REC189,32,0.9851,0,0.0501,3,0.9986,0,0,True,LEADING-SIM-V0.1
S‑REC189,33,0.9885,0,0.0188,2,0.9956,0,0,True,LEADING-SIM-V0.1
S‑REC189,34,0.9889,0,0.0079,0,0.9982,0,0,True,LEADING-SIM-V0.1
S‑REC189,35,0.9746,0,0.0577,1,0.9998,0,0,True,LEADING-SIM-V0.1
S‑REC189,36,0.9838,0,0.0278,0,0.9972,0,0,True,LEADING-SIM-V0.1
S‑REC189,37,0.9823,0,0.0196,0,0.9966,0,0,True,LEADING-SIM-V0.1
S‑REC189,38,0.9968,0,0.0037,0,0.9963,0,0,True,LEADING-SIM-V0.1
S‑REC189,39,0.9778,0,0.0144,0,0.9983,0,0,True,LEADING-SIM-V0.1
S‑REC189,40,0.9822,0,0.0542,0,0.9979,0,0,True,LEADING-SIM-V0.1
S‑REC189,41,0.9812,0,0.0303,0,0.9966,0,0,True,LEADING-SIM-V0.1
S‑REC189,42,0.9859,0,0.0709,0,0.9979,0,0,True,LEADING-SIM-V0.1
S‑REC189,43,0.9849,0,0.025,1,0.9961,0,0,True,LEADING-SIM-V0.1
S‑REC189,44,0.9792,0,0.04,1,0.9956,0,0,True,LEADING-SIM-V0.1
S‑REC189,45,0.9794,1,0.0521,0,0.996,0,0,True,LEADING-SIM-V0.1
S‑REC189,46,0.9995,0,0.002,0,0.9945,0,0,True,LEADING-SIM-V0.1
S‑REC189,47,0.9833,1,0.0275,0,0.9979,1,0,True,LEADING-SIM-V0.1
S‑REC189,48,0.9841,0,0.0164,0,0.9957,0,0,True,LEADING-SIM-V0.1
S‑REC189,49,0.9971,0,0.0713,0,0.9984,0,0,True,LEADING-SIM-V0.1
S‑REC189,50,0.9883,0,0.0047,0,0.9983,0,0,True,LEADING-SIM-V0.1
S‑REC189,51,0.981,0,0.0267,0,1.0,1,0,True,LEADING-SIM-V0.1
S‑REC189,52,0.9802,0,0.0605,0,0.9983,0,0,True,LEADING-SIM-V0.1
S‑REC190,1,0.9927,0,0.0473,0,0.997,0,0,True,LEADING-SIM-V0.1
S‑REC190,2,0.9934,1,0.034,0,0.9983,0,0,True,LEADING-SIM-V0.1
S‑REC190,3,0.9882,0,0.0511,0,0.9953,0,0,True,LEADING-SIM-V0.1
S‑REC190,4,0.9924,0,0.028,0,0.9956,0,0,True,LEADING-SIM-V0.1
S‑REC190,5,0.9929,0,0.0487,0,0.9951,0,0,True,LEADING-SIM-V0.1
S‑REC190,6,0.9825,0,0.0187,0,0.9945,0,0,True,LEADING-SIM-V0.1
S‑REC190,7,0.9956,0,0.027,0,0.9959,1,0,True,LEADING-SIM-V0.1
S‑REC190,8,0.9895,0,0.0065,0,0.9974,1,0,True,LEADING-SIM-V0.1
S‑REC190,9,0.9823,2,0.0299,0,0.9944,0,0,True,LEADING-SIM-V0.1
S‑REC190,10,0.9866,1,0.0195,0,0.9993,0,0,True,LEADING-SIM-V0.1
S‑REC190,11,0.9906,0,0.0487,0,0.9991,0,0,True,LEADING-SIM-V0.1
S‑REC190,12,0.9908,0,0.0535,1,0.9984,0,0,True,LEADING-SIM-V0.1
S‑REC190,13,0.9926,0,0.0313,0,0.9957,0,0,True,LEADING-SIM-V0.1
S‑REC190,14,0.9957,0,0.0418,1,0.9986,0,0,True,LEADING-SIM-V0.1
S‑REC190,15,0.9868,0,0.1016,1,0.998,0,0,True,LEADING-SIM-V0.1
S‑REC190,16,0.9897,1,0.0111,0,0.9982,1,0,True,LEADING-SIM-V0.1
S‑REC190,17,0.9849,0,0.0394,0,0.9969,0,0,True,LEADING-SIM-V0.1
S‑REC190,18,0.9915,0,0.0164,2,0.9993,0,0,True,LEADING-SIM-V0.1
S‑REC190,19,0.9862,0,0.0226,1,0.9976,0,0,True,LEADING-SIM-V0.1
S‑REC190,20,0.9733,0,0.0101,0,0.9971,0,0,True,LEADING-SIM-V0.1
S‑REC190,21,0.9932,0,0.0136,0,0.9945,0,0,True,LEADING-SIM-V0.1
S‑REC190,22,0.9817,0,0.0223,1,0.9959,0,0,True,LEADING-SIM-V0.1
S‑REC190,23,0.9869,0,0.0329,0,0.9969,0,0,True,LEADING-SIM-V0.1
S‑REC190,24,0.975,0,0.0147,0,0.9973,0,0,True,LEADING-SIM-V0.1
S‑REC190,25,0.9785,0,0.0319,0,1.0,0,0,True,LEADING-SIM-V0.1
S‑REC190,26,0.9913,0,0.0214,1,0.9994,1,0,True,LEADING-SIM-V0.1
S‑REC190,27,0.9842,0,0.0833,1,0.9971,0,0,True,LEADING-SIM-V0.1
S‑REC190,28,0.977,0,0.0052,0,0.9984,0,0,True,LEADING-SIM-V0.1
S‑REC190,29,0.9761,0,0.0432,0,0.9982,0,0,True,LEADING-SIM-V0.1
S‑REC190,30,0.9919,0,0.0122,1,0.9965,0,0,True,LEADING-SIM-V0.1
S‑REC190,31,0.9728,0,0.0336,0,0.9969,1,0,True,LEADING-SIM-V0.1
S‑REC190,32,0.9729,0,0.0079,0,0.9979,0,0,True,LEADING-SIM-V0.1
S‑REC190,33,0.9918,1,0.0069,1,0.9991,0,0,True,LEADING-SIM-V0.1
S‑REC190,34,0.985,0,0.0107,0,0.9951,0,0,True,LEADING-SIM-V0.1
S‑REC190,35,0.9852,0,0.0392,1,0.998,0,0,True,LEADING-SIM-V0.1
S‑REC190,36,0.9845,1,0.0176,0,0.9972,0,0,True,LEADING-SIM-V0.1
S‑REC190,37,0.9866,0,0.0035,0,0.9971,0,0,True,LEADING-SIM-V0.1
S‑REC190,38,0.9837,0,0.0263,1,0.9954,0,0,True,LEADING-SIM-V0.1
S‑REC190,39,0.9849,0,0.0051,1,0.9968,0,0,True,LEADING-SIM-V0.1
S‑REC190,40,0.989,0,0.0203,0,0.9984,0,0,True,LEADING-SIM-V0.1
S‑REC190,41,0.9906,0,0.0425,0,0.9966,1,0,True,LEADING-SIM-V0.1
S‑REC190,42,0.9882,0,0.0539,0,0.9968,0,0,True,LEADING-SIM-V0.1
S‑REC190,43,0.992,0,0.0033,0,0.9961,0,0,True,LEADING-SIM-V0.1
S‑REC190,44,0.9876,0,0.0562,1,0.9979,0,0,True,LEADING-SIM-V0.1
S‑REC190,45,0.9839,0,0.0008,0,0.9959,0,0,True,LEADING-SIM-V0.1
S‑REC190,46,0.9861,0,0.1196,1,0.9952,0,0,True,LEADING-SIM-V0.1
S‑REC190,47,0.9787,0,0.0656,0,0.9965,0,0,True,LEADING-SIM-V0.1
S‑REC190,48,0.9814,0,0.0127,0,0.9949,0,0,True,LEADING-SIM-V0.1
S‑REC190,49,0.9866,0,0.0464,0,0.9973,1,0,True,LEADING-SIM-V0.1
S‑REC190,50,0.981,0,0.0068,0,0.9937,0,0,True,LEADING-SIM-V0.1
S‑REC190,51,0.977,0,0.001,1,0.9944,0,0,True,LEADING-SIM-V0.1
S‑REC190,52,0.9898,0,0.0025,0,0.9983,0,0,True,LEADING-SIM-V0.1
S‑REC191,1,0.9776,0,0.0017,0,0.9995,0,0,True,LEADING-SIM-V0.1
S‑REC191,2,0.9918,0,0.0068,0,0.9982,0,0,True,LEADING-SIM-V0.1
S‑REC191,3,0.9852,0,0.009,0,0.9976,0,0,True,LEADING-SIM-V0.1
S‑REC191,4,0.9793,2,0.018,0,0.9969,0,0,True,LEADING-SIM-V0.1
S‑REC191,5,0.9825,0,0.01,0,0.9952,0,0,True,LEADING-SIM-V0.1
S‑REC191,6,0.9826,1,0.0558,0,0.9976,0,0,True,LEADING-SIM-V0.1
S‑REC191,7,0.9853,0,0.034,0,0.9975,0,0,True,LEADING-SIM-V0.1
S‑REC191,8,0.9935,0,0.0172,0,0.9965,0,0,True,LEADING-SIM-V0.1
S‑REC191,9,0.9758,0,0.025,0,0.9985,0,0,True,LEADING-SIM-V0.1
S‑REC191,10,0.9788,0,0.0468,0,0.9962,0,0,True,LEADING-SIM-V0.1
S‑REC191,11,0.9835,0,0.0049,0,0.9995,0,0,True,LEADING-SIM-V0.1
S‑REC191,12,0.9952,0,0.0167,0,0.9985,0,0,True,LEADING-SIM-V0.1
S‑REC191,13,0.9884,0,0.0496,0,0.998,0,0,True,LEADING-SIM-V0.1
S‑REC191,14,0.98,0,0.0014,0,0.9992,0,1,True,LEADING-SIM-V0.1
S‑REC191,15,0.9719,0,0.036,0,0.9936,0,0,True,LEADING-SIM-V0.1
S‑REC191,16,0.9974,2,0.0564,0,0.9973,0,0,True,LEADING-SIM-V0.1
S‑REC191,17,0.9775,1,0.1255,0,0.9979,0,0,True,LEADING-SIM-V0.1
S‑REC191,18,0.9748,0,0.0266,1,0.9954,0,0,True,LEADING-SIM-V0.1
S‑REC191,19,0.9826,0,0.1291,0,0.9971,0,0,True,LEADING-SIM-V0.1
S‑REC191,20,0.9963,0,0.034,1,0.9988,0,1,True,LEADING-SIM-V0.1
S‑REC191,21,0.9839,0,0.0201,0,0.9998,0,0,True,LEADING-SIM-V0.1
S‑REC191,22,0.9917,1,0.0236,1,0.999,0,0,True,LEADING-SIM-V0.1
S‑REC191,23,0.9901,0,0.0123,0,0.9992,0,0,True,LEADING-SIM-V0.1
S‑REC191,24,0.9787,0,0.0507,1,0.9954,0,0,True,LEADING-SIM-V0.1
S‑REC191,25,0.9786,0,0.083,0,0.9987,0,0,True,LEADING-SIM-V0.1
S‑REC191,26,0.9622,0,0.0142,0,0.996,0,0,True,LEADING-SIM-V0.1
S‑REC191,27,0.9836,1,0.0119,0,0.9964,0,0,True,LEADING-SIM-V0.1
S‑REC191,28,0.983,0,0.0095,0,0.9963,0,0,True,LEADING-SIM-V0.1
S‑REC191,29,0.979,0,0.0226,0,0.9971,0,0,True,LEADING-SIM-V0.1
S‑REC191,30,0.9872,0,0.0773,0,0.9973,0,0,True,LEADING-SIM-V0.1
S‑REC191,31,0.9944,1,0.0076,0,0.9958,0,0,True,LEADING-SIM-V0.1
S‑REC191,32,0.9894,0,0.0162,1,0.9978,0,0,True,LEADING-SIM-V0.1
S‑REC191,33,0.9939,0,0.0661,0,0.9993,0,0,True,LEADING-SIM-V0.1
S‑REC191,34,0.9841,0,0.031,0,0.9967,0,0,True,LEADING-SIM-V0.1
S‑REC191,35,0.992,0,0.0737,1,0.9971,0,0,True,LEADING-SIM-V0.1
S‑REC191,36,0.9807,0,0.0311,1,0.9979,0,0,True,LEADING-SIM-V0.1
S‑REC191,37,0.9857,0,0.0335,0,0.9977,0,0,True,LEADING-SIM-V0.1
S‑REC191,38,0.9899,0,0.0624,1,0.998,0,0,True,LEADING-SIM-V0.1
S‑REC191,39,0.9808,0,0.0079,1,0.9982,0,0,True,LEADING-SIM-V0.1
S‑REC191,40,0.9802,0,0.0206,1,0.9974,0,0,True,LEADING-SIM-V0.1
S‑REC191,41,0.9955,0,0.0483,1,1.0,0,0,True,LEADING-SIM-V0.1
S‑REC191,42,0.9836,0,0.0021,0,0.9951,0,1,True,LEADING-SIM-V0.1
S‑REC191,43,0.9778,0,0.0011,0,0.996,0,0,True,LEADING-SIM-V0.1
S‑REC191,44,0.9823,0,0.0408,0,0.9965,0,0,True,LEADING-SIM-V0.1
S‑REC191,45,0.989,0,0.0656,1,0.9972,0,0,True,LEADING-SIM-V0.1
S‑REC191,46,0.9844,0,0.0486,0,0.9978,0,0,True,LEADING-SIM-V0.1
S‑REC191,47,0.9853,0,0.0123,1,0.9985,0,0,True,LEADING-SIM-V0.1
S‑REC191,48,0.9827,0,0.0685,0,0.998,0,0,True,LEADING-SIM-V0.1
S‑REC191,49,0.9752,0,0.021,0,0.997,0,0,True,LEADING-SIM-V0.1
S‑REC191,50,0.9718,0,0.0195,0,0.9947,0,0,True,LEADING-SIM-V0.1
S‑REC191,51,0.9937,0,0.0873,0,0.9985,0,0,True,LEADING-SIM-V0.1
S‑REC191,52,0.9859,1,0.0496,1,0.9999,0,0,True,LEADING-SIM-V0.1
S‑REC192,1,0.9799,1,0.0346,0,0.9971,0,0,True,LEADING-SIM-V0.1
S‑REC192,2,0.9935,0,0.0446,2,0.9987,0,0,True,LEADING-SIM-V0.1
S‑REC192,3,0.9864,0,0.0579,0,0.9956,0,0,True,LEADING-SIM-V0.1
S‑REC192,4,0.9755,0,0.0013,0,0.9976,0,0,True,LEADING-SIM-V0.1
S‑REC192,5,0.9819,0,0.0107,0,0.9974,0,0,True,LEADING-SIM-V0.1
S‑REC192,6,0.9874,1,0.0411,0,0.9966,0,0,True,LEADING-SIM-V0.1
S‑REC192,7,0.98,0,0.075,0,0.9962,0,0,True,LEADING-SIM-V0.1
S‑REC192,8,0.9856,0,0.0327,1,1.0,0,0,True,LEADING-SIM-V0.1
S‑REC192,9,0.9975,0,0.0057,0,0.9941,0,0,True,LEADING-SIM-V0.1
S‑REC192,10,0.9866,0,0.0817,1,0.9964,1,0,True,LEADING-SIM-V0.1
S‑REC192,11,0.9805,1,0.042,0,0.9972,0,0,True,LEADING-SIM-V0.1
S‑REC192,12,0.9859,0,0.0038,0,0.9976,0,0,True,LEADING-SIM-V0.1
S‑REC192,13,0.9913,0,0.0041,0,0.9994,0,0,True,LEADING-SIM-V0.1
S‑REC192,14,0.974,0,0.0086,0,0.996,0,0,True,LEADING-SIM-V0.1
S‑REC192,15,0.975,0,0.0559,0,0.9984,0,0,True,LEADING-SIM-V0.1
S‑REC192,16,0.9859,0,0.0789,0,0.9965,0,0,True,LEADING-SIM-V0.1
S‑REC192,17,0.9869,1,0.0036,0,0.9962,0,0,True,LEADING-SIM-V0.1
S‑REC192,18,0.9791,0,0.0303,0,0.9952,0,0,True,LEADING-SIM-V0.1
S‑REC192,19,0.9824,0,0.0614,0,0.9962,0,0,True,LEADING-SIM-V0.1
S‑REC192,20,0.9839,1,0.0146,1,0.9963,0,0,True,LEADING-SIM-V0.1
S‑REC192,21,0.9912,0,0.0093,0,0.9967,0,0,True,LEADING-SIM-V0.1
S‑REC192,22,0.9799,0,0.0296,0,0.9961,0,0,True,LEADING-SIM-V0.1
S‑REC192,23,0.9846,0,0.0496,0,0.995,0,0,True,LEADING-SIM-V0.1
S‑REC192,24,0.9956,0,0.0437,2,0.9965,0,0,True,LEADING-SIM-V0.1
S‑REC192,25,0.9881,0,0.006,0,0.9953,0,0,True,LEADING-SIM-V0.1
S‑REC192,26,0.9918,0,0.0014,0,0.9974,0,0,True,LEADING-SIM-V0.1
S‑REC192,27,0.9893,0,0.0254,0,0.9962,0,0,True,LEADING-SIM-V0.1
S‑REC192,28,0.9852,0,0.0205,1,0.9963,0,0,True,LEADING-SIM-V0.1
S‑REC192,29,0.9783,0,0.0755,2,0.9973,0,0,True,LEADING-SIM-V0.1
S‑REC192,30,0.9872,0,0.0355,1,0.9961,0,0,True,LEADING-SIM-V0.1
S‑REC192,31,0.9841,0,0.0381,1,0.998,0,0,True,LEADING-SIM-V0.1
S‑REC192,32,0.9841,0,0.0251,0,0.9985,0,0,True,LEADING-SIM-V0.1
S‑REC192,33,0.9908,0,0.0436,1,0.996,0,0,True,LEADING-SIM-V0.1
S‑REC192,34,0.9951,0,0.0151,0,0.9981,0,0,True,LEADING-SIM-V0.1
S‑REC192,35,0.9878,1,0.0069,0,0.9961,0,0,True,LEADING-SIM-V0.1
S‑REC192,36,0.9808,0,0.0034,0,0.9967,0,0,True,LEADING-SIM-V0.1
S‑REC192,37,0.9893,0,0.0148,0,0.9974,0,0,True,LEADING-SIM-V0.1
S‑REC192,38,0.9859,0,0.0465,0,0.9963,1,0,True,LEADING-SIM-V0.1
S‑REC192,39,0.9843,0,0.0063,0,0.9977,0,0,True,LEADING-SIM-V0.1
S‑REC192,40,0.9848,1,0.0222,0,0.9987,1,0,True,LEADING-SIM-V0.1
S‑REC192,41,0.968,0,0.0466,0,1.0,0,0,True,LEADING-SIM-V0.1
S‑REC192,42,0.9934,0,0.028,2,0.998,0,1,True,LEADING-SIM-V0.1
S‑REC192,43,0.9903,0,0.0351,0,0.9968,0,0,True,LEADING-SIM-V0.1
S‑REC192,44,0.9754,0,0.0162,0,0.9983,0,0,True,LEADING-SIM-V0.1
S‑REC192,45,0.9828,1,0.0047,0,0.9962,0,0,True,LEADING-SIM-V0.1
S‑REC192,46,0.9879,0,0.0204,0,0.9951,0,0,True,LEADING-SIM-V0.1
S‑REC192,47,0.9877,0,0.1012,1,0.9958,0,0,True,LEADING-SIM-V0.1
S‑REC192,48,0.9841,0,0.0934,0,0.9951,0,0,True,LEADING-SIM-V0.1
S‑REC192,49,0.9703,0,0.026,1,0.9955,0,0,True,LEADING-SIM-V0.1
S‑REC192,50,0.9908,0,0.0156,0,0.9963,0,0,True,LEADING-SIM-V0.1
S‑REC192,51,0.9843,0,0.0209,0,0.9936,0,0,True,LEADING-SIM-V0.1
S‑REC192,52,0.9851,0,0.0585,0,0.9959,0,0,True,LEADING-SIM-V0.1
S‑REC193,1,0.991,0,0.0866,0,0.9949,0,0,True,LEADING-SIM-V0.1
S‑REC193,2,0.9782,1,0.0177,0,0.9949,0,0,True,LEADING-SIM-V0.1
S‑REC193,3,0.9839,0,0.0352,0,0.9961,0,0,True,LEADING-SIM-V0.1
S‑REC193,4,0.9906,0,0.0178,0,0.9956,0,0,True,LEADING-SIM-V0.1
S‑REC193,5,0.9922,0,0.0205,1,0.9923,0,0,True,LEADING-SIM-V0.1
S‑REC193,6,0.9854,0,0.0477,1,0.9988,0,0,True,LEADING-SIM-V0.1
S‑REC193,7,0.9902,0,0.0233,0,0.9975,0,0,True,LEADING-SIM-V0.1
S‑REC193,8,0.9814,0,0.0398,0,0.9972,1,0,True,LEADING-SIM-V0.1
S‑REC193,9,0.9857,0,0.038,0,0.9964,0,0,True,LEADING-SIM-V0.1
S‑REC193,10,0.9957,0,0.0524,0,0.9978,1,0,True,LEADING-SIM-V0.1
S‑REC193,11,0.988,0,0.0147,0,0.9975,0,0,True,LEADING-SIM-V0.1
S‑REC193,12,0.9834,0,0.048,0,0.9994,0,0,True,LEADING-SIM-V0.1
S‑REC193,13,0.979,0,0.0156,0,0.9976,0,0,True,LEADING-SIM-V0.1
S‑REC193,14,0.9884,0,0.0354,3,0.9988,0,0,True,LEADING-SIM-V0.1
S‑REC193,15,0.9758,0,0.0339,1,0.9959,0,0,True,LEADING-SIM-V0.1
S‑REC193,16,0.9782,0,0.0289,0,0.996,0,0,True,LEADING-SIM-V0.1
S‑REC193,17,0.9835,0,0.011,0,0.9981,0,0,True,LEADING-SIM-V0.1
S‑REC193,18,0.9818,0,0.15,0,0.999,0,0,True,LEADING-SIM-V0.1
S‑REC193,19,0.9733,0,0.012,0,0.9949,0,0,True,LEADING-SIM-V0.1
S‑REC193,20,0.9799,1,0.0981,1,0.9962,0,0,True,LEADING-SIM-V0.1
S‑REC193,21,0.9661,0,0.0045,1,0.9968,0,0,True,LEADING-SIM-V0.1
S‑REC193,22,0.9915,0,0.0018,2,0.997,0,0,True,LEADING-SIM-V0.1
S‑REC193,23,0.989,0,0.0162,2,0.9983,0,0,True,LEADING-SIM-V0.1
S‑REC193,24,0.9982,0,0.0491,0,0.9954,0,0,True,LEADING-SIM-V0.1
S‑REC193,25,0.9881,0,0.0417,1,0.9981,0,0,True,LEADING-SIM-V0.1
S‑REC193,26,0.9918,0,0.007,0,0.9957,0,0,True,LEADING-SIM-V0.1
S‑REC193,27,0.9773,0,0.0181,0,0.9996,0,0,True,LEADING-SIM-V0.1
S‑REC193,28,0.9848,0,0.0934,0,0.9968,0,0,True,LEADING-SIM-V0.1
S‑REC193,29,0.9741,0,0.0996,0,0.9981,0,0,True,LEADING-SIM-V0.1
S‑REC193,30,0.9751,0,0.0094,0,0.9968,0,0,True,LEADING-SIM-V0.1
S‑REC193,31,0.9754,1,0.0275,1,0.9969,0,0,True,LEADING-SIM-V0.1
S‑REC193,32,0.9843,0,0.0083,0,0.9968,0,0,True,LEADING-SIM-V0.1
S‑REC193,33,0.9774,0,0.0753,0,0.9958,0,1,True,LEADING-SIM-V0.1
S‑REC193,34,0.9934,0,0.0065,1,0.9962,0,1,True,LEADING-SIM-V0.1
S‑REC193,35,0.9798,1,0.0196,0,0.9988,0,0,True,LEADING-SIM-V0.1
S‑REC193,36,0.9819,0,0.0031,2,0.9966,0,0,True,LEADING-SIM-V0.1
S‑REC193,37,0.9843,0,0.0132,0,0.9958,0,0,True,LEADING-SIM-V0.1
S‑REC193,38,0.9875,0,0.0358,0,0.9954,0,0,True,LEADING-SIM-V0.1
S‑REC193,39,0.9794,0,0.0016,0,0.9946,0,0,True,LEADING-SIM-V0.1
S‑REC193,40,0.9992,0,0.0287,1,0.9969,0,0,True,LEADING-SIM-V0.1
S‑REC193,41,0.9856,0,0.0655,1,0.998,0,0,True,LEADING-SIM-V0.1
S‑REC193,42,0.9822,0,0.0562,2,0.9982,0,0,True,LEADING-SIM-V0.1
S‑REC193,43,0.9869,0,0.0351,0,0.996,0,0,True,LEADING-SIM-V0.1
S‑REC193,44,0.9843,0,0.0134,0,0.9977,0,0,True,LEADING-SIM-V0.1
S‑REC193,45,0.9799,0,0.023,1,0.9996,0,0,True,LEADING-SIM-V0.1
S‑REC193,46,0.9836,0,0.0073,0,0.9953,0,0,True,LEADING-SIM-V0.1
S‑REC193,47,0.9904,1,0.0045,0,0.9959,0,0,True,LEADING-SIM-V0.1
S‑REC193,48,0.9918,1,0.0056,0,0.996,0,0,True,LEADING-SIM-V0.1
S‑REC193,49,0.9813,0,0.0387,0,0.9964,0,0,True,LEADING-SIM-V0.1
S‑REC193,50,0.9862,0,0.0033,0,0.9982,0,0,True,LEADING-SIM-V0.1
S‑REC193,51,0.9739,0,0.0434,0,0.9976,0,0,True,LEADING-SIM-V0.1
S‑REC193,52,0.9805,0,0.0461,0,0.9992,0,0,True,LEADING-SIM-V0.1
S‑REC194,1,0.9797,0,0.034,0,0.996,0,0,True,LEADING-SIM-V0.1
S‑REC194,2,0.9765,0,0.0103,0,0.9964,0,0,True,LEADING-SIM-V0.1
S‑REC194,3,0.9914,0,0.1096,0,0.9962,0,0,True,LEADING-SIM-V0.1
S‑REC194,4,0.9797,0,0.0176,0,0.9957,0,0,True,LEADING-SIM-V0.1
S‑REC194,5,0.9745,1,0.0182,1,0.9948,0,0,True,LEADING-SIM-V0.1
S‑REC194,6,1.0,0,0.0542,0,0.9963,0,0,True,LEADING-SIM-V0.1
S‑REC194,7,0.9824,0,0.0054,0,0.9981,0,0,True,LEADING-SIM-V0.1
S‑REC194,8,0.9772,0,0.0129,1,0.9987,0,0,True,LEADING-SIM-V0.1
S‑REC194,9,0.9818,0,0.0264,2,0.9974,0,0,True,LEADING-SIM-V0.1
S‑REC194,10,0.9762,0,0.0314,1,0.9994,0,0,True,LEADING-SIM-V0.1
S‑REC194,11,0.9858,0,0.0163,0,0.9952,0,0,True,LEADING-SIM-V0.1
S‑REC194,12,0.9854,1,0.051,1,0.9964,0,0,True,LEADING-SIM-V0.1
S‑REC194,13,0.9913,1,0.0005,0,0.9952,0,0,True,LEADING-SIM-V0.1
S‑REC194,14,0.9913,0,0.0578,1,0.9951,0,0,True,LEADING-SIM-V0.1
S‑REC194,15,0.9679,0,0.0078,0,0.9988,0,0,True,LEADING-SIM-V0.1
S‑REC194,16,0.9816,0,0.0687,0,0.9957,0,0,True,LEADING-SIM-V0.1
S‑REC194,17,0.9778,0,0.0095,1,0.9985,0,0,True,LEADING-SIM-V0.1
S‑REC194,18,0.9815,0,0.044,0,0.999,0,0,True,LEADING-SIM-V0.1
S‑REC194,19,0.981,0,0.0086,1,0.9972,0,0,True,LEADING-SIM-V0.1
S‑REC194,20,0.9843,1,0.096,0,0.9978,0,0,True,LEADING-SIM-V0.1
S‑REC194,21,0.9892,0,0.0233,0,0.9988,0,0,True,LEADING-SIM-V0.1
S‑REC194,22,0.9905,0,0.0159,0,0.9981,0,0,True,LEADING-SIM-V0.1
S‑REC194,23,0.986,0,0.0231,0,0.997,0,0,True,LEADING-SIM-V0.1
S‑REC194,24,0.993,0,0.0291,1,0.9976,0,0,True,LEADING-SIM-V0.1
S‑REC194,25,0.9886,0,0.0113,1,0.997,0,0,True,LEADING-SIM-V0.1
S‑REC194,26,0.9923,0,0.0285,0,0.9992,0,0,True,LEADING-SIM-V0.1
S‑REC194,27,0.9851,0,0.0051,1,0.9964,0,0,True,LEADING-SIM-V0.1
S‑REC194,28,0.9795,0,0.0338,0,0.9967,0,0,True,LEADING-SIM-V0.1
S‑REC194,29,0.9875,0,0.0168,0,0.997,0,0,True,LEADING-SIM-V0.1
S‑REC194,30,0.9832,0,0.063,0,0.9987,0,0,True,LEADING-SIM-V0.1
S‑REC194,31,0.9759,0,0.025,0,0.9989,0,0,True,LEADING-SIM-V0.1
S‑REC194,32,0.9818,0,0.0234,0,0.9981,0,0,True,LEADING-SIM-V0.1
S‑REC194,33,0.9812,0,0.0263,0,0.994,0,0,True,LEADING-SIM-V0.1
S‑REC194,34,0.9784,0,0.0697,1,0.9982,0,0,True,LEADING-SIM-V0.1
S‑REC194,35,0.9838,0,0.0897,0,0.9949,0,0,True,LEADING-SIM-V0.1
S‑REC194,36,0.9884,0,0.0189,1,0.9973,0,0,True,LEADING-SIM-V0.1
S‑REC194,37,0.9861,1,0.0037,0,0.9973,0,0,True,LEADING-SIM-V0.1
S‑REC194,38,0.978,0,0.0317,0,0.999,0,0,True,LEADING-SIM-V0.1
S‑REC194,39,0.991,1,0.0407,0,0.9979,0,0,True,LEADING-SIM-V0.1
S‑REC194,40,0.9784,0,0.0334,0,0.9973,0,0,True,LEADING-SIM-V0.1
S‑REC194,41,0.991,0,0.0041,0,0.9972,0,0,True,LEADING-SIM-V0.1
S‑REC194,42,0.9842,0,0.0113,1,0.9977,0,0,True,LEADING-SIM-V0.1
S‑REC194,43,0.9924,0,0.0323,1,0.9995,0,0,True,LEADING-SIM-V0.1
S‑REC194,44,0.9915,0,0.0558,0,0.9958,0,0,True,LEADING-SIM-V0.1
S‑REC194,45,0.9766,0,0.0934,0,0.9974,0,0,True,LEADING-SIM-V0.1
S‑REC194,46,0.9804,0,0.0395,0,0.9978,0,0,True,LEADING-SIM-V0.1
S‑REC194,47,0.9873,0,0.0149,0,0.9982,0,0,True,LEADING-SIM-V0.1
S‑REC194,48,0.9914,0,0.0013,0,0.9965,0,0,True,LEADING-SIM-V0.1
S‑REC194,49,0.9874,1,0.0122,0,0.9967,0,0,True,LEADING-SIM-V0.1
S‑REC194,50,0.986,0,0.0319,1,0.996,0,0,True,LEADING-SIM-V0.1
S‑REC194,51,0.9892,0,0.0764,0,0.9977,0,0,True,LEADING-SIM-V0.1
S‑REC194,52,0.9873,0,0.0462,1,0.9961,0,0,True,LEADING-SIM-V0.1
S‑REC195,1,0.9766,0,0.0158,1,0.9961,0,0,True,LEADING-SIM-V0.1
S‑REC195,2,0.9946,0,0.0208,3,0.9968,0,0,True,LEADING-SIM-V0.1
S‑REC195,3,0.9819,0,0.0049,1,0.997,0,0,True,LEADING-SIM-V0.1
S‑REC195,4,0.9905,0,0.0009,1,0.9973,0,0,True,LEADING-SIM-V0.1
S‑REC195,5,0.9841,0,0.0505,0,0.9979,0,0,True,LEADING-SIM-V0.1
S‑REC195,6,0.9774,0,0.0133,1,0.9971,0,0,True,LEADING-SIM-V0.1
S‑REC195,7,0.9869,0,0.0277,0,0.9961,0,0,True,LEADING-SIM-V0.1
S‑REC195,8,0.984,0,0.0669,0,0.9971,0,0,True,LEADING-SIM-V0.1
S‑REC195,9,0.9834,1,0.0386,0,0.9992,0,0,True,LEADING-SIM-V0.1
S‑REC195,10,0.9845,0,0.0501,1,0.998,0,0,True,LEADING-SIM-V0.1
S‑REC195,11,0.9878,0,0.021,1,0.9991,0,0,True,LEADING-SIM-V0.1
S‑REC195,12,0.9938,0,0.0535,0,0.9966,0,0,True,LEADING-SIM-V0.1
S‑REC195,13,0.9816,0,0.013,0,0.9978,0,0,True,LEADING-SIM-V0.1
S‑REC195,14,0.9791,0,0.0402,1,0.9978,0,0,True,LEADING-SIM-V0.1
S‑REC195,15,0.986,1,0.0446,2,0.9975,0,0,True,LEADING-SIM-V0.1
S‑REC195,16,0.9906,0,0.0276,0,0.9969,0,0,True,LEADING-SIM-V0.1
S‑REC195,17,0.9854,1,0.0069,0,0.9978,0,0,True,LEADING-SIM-V0.1
S‑REC195,18,0.9869,0,0.0307,1,0.9961,0,0,True,LEADING-SIM-V0.1
S‑REC195,19,0.9844,0,0.0633,0,0.9968,0,0,True,LEADING-SIM-V0.1
S‑REC195,20,0.9819,0,0.0477,0,0.997,0,0,True,LEADING-SIM-V0.1
S‑REC195,21,0.9815,0,0.0292,1,0.997,0,0,True,LEADING-SIM-V0.1
S‑REC195,22,0.9823,0,0.0224,0,0.9939,0,0,True,LEADING-SIM-V0.1
S‑REC195,23,0.9915,0,0.0245,0,0.9989,0,0,True,LEADING-SIM-V0.1
S‑REC195,24,0.9793,1,0.0058,1,0.9976,0,0,True,LEADING-SIM-V0.1
S‑REC195,25,0.9783,0,0.0219,0,0.9963,0,0,True,LEADING-SIM-V0.1
S‑REC195,26,0.9813,0,0.005,1,0.997,0,0,True,LEADING-SIM-V0.1
S‑REC195,27,0.9939,0,0.051,0,0.9991,0,0,True,LEADING-SIM-V0.1
S‑REC195,28,0.984,0,0.0135,0,0.9955,0,0,True,LEADING-SIM-V0.1
S‑REC195,29,0.9801,0,0.0071,0,0.9961,0,0,True,LEADING-SIM-V0.1
S‑REC195,30,0.9839,0,0.0388,0,0.9981,1,0,True,LEADING-SIM-V0.1
S‑REC195,31,0.9891,0,0.0085,0,0.9971,1,0,True,LEADING-SIM-V0.1
S‑REC195,32,0.9866,0,0.0497,0,0.9969,0,0,True,LEADING-SIM-V0.1
S‑REC195,33,0.9894,1,0.0805,1,0.9977,0,0,True,LEADING-SIM-V0.1
S‑REC195,34,0.9873,0,0.0192,0,0.9959,0,0,True,LEADING-SIM-V0.1
S‑REC195,35,0.9884,0,0.0867,1,0.9979,0,0,True,LEADING-SIM-V0.1
S‑REC195,36,0.9871,0,0.0662,1,0.9998,0,0,True,LEADING-SIM-V0.1
S‑REC195,37,0.9815,0,0.049,0,0.997,0,0,True,LEADING-SIM-V0.1
S‑REC195,38,0.9809,1,0.0732,0,1.0,1,0,True,LEADING-SIM-V0.1
S‑REC195,39,0.9745,1,0.0373,0,1.0,0,0,True,LEADING-SIM-V0.1
S‑REC195,40,0.9878,0,0.0199,1,0.9942,0,0,True,LEADING-SIM-V0.1
S‑REC195,41,0.9734,0,0.0195,0,0.9972,0,0,True,LEADING-SIM-V0.1
S‑REC195,42,0.9879,0,0.0381,0,0.9969,0,0,True,LEADING-SIM-V0.1
S‑REC195,43,0.9777,1,0.0115,0,0.9973,0,0,True,LEADING-SIM-V0.1
S‑REC195,44,0.9807,0,0.0235,1,0.9983,0,0,True,LEADING-SIM-V0.1
S‑REC195,45,0.9798,0,0.042,1,0.9946,0,0,True,LEADING-SIM-V0.1
S‑REC195,46,0.984,0,0.0551,0,0.9975,0,0,True,LEADING-SIM-V0.1
S‑REC195,47,0.9919,0,0.0165,0,0.9981,0,0,True,LEADING-SIM-V0.1
S‑REC195,48,0.9896,0,0.0822,0,0.9973,0,0,True,LEADING-SIM-V0.1
S‑REC195,49,0.9902,0,0.0627,1,0.9978,0,0,True,LEADING-SIM-V0.1
S‑REC195,50,0.991,0,0.0372,0,1.0,0,0,True,LEADING-SIM-V0.1
S‑REC195,51,0.9805,1,0.0133,0,0.9978,0,0,True,LEADING-SIM-V0.1
S‑REC195,52,0.9986,0,0.0024,1,0.9942,0,0,True,LEADING-SIM-V0.1
S‑REC196,1,0.9856,0,0.0202,0,0.9971,0,0,True,LEADING-SIM-V0.1
S‑REC196,2,0.9836,0,0.0124,0,0.9943,0,0,True,LEADING-SIM-V0.1
S‑REC196,3,0.9764,0,0.0865,0,0.9981,0,0,True,LEADING-SIM-V0.1
S‑REC196,4,0.9794,1,0.0069,0,0.9966,0,0,True,LEADING-SIM-V0.1
S‑REC196,5,0.9877,0,0.0452,1,0.9993,0,0,True,LEADING-SIM-V0.1
S‑REC196,6,0.9809,2,0.0496,0,0.9975,1,0,True,LEADING-SIM-V0.1
S‑REC196,7,0.9816,0,0.013,0,0.9966,0,0,True,LEADING-SIM-V0.1
S‑REC196,8,0.9928,0,0.0091,1,0.9972,0,0,True,LEADING-SIM-V0.1
S‑REC196,9,0.9902,1,0.0508,0,0.9969,1,0,True,LEADING-SIM-V0.1
S‑REC196,10,0.9791,0,0.0038,0,0.9977,0,0,True,LEADING-SIM-V0.1
S‑REC196,11,0.978,0,0.0249,0,0.9982,0,0,True,LEADING-SIM-V0.1
S‑REC196,12,0.9885,0,0.0214,0,0.9996,0,0,True,LEADING-SIM-V0.1
S‑REC196,13,0.9826,0,0.0117,0,0.9981,0,0,True,LEADING-SIM-V0.1
S‑REC196,14,0.9742,0,0.0219,0,0.9971,0,0,True,LEADING-SIM-V0.1
S‑REC196,15,0.9759,0,0.0538,0,0.9965,0,0,True,LEADING-SIM-V0.1
S‑REC196,16,0.9689,0,0.1133,0,0.9978,0,0,True,LEADING-SIM-V0.1
S‑REC196,17,0.9926,1,0.0199,0,0.9961,0,0,True,LEADING-SIM-V0.1
S‑REC196,18,0.9805,0,0.0712,0,0.9963,0,0,True,LEADING-SIM-V0.1
S‑REC196,19,0.9892,0,0.1105,0,0.9989,0,0,True,LEADING-SIM-V0.1
S‑REC196,20,0.9874,0,0.1032,0,0.9972,0,0,True,LEADING-SIM-V0.1
S‑REC196,21,0.986,0,0.002,0,0.9975,0,0,True,LEADING-SIM-V0.1
S‑REC196,22,0.9865,0,0.0281,0,0.9974,0,0,True,LEADING-SIM-V0.1
S‑REC196,23,0.9898,0,0.01,0,0.995,0,0,True,LEADING-SIM-V0.1
S‑REC196,24,0.9936,0,0.0171,2,0.9963,0,0,True,LEADING-SIM-V0.1
S‑REC196,25,0.9823,0,0.0336,0,0.9971,0,0,True,LEADING-SIM-V0.1
S‑REC196,26,0.9827,0,0.0762,1,0.9975,0,0,True,LEADING-SIM-V0.1
S‑REC196,27,0.9823,0,0.0196,0,0.9966,0,0,True,LEADING-SIM-V0.1
S‑REC196,28,0.9917,0,0.0238,0,0.9978,0,0,True,LEADING-SIM-V0.1
S‑REC196,29,0.9851,0,0.0173,2,0.9983,0,0,True,LEADING-SIM-V0.1
S‑REC196,30,0.9841,0,0.0222,0,0.9989,1,0,True,LEADING-SIM-V0.1
S‑REC196,31,0.9916,0,0.089,0,0.9968,0,0,True,LEADING-SIM-V0.1
S‑REC196,32,0.987,1,0.0067,0,0.9974,0,0,True,LEADING-SIM-V0.1
S‑REC196,33,0.9822,0,0.008,0,0.9926,0,0,True,LEADING-SIM-V0.1
S‑REC196,34,0.9858,0,0.0643,0,1.0,0,0,True,LEADING-SIM-V0.1
S‑REC196,35,0.9846,1,0.0162,0,0.9973,1,0,True,LEADING-SIM-V0.1
S‑REC196,36,0.9949,0,0.15,1,0.9977,0,0,True,LEADING-SIM-V0.1
S‑REC196,37,0.9887,0,0.0262,0,0.9951,0,0,True,LEADING-SIM-V0.1
S‑REC196,38,0.9729,0,0.0376,0,0.9979,0,0,True,LEADING-SIM-V0.1
S‑REC196,39,0.9882,0,0.0362,0,0.9983,0,0,True,LEADING-SIM-V0.1
S‑REC196,40,0.9844,0,0.0003,0,0.9953,0,0,True,LEADING-SIM-V0.1
S‑REC196,41,0.9883,0,0.0247,2,0.9959,0,0,True,LEADING-SIM-V0.1
S‑REC196,42,0.9843,1,0.1059,0,0.9951,0,0,True,LEADING-SIM-V0.1
S‑REC196,43,0.9801,0,0.0007,0,0.9956,0,0,True,LEADING-SIM-V0.1
S‑REC196,44,0.9966,0,0.003,0,0.9954,0,0,True,LEADING-SIM-V0.1
S‑REC196,45,0.9907,0,0.0168,0,0.9949,0,0,True,LEADING-SIM-V0.1
S‑REC196,46,0.9765,0,0.008,0,0.9984,0,0,True,LEADING-SIM-V0.1
S‑REC196,47,0.9858,0,0.0399,0,0.9963,0,0,True,LEADING-SIM-V0.1
S‑REC196,48,0.982,0,0.003,0,0.9988,0,0,True,LEADING-SIM-V0.1
S‑REC196,49,0.9729,0,0.0253,1,0.9973,0,0,True,LEADING-SIM-V0.1
S‑REC196,50,0.9819,0,0.0078,0,0.9946,0,0,True,LEADING-SIM-V0.1
S‑REC196,51,0.9881,0,0.0253,0,0.9953,0,0,True,LEADING-SIM-V0.1
S‑REC196,52,0.996,0,0.0335,0,0.9983,0,0,True,LEADING-SIM-V0.1
S‑REC197,1,0.9859,0,0.0302,1,0.9983,0,0,True,LEADING-SIM-V0.1
S‑REC197,2,1.0,0,0.0176,0,0.9985,0,0,True,LEADING-SIM-V0.1
S‑REC197,3,0.9814,0,0.0035,0,1.0,0,0,True,LEADING-SIM-V0.1
S‑REC197,4,0.9874,0,0.0033,0,0.9937,0,0,True,LEADING-SIM-V0.1
S‑REC197,5,0.9899,1,0.15,1,0.9994,0,0,True,LEADING-SIM-V0.1
S‑REC197,6,0.9813,0,0.0209,0,0.9961,0,0,True,LEADING-SIM-V0.1
S‑REC197,7,0.9839,0,0.0732,1,0.9955,0,0,True,LEADING-SIM-V0.1
S‑REC197,8,0.9839,0,0.0171,0,0.998,0,0,True,LEADING-SIM-V0.1
S‑REC197,9,0.9829,0,0.0159,1,0.9968,0,0,True,LEADING-SIM-V0.1
S‑REC197,10,0.9884,0,0.0221,1,0.9966,0,0,True,LEADING-SIM-V0.1
S‑REC197,11,0.9951,0,0.0182,1,0.9958,0,0,True,LEADING-SIM-V0.1
S‑REC197,12,0.9861,0,0.0266,0,0.9976,0,0,True,LEADING-SIM-V0.1
S‑REC197,13,0.9893,0,0.0034,0,0.996,0,0,True,LEADING-SIM-V0.1
S‑REC197,14,0.9824,1,0.027,0,0.9982,0,0,True,LEADING-SIM-V0.1
S‑REC197,15,0.992,0,0.0109,0,0.997,0,0,True,LEADING-SIM-V0.1
S‑REC197,16,0.9859,0,0.0231,0,0.9989,0,0,True,LEADING-SIM-V0.1
S‑REC197,17,0.9916,0,0.0281,1,0.9958,0,0,True,LEADING-SIM-V0.1
S‑REC197,18,0.9872,0,0.0933,0,0.9982,0,0,True,LEADING-SIM-V0.1
S‑REC197,19,0.9885,0,0.0179,0,0.9953,0,0,True,LEADING-SIM-V0.1
S‑REC197,20,0.9849,0,0.0038,0,0.9959,0,0,True,LEADING-SIM-V0.1
S‑REC197,21,0.9837,0,0.0011,1,0.9978,0,0,True,LEADING-SIM-V0.1
S‑REC197,22,0.9754,0,0.0164,1,0.9996,0,0,True,LEADING-SIM-V0.1
S‑REC197,23,0.9855,0,0.0018,1,0.9954,0,0,True,LEADING-SIM-V0.1
S‑REC197,24,0.9934,0,0.0969,0,0.9937,0,0,True,LEADING-SIM-V0.1
S‑REC197,25,0.9904,0,0.0334,0,0.9967,0,0,True,LEADING-SIM-V0.1
S‑REC197,26,0.979,0,0.0305,0,0.9972,1,0,True,LEADING-SIM-V0.1
S‑REC197,27,0.9954,1,0.0178,0,0.9951,0,0,True,LEADING-SIM-V0.1
S‑REC197,28,0.9941,0,0.0245,0,0.9982,0,0,True,LEADING-SIM-V0.1
S‑REC197,29,0.989,0,0.0524,1,0.9957,0,0,True,LEADING-SIM-V0.1
S‑REC197,30,0.9836,0,0.0569,0,0.9969,1,0,True,LEADING-SIM-V0.1
S‑REC197,31,0.9873,1,0.1118,1,0.9969,0,0,True,LEADING-SIM-V0.1
S‑REC197,32,0.9819,0,0.0142,2,0.9982,0,0,True,LEADING-SIM-V0.1
S‑REC197,33,0.9742,0,0.088,0,0.9977,0,0,True,LEADING-SIM-V0.1
S‑REC197,34,0.9849,0,0.0113,1,0.9949,0,0,True,LEADING-SIM-V0.1
S‑REC197,35,0.9854,0,0.0857,0,0.9957,0,0,True,LEADING-SIM-V0.1
S‑REC197,36,0.9861,0,0.0933,0,0.9956,0,0,True,LEADING-SIM-V0.1
S‑REC197,37,0.9858,0,0.0818,0,0.9971,0,0,True,LEADING-SIM-V0.1
S‑REC197,38,0.9897,0,0.0224,0,0.9973,0,0,True,LEADING-SIM-V0.1
S‑REC197,39,0.9871,0,0.1059,0,0.9966,0,0,True,LEADING-SIM-V0.1
S‑REC197,40,0.9765,0,0.0255,0,0.9965,0,0,True,LEADING-SIM-V0.1
S‑REC197,41,0.9792,0,0.0041,2,0.9984,0,0,True,LEADING-SIM-V0.1
S‑REC197,42,0.979,0,0.0485,0,0.9969,0,0,True,LEADING-SIM-V0.1
S‑REC197,43,0.9929,0,0.0294,1,0.9978,0,0,True,LEADING-SIM-V0.1
S‑REC197,44,0.9907,0,0.016,1,0.9971,0,0,True,LEADING-SIM-V0.1
S‑REC197,45,0.9772,0,0.0076,1,0.9939,0,0,True,LEADING-SIM-V0.1
S‑REC197,46,0.9841,0,0.0561,0,0.9984,0,0,True,LEADING-SIM-V0.1
S‑REC197,47,0.9825,0,0.0047,1,0.9948,0,0,True,LEADING-SIM-V0.1
S‑REC197,48,0.9763,1,0.02,0,0.9991,0,0,True,LEADING-SIM-V0.1
S‑REC197,49,0.9854,0,0.0241,0,0.9987,0,0,True,LEADING-SIM-V0.1
S‑REC197,50,0.9895,0,0.1014,0,0.9946,0,0,True,LEADING-SIM-V0.1
S‑REC197,51,0.9879,0,0.0125,0,0.9969,0,1,True,LEADING-SIM-V0.1
S‑REC197,52,0.9937,0,0.0101,0,0.9976,0,0,True,LEADING-SIM-V0.1
S‑REC198,1,0.9892,0,0.0464,0,0.9977,0,0,True,LEADING-SIM-V0.1
S‑REC198,2,0.9859,0,0.0372,0,0.9957,0,0,True,LEADING-SIM-V0.1
S‑REC198,3,0.9793,2,0.0182,0,0.9955,0,0,True,LEADING-SIM-V0.1
S‑REC198,4,0.985,0,0.0184,1,0.9963,0,0,True,LEADING-SIM-V0.1
S‑REC198,5,0.987,0,0.0423,1,0.9952,0,0,True,LEADING-SIM-V0.1
S‑REC198,6,0.9912,0,0.0348,0,0.9967,0,0,True,LEADING-SIM-V0.1
S‑REC198,7,0.981,0,0.0287,0,0.9964,0,0,True,LEADING-SIM-V0.1
S‑REC198,8,0.9886,0,0.0128,1,0.9978,0,0,True,LEADING-SIM-V0.1
S‑REC198,9,0.9888,0,0.0205,1,0.9968,0,0,True,LEADING-SIM-V0.1
S‑REC198,10,0.9887,0,0.0918,0,0.9983,0,0,True,LEADING-SIM-V0.1
S‑REC198,11,0.981,0,0.0763,0,0.9969,0,0,True,LEADING-SIM-V0.1
S‑REC198,12,0.9835,0,0.0644,0,0.9961,0,0,True,LEADING-SIM-V0.1
S‑REC198,13,0.9794,0,0.0242,0,0.996,0,0,True,LEADING-SIM-V0.1
S‑REC198,14,0.9839,1,0.0443,0,0.9962,0,0,True,LEADING-SIM-V0.1
S‑REC198,15,0.9836,0,0.0712,1,0.9976,0,0,True,LEADING-SIM-V0.1
S‑REC198,16,0.9803,0,0.0159,1,0.9988,0,0,True,LEADING-SIM-V0.1
S‑REC198,17,0.9743,0,0.0296,0,0.9986,0,0,True,LEADING-SIM-V0.1
S‑REC198,18,0.9884,0,0.0004,0,0.9975,0,0,True,LEADING-SIM-V0.1
S‑REC198,19,0.9827,0,0.0844,1,0.9968,0,0,True,LEADING-SIM-V0.1
S‑REC198,20,0.9965,0,0.0347,0,0.9959,0,0,True,LEADING-SIM-V0.1
S‑REC198,21,0.9798,1,0.0263,2,0.9984,0,0,True,LEADING-SIM-V0.1
S‑REC198,22,0.9833,0,0.0263,0,0.9978,0,0,True,LEADING-SIM-V0.1
S‑REC198,23,0.9903,0,0.0311,0,0.9966,0,0,True,LEADING-SIM-V0.1
S‑REC198,24,0.9928,0,0.0194,0,0.9963,1,0,True,LEADING-SIM-V0.1
S‑REC198,25,0.9922,0,0.0107,0,0.9987,0,0,True,LEADING-SIM-V0.1
S‑REC198,26,0.9886,1,0.0296,1,0.9976,0,0,True,LEADING-SIM-V0.1
S‑REC198,27,0.9858,0,0.0283,1,0.9999,0,0,True,LEADING-SIM-V0.1
S‑REC198,28,0.982,0,0.0028,0,0.9964,0,0,True,LEADING-SIM-V0.1
S‑REC198,29,0.9849,0,0.0175,0,0.9986,0,0,True,LEADING-SIM-V0.1
S‑REC198,30,0.9854,0,0.0105,0,0.9977,0,0,True,LEADING-SIM-V0.1
S‑REC198,31,0.9779,0,0.0143,0,0.9956,0,0,True,LEADING-SIM-V0.1
S‑REC198,32,0.9909,0,0.0078,0,0.9983,0,0,True,LEADING-SIM-V0.1
S‑REC198,33,0.9905,0,0.0176,1,0.9967,0,0,True,LEADING-SIM-V0.1
S‑REC198,34,0.9854,0,0.0419,0,0.9985,0,0,True,LEADING-SIM-V0.1
S‑REC198,35,0.9879,0,0.0153,0,0.9973,0,0,True,LEADING-SIM-V0.1
S‑REC198,36,0.9819,0,0.0106,1,0.9975,0,0,True,LEADING-SIM-V0.1
S‑REC198,37,0.9916,0,0.0272,0,0.9956,0,0,True,LEADING-SIM-V0.1
S‑REC198,38,0.9906,0,0.0283,1,0.9974,0,0,True,LEADING-SIM-V0.1
S‑REC198,39,0.9867,0,0.0014,0,0.995,0,0,True,LEADING-SIM-V0.1
S‑REC198,40,0.9857,0,0.0258,3,0.9961,0,0,True,LEADING-SIM-V0.1
S‑REC198,41,0.9873,0,0.0208,0,0.9981,0,0,True,LEADING-SIM-V0.1
S‑REC198,42,0.9798,0,0.013,0,0.9967,0,0,True,LEADING-SIM-V0.1
S‑REC198,43,0.9822,0,0.0128,0,0.9949,0,0,True,LEADING-SIM-V0.1
S‑REC198,44,0.9863,0,0.0234,1,0.9967,0,0,True,LEADING-SIM-V0.1
S‑REC198,45,0.9844,1,0.0089,0,0.9962,0,0,True,LEADING-SIM-V0.1
S‑REC198,46,0.985,0,0.0034,1,0.9964,0,0,True,LEADING-SIM-V0.1
S‑REC198,47,0.9871,0,0.0483,2,0.9976,0,0,True,LEADING-SIM-V0.1
S‑REC198,48,0.9762,0,0.0138,1,0.9986,0,0,True,LEADING-SIM-V0.1
S‑REC198,49,0.9817,0,0.0584,1,0.9968,0,0,True,LEADING-SIM-V0.1
S‑REC198,50,0.9711,0,0.0369,0,0.9962,0,0,True,LEADING-SIM-V0.1
S‑REC198,51,0.9843,0,0.0554,0,0.9937,0,0,True,LEADING-SIM-V0.1
S‑REC198,52,0.9839,0,0.034,0,0.9952,0,0,True,LEADING-SIM-V0.1
S‑REC199,1,0.9956,0,0.002,0,0.9942,1,0,True,LEADING-SIM-V0.1
S‑REC199,2,0.9896,0,0.0413,0,0.996,0,0,True,LEADING-SIM-V0.1
S‑REC199,3,0.9812,0,0.0702,0,0.9993,0,0,True,LEADING-SIM-V0.1
S‑REC199,4,0.9811,0,0.0058,1,0.9963,0,0,True,LEADING-SIM-V0.1
S‑REC199,5,0.981,0,0.003,0,0.9976,0,0,True,LEADING-SIM-V0.1
S‑REC199,6,0.9808,0,0.0464,0,0.998,0,0,True,LEADING-SIM-V0.1
S‑REC199,7,0.9867,0,0.0234,1,0.9976,0,0,True,LEADING-SIM-V0.1
S‑REC199,8,0.9861,0,0.024,0,0.9943,0,0,True,LEADING-SIM-V0.1
S‑REC199,9,0.9817,1,0.1144,1,0.9944,0,0,True,LEADING-SIM-V0.1
S‑REC199,10,0.9894,0,0.0444,0,0.9996,0,0,True,LEADING-SIM-V0.1
S‑REC199,11,0.9825,0,0.0168,1,0.9992,0,0,True,LEADING-SIM-V0.1
S‑REC199,12,0.9795,0,0.0075,3,0.9966,0,0,True,LEADING-SIM-V0.1
S‑REC199,13,0.9811,0,0.0053,0,0.9975,0,0,True,LEADING-SIM-V0.1
S‑REC199,14,0.9832,0,0.0336,2,0.9961,0,0,True,LEADING-SIM-V0.1
S‑REC199,15,0.9752,1,0.0505,0,0.9984,0,0,True,LEADING-SIM-V0.1
S‑REC199,16,0.9777,0,0.1141,0,0.997,0,0,True,LEADING-SIM-V0.1
S‑REC199,17,0.9916,0,0.0486,0,0.9971,0,0,True,LEADING-SIM-V0.1
S‑REC199,18,0.9774,1,0.0196,1,0.9944,0,0,True,LEADING-SIM-V0.1
S‑REC199,19,0.9842,0,0.0373,0,0.9965,0,0,True,LEADING-SIM-V0.1
S‑REC199,20,0.9774,1,0.0304,1,1.0,0,0,True,LEADING-SIM-V0.1
S‑REC199,21,0.9802,1,0.0167,0,0.9979,0,0,True,LEADING-SIM-V0.1
S‑REC199,22,0.982,0,0.0172,0,0.9991,1,0,True,LEADING-SIM-V0.1
S‑REC199,23,0.9877,0,0.0161,1,1.0,0,0,True,LEADING-SIM-V0.1
S‑REC199,24,0.982,0,0.0344,1,0.9993,0,0,True,LEADING-SIM-V0.1
S‑REC199,25,0.9946,0,0.0438,0,0.9961,0,0,True,LEADING-SIM-V0.1
S‑REC199,26,0.9919,0,0.0431,0,0.9946,0,0,True,LEADING-SIM-V0.1
S‑REC199,27,0.9812,0,0.0208,1,0.9992,0,1,True,LEADING-SIM-V0.1
S‑REC199,28,0.9872,0,0.0438,1,0.9947,0,0,True,LEADING-SIM-V0.1
S‑REC199,29,0.9847,0,0.0322,1,0.9949,0,1,True,LEADING-SIM-V0.1
S‑REC199,30,0.9785,0,0.0186,1,0.9958,0,0,True,LEADING-SIM-V0.1
S‑REC199,31,0.9801,1,0.068,0,0.9954,0,0,True,LEADING-SIM-V0.1
S‑REC199,32,0.9895,0,0.0327,0,0.9976,0,0,True,LEADING-SIM-V0.1
S‑REC199,33,0.976,0,0.0555,0,0.9969,0,0,True,LEADING-SIM-V0.1
S‑REC199,34,0.986,0,0.0193,0,0.9984,0,0,True,LEADING-SIM-V0.1
S‑REC199,35,0.9831,0,0.011,0,0.9984,0,0,True,LEADING-SIM-V0.1
S‑REC199,36,0.9983,0,0.0294,0,0.9957,0,0,True,LEADING-SIM-V0.1
S‑REC199,37,0.9938,0,0.0389,1,1.0,0,0,True,LEADING-SIM-V0.1
S‑REC199,38,0.9894,0,0.0546,0,0.9966,0,0,True,LEADING-SIM-V0.1
S‑REC199,39,0.9798,0,0.0075,0,0.9971,0,0,True,LEADING-SIM-V0.1
S‑REC199,40,0.9799,0,0.0042,0,0.9971,0,0,True,LEADING-SIM-V0.1
S‑REC199,41,0.982,0,0.0054,1,0.9972,0,0,True,LEADING-SIM-V0.1
S‑REC199,42,0.9795,0,0.0588,0,0.9998,0,1,True,LEADING-SIM-V0.1
S‑REC199,43,0.9874,0,0.0626,0,0.9969,0,0,True,LEADING-SIM-V0.1
S‑REC199,44,0.9903,0,0.0165,0,0.9958,0,0,True,LEADING-SIM-V0.1
S‑REC199,45,0.9807,0,0.0514,0,0.9972,0,0,True,LEADING-SIM-V0.1
S‑REC199,46,0.9932,0,0.0499,0,0.9958,0,0,True,LEADING-SIM-V0.1
S‑REC199,47,0.9853,0,0.0075,1,0.9966,0,0,True,LEADING-SIM-V0.1
S‑REC199,48,0.9994,0,0.0183,0,0.9982,0,0,True,LEADING-SIM-V0.1
S‑REC199,49,0.9757,0,0.0341,0,0.9967,0,0,True,LEADING-SIM-V0.1
S‑REC199,50,0.9867,0,0.0466,0,0.9949,0,0,True,LEADING-SIM-V0.1
S‑REC199,51,0.9955,0,0.1086,0,0.9944,0,0,True,LEADING-SIM-V0.1
S‑REC199,52,0.9795,0,0.0902,1,0.9976,0,0,True,LEADING-SIM-V0.1
S‑REC200,1,0.9884,0,0.0142,0,0.9976,0,0,True,LEADING-SIM-V0.1
S‑REC200,2,0.9868,0,0.0106,0,0.9966,0,0,True,LEADING-SIM-V0.1
S‑REC200,3,0.9841,0,0.0447,0,0.9967,0,0,True,LEADING-SIM-V0.1
S‑REC200,4,0.9908,0,0.0472,0,0.9967,0,1,True,LEADING-SIM-V0.1
S‑REC200,5,0.9842,0,0.0145,1,0.9964,0,0,True,LEADING-SIM-V0.1
S‑REC200,6,0.99,0,0.0669,1,0.9972,0,0,True,LEADING-SIM-V0.1
S‑REC200,7,0.9935,0,0.0201,0,1.0,0,0,True,LEADING-SIM-V0.1
S‑REC200,8,0.9869,0,0.018,1,0.9977,0,0,True,LEADING-SIM-V0.1
S‑REC200,9,0.9836,0,0.15,0,0.9945,0,0,True,LEADING-SIM-V0.1
S‑REC200,10,0.9868,0,0.0215,0,0.9961,0,0,True,LEADING-SIM-V0.1
S‑REC200,11,0.9794,0,0.0257,0,0.995,0,0,True,LEADING-SIM-V0.1
S‑REC200,12,0.9863,0,0.0278,0,0.9996,0,0,True,LEADING-SIM-V0.1
S‑REC200,13,0.9883,1,0.0032,0,0.9991,0,0,True,LEADING-SIM-V0.1
S‑REC200,14,0.9953,0,0.0139,0,0.9964,0,0,True,LEADING-SIM-V0.1
S‑REC200,15,0.9797,1,0.0442,1,0.9963,0,0,True,LEADING-SIM-V0.1
S‑REC200,16,0.9871,0,0.0246,0,0.9967,0,1,True,LEADING-SIM-V0.1
S‑REC200,17,0.9829,0,0.0054,0,0.9976,0,0,True,LEADING-SIM-V0.1
S‑REC200,18,0.9877,0,0.0147,0,0.9977,0,0,True,LEADING-SIM-V0.1
S‑REC200,19,0.9862,0,0.0132,1,0.9983,0,0,True,LEADING-SIM-V0.1
S‑REC200,20,0.9787,0,0.0299,0,1.0,0,0,True,LEADING-SIM-V0.1
S‑REC200,21,0.9877,0,0.0325,0,0.9974,0,0,True,LEADING-SIM-V0.1
S‑REC200,22,0.9825,0,0.0554,0,0.9981,0,0,True,LEADING-SIM-V0.1
S‑REC200,23,0.9894,0,0.0233,0,0.9965,0,0,True,LEADING-SIM-V0.1
S‑REC200,24,0.9805,0,0.0057,0,0.995,1,0,True,LEADING-SIM-V0.1
S‑REC200,25,0.9832,2,0.042,1,0.9993,0,0,True,LEADING-SIM-V0.1
S‑REC200,26,0.987,1,0.0113,1,0.9959,0,0,True,LEADING-SIM-V0.1
S‑REC200,27,0.9794,0,0.0097,0,0.994,0,0,True,LEADING-SIM-V0.1
S‑REC200,28,0.9944,0,0.0269,0,0.9967,0,0,True,LEADING-SIM-V0.1
S‑REC200,29,0.9858,0,0.0112,1,0.9954,0,0,True,LEADING-SIM-V0.1
S‑REC200,30,0.985,0,0.0217,0,0.9952,0,0,True,LEADING-SIM-V0.1
S‑REC200,31,0.981,0,0.0672,2,0.9976,0,0,True,LEADING-SIM-V0.1
S‑REC200,32,0.9889,0,0.0224,1,0.999,0,0,True,LEADING-SIM-V0.1
S‑REC200,33,0.9831,0,0.0048,1,0.9985,0,0,True,LEADING-SIM-V0.1
S‑REC200,34,0.9761,1,0.0652,0,0.9997,0,0,True,LEADING-SIM-V0.1
S‑REC200,35,0.9855,0,0.0308,0,0.9956,0,0,True,LEADING-SIM-V0.1
S‑REC200,36,0.9905,0,0.0346,1,0.9952,0,0,True,LEADING-SIM-V0.1
S‑REC200,37,0.9712,0,0.0665,0,0.9981,0,0,True,LEADING-SIM-V0.1
S‑REC200,38,0.9805,0,0.0179,1,0.9947,0,0,True,LEADING-SIM-V0.1
S‑REC200,39,0.9809,1,0.1205,1,0.9952,0,0,True,LEADING-SIM-V0.1
S‑REC200,40,0.9878,1,0.0462,0,0.9979,0,0,True,LEADING-SIM-V0.1
S‑REC200,41,0.9941,0,0.0043,0,0.9957,0,0,True,LEADING-SIM-V0.1
S‑REC200,42,0.995,0,0.0259,0,0.9982,0,0,True,LEADING-SIM-V0.1
S‑REC200,43,0.9804,0,0.0169,0,0.9984,0,0,True,LEADING-SIM-V0.1
S‑REC200,44,0.9829,0,0.1033,0,0.9961,0,0,True,LEADING-SIM-V0.1
S‑REC200,45,0.9872,0,0.0205,0,0.997,0,0,True,LEADING-SIM-V0.1
S‑REC200,46,0.9794,0,0.1226,0,0.9958,0,0,True,LEADING-SIM-V0.1
S‑REC200,47,0.9874,0,0.0219,0,0.9991,0,0,True,LEADING-SIM-V0.1
S‑REC200,48,0.9815,0,0.003,0,0.9968,0,0,True,LEADING-SIM-V0.1
S‑REC200,49,0.9886,1,0.0382,0,1.0,0,0,True,LEADING-SIM-V0.1
S‑REC200,50,0.9838,0,0.0013,0,0.9981,0,0,True,LEADING-SIM-V0.1
S‑REC200,51,0.9905,0,0.0004,0,0.9998,0,0,True,LEADING-SIM-V0.1
S‑REC200,52,0.9857,0,0.0169,0,0.9964,0,0,True,LEADING-SIM-V0.1
